datetime,week_idx,is_high_true,is_high_pred,proba_high
2024-10-01 01:00:00,0,0,0,0.4495054483413696
2024-10-01 01:15:00,0,0,0,0.4336375892162323
2024-10-01 01:30:00,0,0,0,0.4530966877937317
2024-10-01 01:45:00,0,0,0,0.4397771656513214
2024-10-01 02:00:00,0,0,0,0.4164844155311584
2024-10-01 02:15:00,0,0,0,0.3819183111190796
2024-10-01 02:30:00,0,0,0,0.3848756849765777
2024-10-01 02:45:00,0,0,0,0.4329815804958343
2024-10-01 03:00:00,0,0,0,0.4522711634635925
2024-10-01 03:15:00,0,0,0,0.4316108524799347
2024-10-01 03:30:00,0,0,0,0.4217649102210998
2024-10-01 03:45:00,0,0,0,0.4450491070747375
2024-10-01 04:00:00,0,0,0,0.4672476649284363
2024-10-01 04:15:00,0,0,0,0.4622561931610107
2024-10-01 04:30:00,0,0,0,0.4886821508407593
2024-10-01 04:45:00,0,0,0,0.4800634086132049
2024-10-01 05:00:00,0,0,0,0.4652320146560669
2024-10-01 05:15:00,0,0,0,0.3886734247207641
2024-10-01 05:30:00,0,0,0,0.3576997518539428
2024-10-01 05:45:00,0,0,0,0.2729458510875702
2024-10-01 06:00:00,0,0,0,0.0370053760707378
2024-10-01 06:15:00,0,0,0,0.0069837388582527
2024-10-01 06:30:00,0,0,0,0.0140729006379842
2024-10-01 06:45:00,0,0,0,0.0201156884431839
2024-10-01 07:00:00,0,0,0,0.0035543860867619
2024-10-01 07:15:00,0,0,0,0.0041798199526965
2024-10-01 07:30:00,0,0,0,0.002547132782638
2024-10-01 07:45:00,0,0,0,0.0024571290705353
2024-10-01 08:00:00,0,0,0,0.0021919857244938
2024-10-01 08:15:00,0,0,0,0.0015649001579731
2024-10-01 08:30:00,0,0,0,0.0015400904230773
2024-10-01 08:45:00,0,0,0,0.00168373726774
2024-10-01 09:00:00,0,0,0,0.0021096463315188
2024-10-01 09:15:00,0,0,0,0.0024718462955206
2024-10-01 09:30:00,0,0,0,0.0019688957836478
2024-10-01 09:45:00,0,0,0,0.0022774320095777
2024-10-01 10:00:00,0,0,0,0.0023863152600824
2024-10-01 10:15:00,0,0,0,0.0022239473182708
2024-10-01 10:30:00,0,0,0,0.0020210803486406
2024-10-01 10:45:00,0,0,0,0.0026144301518797
2024-10-01 11:00:00,0,0,0,0.0025749006308615
2024-10-01 11:15:00,0,0,0,0.0028172587044537
2024-10-01 11:30:00,0,0,0,0.0025415890850126
2024-10-01 11:45:00,0,0,0,0.0021301999222487
2024-10-01 12:00:00,0,0,0,0.0019215088104829
2024-10-01 12:15:00,0,0,0,0.0017321065533906
2024-10-01 12:30:00,0,0,0,0.0017791144782677
2024-10-01 12:45:00,0,0,0,0.0019447579979896
2024-10-01 13:00:00,0,0,0,0.0019102139631286
2024-10-01 13:15:00,0,0,0,0.0020207101479172
2024-10-01 13:30:00,0,0,0,0.0020290308166295
2024-10-01 13:45:00,0,0,0,0.0017244932241737
2024-10-01 14:00:00,0,0,0,0.0019345271866768
2024-10-01 14:15:00,0,0,0,0.0018383738351985
2024-10-01 14:30:00,0,0,0,0.0018034670501947
2024-10-01 14:45:00,0,0,0,0.0018346278229728
2024-10-01 15:00:00,0,0,0,0.0017051136819645
2024-10-01 15:15:00,0,0,0,0.0016583164688199
2024-10-01 15:30:00,0,0,0,0.0016681484412401
2024-10-01 15:45:00,0,0,0,0.001540895900689
2024-10-01 16:00:00,0,0,0,0.001361611415632
2024-10-01 16:15:00,0,0,0,0.0013709194026887
2024-10-01 16:30:00,0,0,0,0.001314386841841
2024-10-01 16:45:00,0,0,0,0.0013955100439488
2024-10-01 17:00:00,0,0,0,0.0013310087379068
2024-10-01 17:15:00,0,0,0,0.0012703988468274
2024-10-01 17:30:00,0,0,0,0.0012664099922403
2024-10-01 17:45:00,0,0,0,0.0013056172756478
2024-10-01 18:00:00,0,0,0,0.0012710167793557
2024-10-01 18:15:00,0,0,0,0.0012810119660571
2024-10-01 18:30:00,0,0,0,0.0012725323904305
2024-10-01 18:45:00,0,0,0,0.0013016768498346
2024-10-01 19:00:00,0,0,0,0.0012718342477455
2024-10-01 19:15:00,0,0,0,0.0013199930544942
2024-10-01 19:30:00,0,0,0,0.0014708071248605
2024-10-01 19:45:00,0,0,0,0.00145636475645
2024-10-01 20:00:00,0,0,0,0.0015401690034195
2024-10-01 20:15:00,0,0,0,0.0014685896458104
2024-10-01 20:30:00,0,0,0,0.001441468601115
2024-10-01 20:45:00,0,0,0,0.0015068157808855
2024-10-01 21:00:00,0,0,0,0.0020896014757454
2024-10-01 21:15:00,0,0,0,0.0017152674263343
2024-10-01 21:30:00,0,0,0,0.002376232529059
2024-10-01 21:45:00,0,0,0,0.0024739515502005
2024-10-01 22:00:00,0,0,0,0.0189278312027454
2024-10-01 22:15:00,0,0,0,0.0037754215300083
2024-10-01 22:30:00,0,0,0,0.0025484256912022
2024-10-01 22:45:00,0,0,0,0.0021780058741569
2024-10-01 23:00:00,0,0,0,0.0042596240527927
2024-10-01 23:15:00,0,0,0,0.00478654820472
2024-10-01 23:30:00,0,0,0,0.0038856556639075
2024-10-01 23:45:00,0,0,0,0.0021232108119875
2024-10-02 00:15:00,0,0,0,0.0019222950795665
2024-10-02 00:30:00,0,0,0,0.0019132236484438
2024-10-02 00:45:00,0,0,0,0.0018311268649995
2024-10-02 01:00:00,0,0,0,0.0017170390347018
2024-10-02 01:15:00,0,0,0,0.0016524081584066
2024-10-02 01:30:00,0,0,0,0.001672658836469
2024-10-02 01:45:00,0,0,0,0.0015040120342746
2024-10-02 02:00:00,0,0,0,0.0018632545834407
2024-10-02 02:15:00,0,0,0,0.0020306683145463
2024-10-02 02:30:00,0,0,0,0.0033453861251473
2024-10-02 02:45:00,0,0,0,0.0059117814525961
2024-10-02 03:00:00,0,0,0,0.0116349132731556
2024-10-02 03:15:00,0,0,0,0.006698680575937
2024-10-02 03:30:00,0,0,0,0.0040816338732838
2024-10-02 03:45:00,0,0,0,0.0027484234888106
2024-10-02 04:00:00,0,0,0,0.0023208805359899
2024-10-02 04:15:00,0,0,0,0.0021686353720724
2024-10-02 04:30:00,0,0,0,0.0018958838190883
2024-10-02 04:45:00,0,0,0,0.0018685981631278
2024-10-02 05:00:00,0,0,0,0.0018040862632915
2024-10-02 05:15:00,0,0,0,0.00177203619387
2024-10-02 05:30:00,0,0,0,0.0016972929006442
2024-10-02 05:45:00,0,0,0,0.0017658278811722
2024-10-02 06:00:00,0,0,0,0.0019553964957594
2024-10-02 06:15:00,0,0,0,0.0017394416499882
2024-10-02 06:30:00,0,0,0,0.0018366657895967
2024-10-02 06:45:00,0,0,0,0.0016170728486031
2024-10-02 07:00:00,0,0,0,0.0017657603602856
2024-10-02 07:15:00,0,0,0,0.0016506141982972
2024-10-02 07:30:00,0,0,0,0.0018429971532896
2024-10-02 07:45:00,0,0,0,0.0015877523692324
2024-10-02 08:00:00,0,0,0,0.0017165007302537
2024-10-02 11:00:00,0,0,0,0.0015004175947979
2024-10-02 11:15:00,0,0,0,0.0016518952324986
2024-10-02 11:30:00,0,0,0,0.0015992581611499
2024-10-02 11:45:00,0,0,0,0.0016041450435295
2024-10-02 12:00:00,0,0,0,0.0015276141930371
2024-10-02 12:15:00,0,0,0,0.0015537403523921
2024-10-02 12:30:00,0,0,0,0.0016188882291316
2024-10-02 12:45:00,0,0,0,0.0017301940824836
2024-10-02 13:00:00,0,0,0,0.0015214722370728
2024-10-02 13:15:00,0,0,0,0.0014942758716642
2024-10-02 13:30:00,0,0,0,0.0014916759682819
2024-10-02 13:45:00,0,0,0,0.0015134968562051
2024-10-02 14:00:00,0,0,0,0.0014214788097888
2024-10-02 14:15:00,0,0,0,0.0015390729531645
2024-10-02 14:30:00,0,0,0,0.0014821692602708
2024-10-02 14:45:00,0,0,0,0.0014271972468122
2024-10-02 15:00:00,0,0,0,0.0013525991234928
2024-10-02 15:15:00,0,0,0,0.0013621654361486
2024-10-02 15:30:00,0,0,0,0.0013374590780586
2024-10-02 15:45:00,0,0,0,0.0013420764589682
2024-10-02 16:00:00,0,0,0,0.0013541248627007
2024-10-02 16:15:00,0,0,0,0.0013343488099053
2024-10-02 16:30:00,0,0,0,0.0013640252873301
2024-10-02 16:45:00,0,0,0,0.0014160448918119
2024-10-02 17:00:00,0,0,0,0.0014189127832651
2024-10-02 17:15:00,0,0,0,0.0014553748769685
2024-10-02 17:30:00,0,0,0,0.0016436480218544
2024-10-02 17:45:00,0,0,0,0.0015097535215318
2024-10-02 18:00:00,0,0,0,0.0017812523292377
2024-10-02 18:15:00,0,0,0,0.0019289492629468
2024-10-02 18:30:00,0,0,0,0.0034648610744625
2024-10-02 18:45:00,0,0,0,0.0073394160717725
2024-10-02 19:00:00,0,0,0,0.0054582641460001
2024-10-02 19:15:00,0,0,0,0.0067836227826774
2024-10-02 19:30:00,0,0,0,0.2941706776618957
2024-10-02 19:45:00,0,0,0,0.4766206741333008
2024-10-02 20:00:00,0,1,1,0.5586035847663879
2024-10-02 20:15:00,0,1,0,0.4859605729579925
2024-10-02 20:30:00,0,1,0,0.4922029376029968
2024-10-02 20:45:00,0,1,0,0.3626930713653564
2024-10-02 21:00:00,0,0,0,0.1093473061919212
2024-10-02 21:15:00,0,1,1,0.4984090924263
2024-10-02 21:30:00,0,1,1,0.6373823285102844
2024-10-02 21:45:00,0,1,1,0.8802220821380615
2024-10-02 22:00:00,0,1,1,0.8359964489936829
2024-10-02 22:15:00,0,1,1,0.8712303042411804
2024-10-02 22:30:00,0,1,1,0.8215023875236511
2024-10-02 22:45:00,0,1,1,0.7761072516441345
2024-10-02 23:00:00,0,1,1,0.8565270304679871
2024-10-02 23:15:00,0,1,1,0.8324357271194458
2024-10-02 23:30:00,0,1,1,0.8758164048194885
2024-10-02 23:45:00,0,1,1,0.8837303519248962
2024-10-03 00:15:00,0,1,1,0.8887451887130737
2024-10-03 00:30:00,0,1,1,0.888546347618103
2024-10-03 00:45:00,0,1,1,0.8872630596160889
2024-10-03 01:00:00,0,1,1,0.8908075094223022
2024-10-03 01:15:00,0,1,1,0.8945181965827942
2024-10-03 01:30:00,0,1,1,0.884207546710968
2024-10-03 01:45:00,0,1,1,0.8825697898864746
2024-10-03 02:00:00,0,1,1,0.8822236061096191
2024-10-03 02:15:00,0,1,1,0.8775777816772461
2024-10-03 02:30:00,0,1,1,0.8907628059387207
2024-10-03 02:45:00,0,1,1,0.8778291344642639
2024-10-03 03:00:00,0,1,1,0.8865551352500916
2024-10-03 03:15:00,0,1,1,0.8885403275489807
2024-10-03 03:30:00,0,1,1,0.8898512125015259
2024-10-03 03:45:00,0,1,1,0.8843607902526855
2024-10-03 04:00:00,0,1,1,0.8824085593223572
2024-10-03 04:15:00,0,1,1,0.875689685344696
2024-10-03 04:30:00,0,1,1,0.856304943561554
2024-10-03 04:45:00,0,1,1,0.8766189813613892
2024-10-03 05:00:00,0,1,1,0.8790906071662903
2024-10-03 05:15:00,0,1,1,0.8797890543937683
2024-10-03 05:30:00,0,1,1,0.7980455756187439
2024-10-03 05:45:00,0,1,1,0.8390824198722839
2024-10-03 06:00:00,0,1,1,0.8278020024299622
2024-10-03 06:15:00,0,1,1,0.8806794285774231
2024-10-03 06:30:00,0,1,1,0.8888629674911499
2024-10-03 06:45:00,0,1,1,0.8371451497077942
2024-10-03 07:00:00,0,1,1,0.7044087648391724
2024-10-03 07:15:00,0,1,1,0.6018247008323669
2024-10-03 07:30:00,0,1,1,0.5785706043243408
2024-10-03 07:45:00,0,1,1,0.5763274431228638
2024-10-03 08:00:00,0,0,1,0.513780951499939
2024-10-03 08:15:00,0,0,0,0.4200809001922607
2024-10-03 08:30:00,0,0,0,0.4065274894237518
2024-10-03 08:45:00,0,0,0,0.3251550197601318
2024-10-03 09:00:00,0,0,0,0.2582862377166748
2024-10-03 09:15:00,0,0,0,0.0656996965408325
2024-10-03 09:30:00,0,0,0,0.0085546700283885
2024-10-03 11:00:00,0,0,0,0.0050188512541353
2024-10-03 11:15:00,0,0,0,0.002771986881271
2024-10-03 11:30:00,0,0,0,0.0023072895128279
2024-10-03 11:45:00,0,0,0,0.0021618811879307
2024-10-03 12:00:00,0,0,0,0.0018736507045105
2024-10-03 12:15:00,0,0,0,0.0018282688688486
2024-10-03 12:30:00,0,0,0,0.0016300552524626
2024-10-03 12:45:00,0,0,0,0.0017287520458921
2024-10-03 13:00:00,0,0,0,0.0014847593847662
2024-10-03 13:15:00,0,0,0,0.0015539339510723
2024-10-03 13:30:00,0,0,0,0.0013778504217043
2024-10-03 13:45:00,0,0,0,0.0013371043605729
2024-10-03 14:00:00,0,0,0,0.0013545100810006
2024-10-03 14:15:00,0,0,0,0.0013710473431274
2024-10-03 14:30:00,0,0,0,0.001314217923209
2024-10-03 14:45:00,0,0,0,0.0014177826233208
2024-10-03 15:00:00,0,0,0,0.0014459282392635
2024-10-03 15:15:00,0,0,0,0.0012723894324153
2024-10-03 15:30:00,0,0,0,0.0012982154730707
2024-10-03 15:45:00,0,0,0,0.0012880964204668
2024-10-03 16:00:00,0,0,0,0.0013456284068524
2024-10-03 16:15:00,0,0,0,0.0016296551330015
2024-10-03 16:30:00,0,0,0,0.0017283577471971
2024-10-03 16:45:00,0,0,0,0.0016197853256016
2024-10-03 17:00:00,0,0,0,0.0018653708975762
2024-10-03 17:15:00,0,0,0,0.0019772567320615
2024-10-03 17:30:00,0,0,0,0.001863433397375
2024-10-03 17:45:00,0,0,0,0.0023648999631404
2024-10-03 18:00:00,0,0,0,0.0037862088065594
2024-10-03 18:15:00,0,0,1,0.4980683028697967
2024-10-03 18:30:00,0,1,1,0.5675818920135498
2024-10-03 18:45:00,0,1,1,0.7339112758636475
2024-10-03 19:00:00,0,1,1,0.8709967732429504
2024-10-03 19:15:00,0,1,1,0.8260251879692078
2024-10-03 19:30:00,0,1,1,0.5529595017433167
2024-10-03 19:45:00,0,1,1,0.6832929253578186
2024-10-03 20:00:00,0,1,1,0.6757301092147827
2024-10-03 20:15:00,0,0,0,0.3570581972599029
2024-10-03 20:30:00,0,0,0,0.1322778612375259
2024-10-03 20:45:00,0,0,0,0.0562456138432025
2024-10-03 21:00:00,0,0,0,0.0116288913413882
2024-10-03 21:15:00,0,0,0,0.0090937661007046
2024-10-03 21:30:00,0,0,0,0.0040584453381598
2024-10-03 21:45:00,0,0,0,0.0017987347673624
2024-10-03 22:00:00,0,0,0,0.0017627632478252
2024-10-03 22:15:00,0,0,0,0.0014662658795714
2024-10-03 22:30:00,0,0,0,0.002270201453939
2024-10-03 22:45:00,0,0,0,0.0019335459219291
2024-10-03 23:00:00,0,0,0,0.0017407833365723
2024-10-03 23:15:00,0,0,0,0.0013215383514761
2024-10-03 23:30:00,0,0,0,0.001263098558411
2024-10-03 23:45:00,0,0,0,0.0012818567920476
2024-10-04 00:15:00,0,0,0,0.0012710990849882
2024-10-04 00:30:00,0,0,0,0.0013799341395497
2024-10-04 00:45:00,0,0,0,0.009041748009622
2024-10-04 01:00:00,0,0,0,0.3074227571487427
2024-10-04 01:15:00,0,0,0,0.4246519207954407
2024-10-04 01:30:00,0,0,0,0.1802442371845245
2024-10-04 01:45:00,0,0,0,0.0263706222176551
2024-10-04 02:00:00,0,0,0,0.0150563446804881
2024-10-04 02:15:00,0,0,0,0.0084662614390254
2024-10-04 02:30:00,0,0,0,0.0062376935966312
2024-10-04 02:45:00,0,0,0,0.0050841895863413
2024-10-04 03:00:00,0,0,0,0.4567348062992096
2024-10-04 03:15:00,0,0,1,0.4977566301822662
2024-10-04 03:30:00,0,0,1,0.6627844572067261
2024-10-04 03:45:00,0,0,1,0.6920711994171143
2024-10-04 04:00:00,0,0,1,0.6452076435089111
2024-10-04 04:15:00,0,0,1,0.6147648692131042
2024-10-04 04:30:00,0,0,1,0.6424846649169922
2024-10-04 04:45:00,0,0,1,0.6780511140823364
2024-10-04 05:00:00,0,0,1,0.7897542119026184
2024-10-04 05:15:00,0,0,1,0.7656785249710083
2024-10-04 05:30:00,0,0,1,0.8379485011100769
2024-10-04 05:45:00,0,0,1,0.7570436000823975
2024-10-04 06:00:00,0,1,1,0.8387405872344971
2024-10-04 06:15:00,0,1,1,0.8692091703414917
2024-10-04 06:30:00,0,1,1,0.8440449237823486
2024-10-04 06:45:00,0,1,1,0.8065993189811707
2024-10-04 07:00:00,0,1,1,0.8385553956031799
2024-10-04 07:15:00,0,1,1,0.7797208428382874
2024-10-04 07:30:00,0,1,1,0.7437340617179871
2024-10-04 07:45:00,0,0,1,0.5312822461128235
2024-10-04 08:00:00,0,0,0,0.333900898694992
2024-10-04 08:15:00,0,0,0,0.0818680599331855
2024-10-04 08:30:00,0,0,0,0.0229245014488697
2024-10-04 08:45:00,0,0,0,0.0081702228635549
2024-10-04 09:00:00,0,0,0,0.002978345612064
2024-10-04 09:15:00,0,0,0,0.0021254415623843
2024-10-04 09:30:00,0,0,0,0.0020200365688651
2024-10-04 09:45:00,0,0,0,0.0017762795323505
2024-10-04 10:00:00,0,0,0,0.0016452693380415
2024-10-04 10:15:00,0,0,0,0.0016453156713396
2024-10-04 10:30:00,0,0,0,0.0021971657406538
2024-10-04 10:45:00,0,0,0,0.0021194177679717
2024-10-04 11:00:00,0,0,0,0.002170450054109
2024-10-04 11:15:00,0,0,0,0.0025661904364824
2024-10-04 11:30:00,0,0,0,0.0018827337771654
2024-10-04 11:45:00,0,0,0,0.0016318751731887
2024-10-04 12:00:00,0,0,0,0.0017758246976882
2024-10-04 12:15:00,0,0,0,0.0015167708043009
2024-10-04 12:30:00,0,0,0,0.0015977778239175
2024-10-04 12:45:00,0,0,0,0.0016281410353258
2024-10-04 13:00:00,0,0,0,0.001491914386861
2024-10-04 13:15:00,0,0,0,0.0014153425581753
2024-10-04 13:30:00,0,0,0,0.0013975033070892
2024-10-04 13:45:00,0,0,0,0.0013292662333697
2024-10-04 14:00:00,0,0,0,0.0014561323914676
2024-10-04 14:15:00,0,0,0,0.0013284448068588
2024-10-04 14:30:00,0,0,0,0.0013878366444259
2024-10-04 14:45:00,0,0,0,0.0013522199587896
2024-10-04 15:00:00,0,0,0,0.0012996043078601
2024-10-04 15:15:00,0,0,0,0.0012189850676804
2024-10-04 15:30:00,0,0,0,0.0012410095660015
2024-10-04 15:45:00,0,0,0,0.0012834829976782
2024-10-04 16:00:00,0,0,0,0.0012397816171869
2024-10-04 16:15:00,0,0,0,0.0012371486518532
2024-10-04 16:30:00,0,0,0,0.0012199147604405
2024-10-04 16:45:00,0,0,0,0.0012247276026755
2024-10-04 17:00:00,0,0,0,0.0011860399972647
2024-10-04 17:15:00,0,0,0,0.0011809957213699
2024-10-04 17:30:00,0,0,0,0.0012296100612729
2024-10-04 17:45:00,0,0,0,0.001258906093426
2024-10-04 18:00:00,0,0,0,0.0018183439970016
2024-10-04 18:15:00,0,0,0,0.0016132052987813
2024-10-04 18:30:00,0,0,0,0.0023349167313426
2024-10-04 18:45:00,0,0,0,0.002070200163871
2024-10-04 19:00:00,0,0,0,0.0030489955097436
2024-10-04 19:15:00,0,0,0,0.0041579795069992
2024-10-04 19:30:00,0,0,0,0.0026514211203902
2024-10-04 19:45:00,0,0,0,0.0018874077359214
2024-10-04 20:00:00,0,0,0,0.0018465075409039
2024-10-04 20:15:00,0,0,0,0.0016868656966835
2024-10-04 20:30:00,0,0,0,0.0015936272684484
2024-10-04 20:45:00,0,0,0,0.001677825464867
2024-10-04 21:00:00,0,0,0,0.0015465982723981
2024-10-04 21:15:00,0,0,0,0.0749131441116333
2024-10-04 21:30:00,0,0,0,0.0145096592605113
2024-10-04 21:45:00,0,0,0,0.0054830024018883
2024-10-04 22:00:00,0,0,0,0.0085782343521714
2024-10-04 22:15:00,0,0,0,0.0020207688212394
2024-10-04 22:30:00,0,0,0,0.0017066086875274
2024-10-04 22:45:00,0,0,0,0.0012422036379575
2024-10-04 23:00:00,0,0,0,0.0011779044289141
2024-10-04 23:15:00,0,0,0,0.0012219481868669
2024-10-04 23:30:00,0,0,0,0.0011478499509394
2024-10-04 23:45:00,0,0,0,0.0010521191870793
2024-10-05 00:15:00,0,0,0,0.0010672627249732
2024-10-05 00:30:00,0,0,0,0.001102908863686
2024-10-05 00:45:00,0,0,0,0.0011086777085438
2024-10-05 01:00:00,0,0,0,0.0010726681211963
2024-10-05 01:15:00,0,0,0,0.0011510179610922
2024-10-05 01:30:00,0,0,0,0.0012804992729797
2024-10-05 01:45:00,0,0,0,0.0014382011722773
2024-10-05 02:00:00,0,0,0,0.0012426297180354
2024-10-05 02:15:00,0,0,0,0.0012419450795277
2024-10-05 02:30:00,0,0,0,0.0013382260221987
2024-10-05 02:45:00,0,0,0,0.0015081533929333
2024-10-05 03:00:00,0,0,0,0.0015904869651421
2024-10-05 03:15:00,0,0,0,0.0021115008275955
2024-10-05 03:30:00,0,0,0,0.001885279896669
2024-10-05 03:45:00,0,0,0,0.0014125666348263
2024-10-05 04:00:00,0,0,0,0.0014444276457652
2024-10-05 04:15:00,0,0,0,0.0016042214119806
2024-10-05 04:30:00,0,0,0,0.0015942581230774
2024-10-05 04:45:00,0,0,0,0.0015618931502103
2024-10-05 05:00:00,0,0,0,0.001491395290941
2024-10-05 05:15:00,0,0,0,0.0014540229458361
2024-10-05 05:30:00,0,0,0,0.0012732913019135
2024-10-05 05:45:00,0,0,0,0.0013042924692854
2024-10-05 06:00:00,0,0,0,0.001369620906189
2024-10-05 06:15:00,0,0,0,0.0013151746243238
2024-10-05 06:30:00,0,0,0,0.001280739204958
2024-10-05 06:45:00,0,0,0,0.0013773643877357
2024-10-05 07:00:00,0,0,0,0.0013587059220299
2024-10-05 07:15:00,0,0,0,0.0012932718964293
2024-10-05 07:30:00,0,0,0,0.0012868135236203
2024-10-05 07:45:00,0,0,0,0.0014102282002568
2024-10-05 08:00:00,0,0,0,0.0012457723496481
2024-10-05 08:15:00,0,0,0,0.0012906503397971
2024-10-05 08:30:00,0,0,0,0.0013155239867046
2024-10-05 08:45:00,0,0,0,0.0014510962646454
2024-10-05 09:00:00,0,0,0,0.0015563681954517
2024-10-05 09:15:00,0,0,0,0.0016258535906672
2024-10-05 09:30:00,0,0,0,0.0016147397691383
2024-10-05 09:45:00,0,0,0,0.0016957686748355
2024-10-05 10:00:00,0,0,0,0.0015322036342695
2024-10-05 10:15:00,0,0,0,0.0016093010781332
2024-10-05 10:30:00,0,0,0,0.0014733804855495
2024-10-05 10:45:00,0,0,0,0.0013376784045249
2024-10-05 11:00:00,0,0,0,0.0013095736503601
2024-10-05 11:15:00,0,0,0,0.0014033938059583
2024-10-05 11:30:00,0,0,0,0.001337521825917
2024-10-05 11:45:00,0,0,0,0.0013527827104553
2024-10-05 12:00:00,0,0,0,0.0013403684133663
2024-10-05 12:15:00,0,0,0,0.0013501234352588
2024-10-05 12:30:00,0,0,0,0.0013557965867221
2024-10-05 12:45:00,0,0,0,0.0013188528828322
2024-10-05 13:00:00,0,0,0,0.0014087874442338
2024-10-05 13:15:00,0,0,0,0.001429783180356
2024-10-05 13:30:00,0,0,0,0.0013930456480011
2024-10-05 13:45:00,0,0,0,0.001318591996096
2024-10-05 14:00:00,0,0,0,0.001303611556068
2024-10-05 14:15:00,0,0,0,0.0013147600693628
2024-10-05 14:30:00,0,0,0,0.0012655255850404
2024-10-05 14:45:00,0,0,0,0.001330631552264
2024-10-05 15:00:00,0,0,0,0.0012811108026653
2024-10-05 15:15:00,0,0,0,0.0013721333816647
2024-10-05 15:30:00,0,0,0,0.0013235541991889
2024-10-05 15:45:00,0,0,0,0.0013410041574388
2024-10-05 16:00:00,0,0,0,0.0012489770306274
2024-10-05 16:15:00,0,0,0,0.0013023292412981
2024-10-05 16:30:00,0,0,0,0.0014650835655629
2024-10-05 16:45:00,0,0,0,0.0014075970975682
2024-10-05 17:00:00,0,0,0,0.001358974026516
2024-10-05 17:15:00,0,0,0,0.0012889534700661
2024-10-05 17:30:00,0,0,0,0.0012560770846903
2024-10-05 17:45:00,0,0,0,0.0012133441632613
2024-10-05 18:00:00,0,0,0,0.001243112492375
2024-10-05 18:15:00,0,0,0,0.0012206657556816
2024-10-05 18:30:00,0,0,0,0.0012145723449066
2024-10-05 18:45:00,0,0,0,0.0012061463203281
2024-10-05 19:00:00,0,0,0,0.0011894732015207
2024-10-05 19:15:00,0,0,0,0.0011658205185085
2024-10-05 19:30:00,0,0,0,0.0012313808547332
2024-10-05 19:45:00,0,0,0,0.0013325173640623
2024-10-05 20:00:00,0,0,0,0.001397379906848
2024-10-05 20:15:00,0,0,0,0.0013660308904945
2024-10-05 20:30:00,0,0,0,0.001361534348689
2024-10-05 20:45:00,0,0,0,0.0015233068261295
2024-10-05 21:00:00,0,0,0,0.0016138382488861
2024-10-05 21:15:00,0,0,0,0.0015785748837515
2024-10-05 21:30:00,0,0,0,0.0015621450729668
2024-10-05 21:45:00,0,0,0,0.001659172703512
2024-10-05 22:00:00,0,0,0,0.0016614079941064
2024-10-05 22:15:00,0,0,0,0.0016561594093218
2024-10-05 22:30:00,0,0,0,0.001518829492852
2024-10-05 22:45:00,0,0,0,0.0015536919236183
2024-10-05 23:00:00,0,0,0,0.0015569443348795
2024-10-05 23:15:00,0,0,0,0.0016670412151142
2024-10-05 23:30:00,0,0,0,0.001725563313812
2024-10-05 23:45:00,0,0,0,0.0016773412935435
2024-10-06 00:15:00,0,0,0,0.0017995500238612
2024-10-06 00:30:00,0,0,0,0.0014859320363029
2024-10-06 00:45:00,0,0,0,0.0013580862432718
2024-10-06 01:00:00,0,0,0,0.0013799653388559
2024-10-06 01:15:00,0,0,0,0.0013920681085437
2024-10-06 01:30:00,0,0,0,0.0015993403503671
2024-10-06 01:45:00,0,0,0,0.0016491542337462
2024-10-06 02:00:00,0,0,0,0.0015510461525991
2024-10-06 02:15:00,0,0,0,0.0014721232000738
2024-10-06 02:30:00,0,0,0,0.0017300137551501
2024-10-06 02:45:00,0,0,0,0.0017778055043891
2024-10-06 03:00:00,0,0,0,0.0017964760772883
2024-10-06 03:15:00,0,0,0,0.0017713335109874
2024-10-06 03:30:00,0,0,0,0.0015696566551923
2024-10-06 03:45:00,0,0,0,0.0015156810404732
2024-10-06 04:00:00,0,0,0,0.0015176816377788
2024-10-06 04:15:00,0,0,0,0.0015372930793091
2024-10-06 04:30:00,0,0,0,0.0015313763869926
2024-10-06 04:45:00,0,0,0,0.001760566025041
2024-10-06 05:00:00,0,0,0,0.0017556868260726
2024-10-06 05:15:00,0,0,0,0.0015979050658643
2024-10-06 05:30:00,0,0,0,0.0016358771827071
2024-10-06 05:45:00,0,0,0,0.0017977261450141
2024-10-06 06:00:00,0,0,0,0.0016471272101625
2024-10-06 06:15:00,0,0,0,0.0015476790722459
2024-10-06 06:30:00,0,0,0,0.0016158403595909
2024-10-06 06:45:00,0,0,0,0.0015521683963015
2024-10-06 07:00:00,0,0,0,0.0016045392258092
2024-10-06 07:15:00,0,0,0,0.0016570483567193
2024-10-06 07:30:00,0,0,0,0.0015773405320942
2024-10-06 07:45:00,0,0,0,0.0017691052053123
2024-10-06 08:00:00,0,0,0,0.001610203878954
2024-10-06 08:15:00,0,0,0,0.0016378363361582
2024-10-06 08:30:00,0,0,0,0.0015161621849983
2024-10-06 08:45:00,0,0,0,0.0013796522980555
2024-10-06 09:00:00,0,0,0,0.0013665384612977
2024-10-06 09:15:00,0,0,0,0.0014875283231958
2024-10-06 09:30:00,0,0,0,0.0013598068617284
2024-10-06 09:45:00,0,0,0,0.0013904937077313
2024-10-06 10:00:00,0,0,0,0.0013114947360008
2024-10-06 10:15:00,0,0,0,0.0012824865989387
2024-10-06 10:30:00,0,0,0,0.0013820951571688
2024-10-06 10:45:00,0,0,0,0.0012837619287893
2024-10-06 11:00:00,0,0,0,0.0012497897259891
2024-10-06 11:15:00,0,0,0,0.0012485127663239
2024-10-06 11:30:00,0,0,0,0.0012699090875685
2024-10-06 11:45:00,0,0,0,0.0012754884082823
2024-10-06 12:00:00,0,0,0,0.0013696063542738
2024-10-06 12:15:00,0,0,0,0.0014072095509618
2024-10-06 12:30:00,0,0,0,0.0014794061426073
2024-10-06 12:45:00,0,0,0,0.0014569862978532
2024-10-06 13:00:00,0,0,0,0.0015040112193673
2024-10-06 13:15:00,0,0,0,0.0015037566190585
2024-10-06 13:30:00,0,0,0,0.0015005145687609
2024-10-06 13:45:00,0,0,0,0.0014399723149836
2024-10-06 14:00:00,0,0,0,0.0014680516906082
2024-10-06 14:15:00,0,0,0,0.0013867672532796
2024-10-06 14:30:00,0,0,0,0.0014019332593306
2024-10-06 14:45:00,0,0,0,0.0014052065089344
2024-10-06 15:00:00,0,0,0,0.0014283554628491
2024-10-06 15:15:00,0,0,0,0.0013122597010806
2024-10-06 15:30:00,0,0,0,0.0012652300065383
2024-10-06 15:45:00,0,0,0,0.001286984886974
2024-10-06 16:00:00,0,0,0,0.0012570228427648
2024-10-06 16:15:00,0,0,0,0.0012581662740558
2024-10-06 16:30:00,0,0,0,0.0012578263413161
2024-10-06 16:45:00,0,0,0,0.0013048768742009
2024-10-06 17:00:00,0,0,0,0.0012767935404554
2024-10-06 17:15:00,0,0,0,0.0012836254900321
2024-10-06 17:30:00,0,0,0,0.0012549815000966
2024-10-06 17:45:00,0,0,0,0.001243871403858
2024-10-06 18:00:00,0,0,0,0.001173302065581
2024-10-06 18:15:00,0,0,0,0.0012177963508293
2024-10-06 18:30:00,0,0,0,0.0011691679246723
2024-10-06 18:45:00,0,0,0,0.0011810251744464
2024-10-06 19:00:00,0,0,0,0.0011940009426325
2024-10-06 19:15:00,0,0,0,0.0011820814106613
2024-10-06 19:30:00,0,0,0,0.0011692236876115
2024-10-06 19:45:00,0,0,0,0.00116768036969
2024-10-06 20:00:00,0,0,0,0.0011923457495868
2024-10-06 20:15:00,0,0,0,0.0012266049161553
2024-10-06 20:30:00,0,0,0,0.0013571084709838
2024-10-06 20:45:00,0,0,0,0.0030250148847699
2024-10-06 21:00:00,0,0,0,0.0062221153639256
2024-10-06 21:15:00,0,0,0,0.0116186356171965
2024-10-06 21:30:00,0,0,0,0.003920504823327
2024-10-06 21:45:00,0,0,0,0.0021892695222049
2024-10-06 22:00:00,0,0,0,0.0016321828588843
2024-10-06 22:15:00,0,0,0,0.0014107208698987
2024-10-06 22:30:00,0,0,0,0.0014296573353931
2024-10-06 22:45:00,0,0,0,0.001811875263229
2024-10-06 23:00:00,0,0,0,0.0014832536689937
2024-10-06 23:15:00,0,0,0,0.0013498207554221
2024-10-06 23:30:00,0,0,0,0.0013645683648064
2024-10-06 23:45:00,0,0,0,0.0015603466890752
2024-10-07 00:15:00,0,0,0,0.001595091423951
2024-10-07 00:30:00,0,0,0,0.0015309244627133
2024-10-07 00:45:00,0,0,0,0.0014046186115592
2024-10-07 01:00:00,0,0,0,0.0013229920295998
2024-10-07 01:15:00,0,0,0,0.0012385011650621
2024-10-07 01:30:00,0,0,0,0.0015003005973994
2024-10-07 01:45:00,0,0,0,0.0015709027647972
2024-10-07 02:00:00,0,0,0,0.0013882081257179
2024-10-07 02:15:00,0,0,0,0.0016135518671944
2024-10-07 02:30:00,0,0,0,0.0014809393323957
2024-10-07 02:45:00,0,0,0,0.0013723283773288
2024-10-07 03:00:00,0,0,0,0.0017802064539864
2024-10-07 03:15:00,0,0,0,0.0015996056608855
2024-10-07 03:30:00,0,0,0,0.0014963175635784
2024-10-07 03:45:00,0,0,0,0.0015508718788623
2024-10-07 04:00:00,0,0,0,0.0013744101161137
2024-10-07 04:15:00,0,0,0,0.0012771236943081
2024-10-07 04:30:00,0,0,0,0.001300502452068
2024-10-07 04:45:00,0,0,0,0.0013392579276114
2024-10-07 05:00:00,0,0,0,0.0013111599255353
2024-10-07 05:15:00,0,0,0,0.0014018737711012
2024-10-07 05:30:00,0,0,0,0.0012548110680654
2024-10-07 05:45:00,0,0,0,0.0013815382262691
2024-10-07 06:00:00,0,0,0,0.0013304331805557
2024-10-07 06:15:00,0,0,0,0.0013693075161427
2024-10-07 06:30:00,0,0,0,0.0012232863809913
2024-10-07 06:45:00,0,0,0,0.0013108274433761
2024-10-07 07:00:00,0,0,0,0.0013156662462279
2024-10-07 07:15:00,0,0,0,0.0012863803422078
2024-10-07 07:30:00,0,0,0,0.0013428151141852
2024-10-07 07:45:00,0,0,0,0.0013925853418186
2024-10-07 08:00:00,0,0,0,0.0013725816970691
2024-10-07 08:15:00,0,0,0,0.0014013949548825
2024-10-07 08:30:00,0,0,0,0.0014528589090332
2024-10-07 08:45:00,0,0,0,0.001486788270995
2024-10-07 09:00:00,0,0,0,0.0014263625489547
2024-10-07 09:15:00,0,0,0,0.0014067026786506
2024-10-07 09:30:00,0,0,0,0.0013850043760612
2024-10-07 09:45:00,0,0,0,0.0013299131533131
2024-10-07 10:00:00,0,0,0,0.0013565220870077
2024-10-07 10:15:00,0,0,0,0.0013373303227126
2024-10-07 10:30:00,0,0,0,0.0013392351102083
2024-10-07 10:45:00,0,0,0,0.0013423761120066
2024-10-07 11:00:00,0,0,0,0.0012728081783279
2024-10-07 11:15:00,0,0,0,0.0013087402330711
2024-10-07 11:30:00,0,0,0,0.001353406580165
2024-10-07 11:45:00,0,0,0,0.0013284876476973
2024-10-07 12:00:00,0,0,0,0.0013607526198029
2024-10-07 12:15:00,0,0,0,0.001365068834275
2024-10-07 12:30:00,0,0,0,0.0013820400927215
2024-10-07 12:45:00,0,0,0,0.0014071299228817
2024-10-07 13:00:00,0,0,0,0.0013728359481319
2024-10-07 13:15:00,0,0,0,0.0014839739305898
2024-10-07 13:30:00,0,0,0,0.0014344824012368
2024-10-07 13:45:00,0,0,0,0.0014713410055264
2024-10-07 14:00:00,0,0,0,0.0014468281297013
2024-10-07 14:15:00,0,0,0,0.0014616858679801
2024-10-07 14:30:00,0,0,0,0.0013883796054869
2024-10-07 14:45:00,0,0,0,0.0013711603824049
2024-10-07 15:00:00,0,0,0,0.0014454906340688
2024-10-07 15:15:00,0,0,0,0.0013697649119421
2024-10-07 15:30:00,0,0,0,0.0013740555150434
2024-10-07 15:45:00,0,0,0,0.0013614650815725
2024-10-07 16:00:00,0,0,0,0.0013619353994727
2024-10-07 16:15:00,0,0,0,0.0013436439912766
2024-10-07 16:30:00,0,0,0,0.0013563917018473
2024-10-07 16:45:00,0,0,0,0.0013385028578341
2024-10-07 17:00:00,0,0,0,0.0017566407332196
2024-10-07 17:15:00,0,0,0,0.0021051145158708
2024-10-07 17:30:00,0,0,0,0.0016478449106216
2024-10-07 17:45:00,0,0,0,0.00134363619145
2024-10-07 18:00:00,0,0,0,0.001266190665774
2024-10-07 18:15:00,0,0,0,0.0012246159603819
2024-10-07 18:30:00,0,0,0,0.0011684140190482
2024-10-07 18:45:00,0,0,0,0.0011982868891209
2024-10-07 19:00:00,0,0,0,0.0013735226821154
2024-10-07 19:15:00,0,0,0,0.0011605606414377
2024-10-07 19:30:00,0,0,0,0.0011362846707925
2024-10-07 19:45:00,0,0,0,0.0012210595887154
2024-10-07 20:00:00,0,0,0,0.0011831450974568
2024-10-07 20:15:00,0,0,0,0.0011925741564482
2024-10-07 20:30:00,0,0,0,0.0012084629852324
2024-10-07 20:45:00,0,0,0,0.0013201407855376
2024-10-07 21:00:00,0,0,0,0.0013688494218513
2024-10-07 21:15:00,0,0,0,0.0013177018845453
2024-10-07 21:30:00,0,0,0,0.0011657805880531
2024-10-07 21:45:00,0,0,0,0.001141378073953
2024-10-07 22:00:00,0,0,0,0.0011302523780614
2024-10-07 22:15:00,0,0,0,0.0011484785936772
2024-10-07 22:30:00,0,0,0,0.0011403198586776
2024-10-07 22:45:00,0,0,0,0.0011173115344718
2024-10-07 23:00:00,0,0,0,0.0011254495475441
2024-10-07 23:15:00,0,0,0,0.0011523131979629
2024-10-07 23:30:00,0,0,0,0.0011986212339252
2024-10-07 23:45:00,0,0,0,0.0012372074415907
2024-10-08 01:00:00,1,0,0,0.0016636863583698
2024-10-08 01:15:00,1,0,0,0.001829472836107
2024-10-08 01:30:00,1,0,0,0.0018705773400142
2024-10-08 01:45:00,1,0,0,0.0019123419187963
2024-10-08 02:00:00,1,0,0,0.0017068958841264
2024-10-08 02:15:00,1,0,0,0.0016519681084901
2024-10-08 02:30:00,1,0,0,0.0016707278555259
2024-10-08 02:45:00,1,0,0,0.0015440913848578
2024-10-08 03:00:00,1,0,0,0.0018022602889686
2024-10-08 03:15:00,1,0,0,0.001627919380553
2024-10-08 03:30:00,1,0,0,0.0015201735077425
2024-10-08 03:45:00,1,0,0,0.001448486931622
2024-10-08 04:00:00,1,0,0,0.0016400972381234
2024-10-08 04:15:00,1,0,0,0.0017826710827648
2024-10-08 04:30:00,1,0,0,0.0021170007530599
2024-10-08 04:45:00,1,0,0,0.002104417188093
2024-10-08 05:00:00,1,0,0,0.0020046411082148
2024-10-08 05:15:00,1,0,0,0.0022565093822777
2024-10-08 05:30:00,1,0,0,0.0016665131552144
2024-10-08 05:45:00,1,0,0,0.0017280019819736
2024-10-08 06:00:00,1,0,0,0.0017297188751399
2024-10-08 06:15:00,1,0,0,0.0016327706398442
2024-10-08 06:30:00,1,0,0,0.0021400372497737
2024-10-08 06:45:00,1,0,0,0.0020555481314659
2024-10-08 07:00:00,1,0,0,0.0021896255202591
2024-10-08 07:15:00,1,0,0,0.0020249658264219
2024-10-08 07:30:00,1,0,0,0.0022182553075253
2024-10-08 07:45:00,1,0,0,0.0024722358211874
2024-10-08 08:00:00,1,0,0,0.0022091909777373
2024-10-08 08:15:00,1,0,0,0.0021951072849333
2024-10-08 08:30:00,1,0,0,0.0022260802797973
2024-10-08 08:45:00,1,0,0,0.002315665828064
2024-10-08 09:00:00,1,0,0,0.0024884969461709
2024-10-08 09:15:00,1,0,0,0.0023792861029505
2024-10-08 09:30:00,1,0,0,0.0019338345155119
2024-10-08 10:00:00,1,0,0,0.0018975907005369
2024-10-08 10:15:00,1,0,0,0.0021053315140306
2024-10-08 11:00:00,1,0,0,0.0025743490550667
2024-10-08 11:15:00,1,0,0,0.0024256315082311
2024-10-08 11:30:00,1,0,0,0.0025390931405127
2024-10-08 11:45:00,1,0,0,0.0025672316551208
2024-10-08 12:00:00,1,0,0,0.002699558623135
2024-10-08 12:15:00,1,0,0,0.002589393639937
2024-10-08 12:30:00,1,0,0,0.002322913846001
2024-10-08 12:45:00,1,0,0,0.0024632134009152
2024-10-08 13:00:00,1,0,0,0.0025111914146691
2024-10-08 13:15:00,1,0,0,0.0022236495278775
2024-10-08 13:30:00,1,0,0,0.0025768645573407
2024-10-08 13:45:00,1,0,0,0.001989827491343
2024-10-08 14:00:00,1,0,0,0.0022418829612433
2024-10-08 14:15:00,1,0,0,0.0021215630695223
2024-10-08 14:30:00,1,0,0,0.0019649057649075
2024-10-08 14:45:00,1,0,0,0.0020054683554917
2024-10-08 15:00:00,1,0,0,0.0021985918283462
2024-10-08 15:15:00,1,0,0,0.0022149083670228
2024-10-08 15:30:00,1,0,0,0.0024793376214802
2024-10-08 15:45:00,1,0,0,0.0022824720945209
2024-10-08 16:00:00,1,0,0,0.0024761559907346
2024-10-08 16:15:00,1,0,0,0.0023974305950105
2024-10-08 16:30:00,1,0,0,0.0025539218913763
2024-10-08 16:45:00,1,0,0,0.0025824052281677
2024-10-08 17:00:00,1,0,0,0.0022504038643091
2024-10-08 17:15:00,1,0,0,0.0018661696230992
2024-10-08 17:30:00,1,0,0,0.0022113677114248
2024-10-08 17:45:00,1,0,0,0.0020797820761799
2024-10-08 18:00:00,1,0,0,0.0018251970177516
2024-10-08 18:15:00,1,0,0,0.0018054542597383
2024-10-08 18:30:00,1,0,0,0.0019571084994822
2024-10-08 18:45:00,1,0,0,0.0020430940203368
2024-10-08 19:00:00,1,0,0,0.0020865825936198
2024-10-08 19:15:00,1,0,0,0.002081909449771
2024-10-08 19:30:00,1,0,0,0.0018365316791459
2024-10-08 19:45:00,1,0,0,0.0015307110734283
2024-10-08 20:00:00,1,0,0,0.0014803719241172
2024-10-08 20:15:00,1,0,0,0.0013905448140576
2024-10-08 20:30:00,1,0,0,0.001680101500824
2024-10-08 20:45:00,1,0,0,0.0014944539871066
2024-10-08 21:00:00,1,0,0,0.001543674734421
2024-10-08 21:15:00,1,0,0,0.0019161906093358
2024-10-08 21:30:00,1,0,0,0.002258826745674
2024-10-08 21:45:00,1,0,0,0.0031660993117839
2024-10-08 22:00:00,1,0,0,0.0052671730518341
2024-10-08 22:15:00,1,0,0,0.0071209003217518
2024-10-08 22:30:00,1,0,0,0.0270388629287481
2024-10-08 22:45:00,1,0,0,0.2534596621990204
2024-10-08 23:00:00,1,0,0,0.4703043699264526
2024-10-08 23:15:00,1,0,0,0.449743777513504
2024-10-08 23:30:00,1,0,1,0.5215823650360107
2024-10-08 23:45:00,1,0,1,0.559567928314209
2024-10-09 00:15:00,1,0,1,0.8097867965698242
2024-10-09 00:30:00,1,0,1,0.7317273616790771
2024-10-09 00:45:00,1,0,1,0.663983166217804
2024-10-09 01:00:00,1,0,1,0.6090402007102966
2024-10-09 01:15:00,1,0,1,0.627383291721344
2024-10-09 01:30:00,1,0,1,0.5834483504295349
2024-10-09 01:45:00,1,0,1,0.5330415964126587
2024-10-09 02:00:00,1,0,1,0.5282094478607178
2024-10-09 02:15:00,1,0,1,0.4746609032154083
2024-10-09 02:30:00,1,0,0,0.4300353229045868
2024-10-09 02:45:00,1,0,0,0.3436644077301025
2024-10-09 03:00:00,1,0,0,0.3933382332324981
2024-10-09 03:15:00,1,0,0,0.3181450664997101
2024-10-09 03:30:00,1,0,0,0.3826728165149688
2024-10-09 03:45:00,1,0,0,0.3600661754608154
2024-10-09 04:00:00,1,0,0,0.1649326384067535
2024-10-09 04:15:00,1,0,0,0.1748685985803604
2024-10-09 04:30:00,1,0,0,0.2037908136844635
2024-10-09 04:45:00,1,0,0,0.130314826965332
2024-10-09 05:00:00,1,0,0,0.0620015040040016
2024-10-09 05:15:00,1,0,0,0.0310808923095464
2024-10-09 05:30:00,1,0,0,0.0916779711842536
2024-10-09 05:45:00,1,0,0,0.0477931834757328
2024-10-09 06:00:00,1,0,0,0.0118775879964232
2024-10-09 06:15:00,1,0,0,0.0147713311016559
2024-10-09 06:30:00,1,0,0,0.0082271127030253
2024-10-09 06:45:00,1,0,0,0.0027605283539742
2024-10-09 07:00:00,1,0,0,0.0020091424230486
2024-10-09 07:15:00,1,0,0,0.0014148398768156
2024-10-09 07:30:00,1,0,0,0.0013325348263606
2024-10-09 07:45:00,1,0,0,0.0012986309593543
2024-10-09 08:00:00,1,0,0,0.0013421460753306
2024-10-09 08:15:00,1,0,0,0.0012530774110928
2024-10-09 08:30:00,1,0,0,0.0012369573814794
2024-10-09 08:45:00,1,0,0,0.0012491751695051
2024-10-09 09:00:00,1,0,0,0.0012440526625141
2024-10-09 09:15:00,1,0,0,0.0014337523607537
2024-10-09 09:30:00,1,0,0,0.0015346098225563
2024-10-09 09:45:00,1,0,0,0.0015644888626411
2024-10-09 10:00:00,1,0,0,0.0018734361510723
2024-10-09 10:15:00,1,0,0,0.0018181807827204
2024-10-09 10:30:00,1,0,0,0.0026401786599308
2024-10-09 10:45:00,1,0,0,0.0019835245329886
2024-10-09 11:00:00,1,0,0,0.0018543532351031
2024-10-09 11:15:00,1,0,0,0.0025000432506203
2024-10-09 11:30:00,1,0,0,0.0025420456659048
2024-10-09 11:45:00,1,0,0,0.0015471078222617
2024-10-09 12:00:00,1,0,0,0.001362585928291
2024-10-09 12:15:00,1,0,0,0.0018035559915006
2024-10-09 12:30:00,1,0,0,0.0020081659313291
2024-10-09 12:45:00,1,0,0,0.0018341009272262
2024-10-09 13:00:00,1,0,0,0.0014055761275812
2024-10-09 13:15:00,1,0,0,0.0012830221094191
2024-10-09 13:30:00,1,0,0,0.0017348709516227
2024-10-09 13:45:00,1,0,0,0.0020055177155882
2024-10-09 14:00:00,1,0,0,0.0016222083941102
2024-10-09 14:15:00,1,0,0,0.0015247869305312
2024-10-09 14:30:00,1,0,0,0.0013673475477844
2024-10-09 14:45:00,1,0,0,0.0019208148587495
2024-10-09 15:00:00,1,0,0,0.0013707019388675
2024-10-09 15:15:00,1,0,0,0.0012203279184177
2024-10-09 15:30:00,1,0,0,0.0012111498508602
2024-10-09 15:45:00,1,0,0,0.0012684927787631
2024-10-09 16:00:00,1,0,0,0.0012352928752079
2024-10-09 16:15:00,1,0,0,0.0012742896797135
2024-10-09 16:30:00,1,0,0,0.0012971265241503
2024-10-09 16:45:00,1,0,0,0.0014587584882974
2024-10-09 17:00:00,1,0,0,0.0012433374067768
2024-10-09 17:15:00,1,0,0,0.0014587622135877
2024-10-09 17:30:00,1,0,0,0.0012333792401477
2024-10-09 17:45:00,1,0,0,0.0012890759389847
2024-10-09 18:00:00,1,0,0,0.0013476343592628
2024-10-09 18:15:00,1,0,0,0.001449508126825
2024-10-09 18:30:00,1,0,0,0.0014064712449908
2024-10-09 18:45:00,1,0,0,0.0016373408725485
2024-10-09 19:00:00,1,0,0,0.0015758334193378
2024-10-09 19:15:00,1,0,0,0.0018801928963512
2024-10-09 19:30:00,1,0,0,0.0017739697359502
2024-10-09 19:45:00,1,0,0,0.0018819655524566
2024-10-09 20:00:00,1,0,0,0.0013095028698444
2024-10-09 20:15:00,1,0,0,0.0012718632351607
2024-10-09 20:30:00,1,0,0,0.0023979747202247
2024-10-09 20:45:00,1,0,0,0.0017774525331333
2024-10-09 21:00:00,1,0,0,0.0015984600177034
2024-10-09 21:15:00,1,0,0,0.0013092207955196
2024-10-09 21:30:00,1,0,0,0.0016994448378682
2024-10-09 21:45:00,1,0,0,0.0015488821081817
2024-10-09 22:00:00,1,0,0,0.0024995279964059
2024-10-09 22:15:00,1,0,0,0.0016779373399913
2024-10-09 22:30:00,1,0,0,0.0015488292556256
2024-10-09 23:00:00,1,0,0,0.002090057125315
2024-10-09 23:15:00,1,0,0,0.0020655789412558
2024-10-09 23:30:00,1,0,0,0.0026415046304464
2024-10-09 23:45:00,1,0,0,0.0029750932008028
2024-10-10 00:15:00,1,0,0,0.002367106731981
2024-10-10 00:30:00,1,0,0,0.0021974907722324
2024-10-10 00:45:00,1,0,0,0.0036261337809264
2024-10-10 01:00:00,1,0,0,0.0032433157321065
2024-10-10 01:15:00,1,0,0,0.002573259640485
2024-10-10 01:30:00,1,0,0,0.0017803503433242
2024-10-10 01:45:00,1,0,0,0.0019518682966008
2024-10-10 02:00:00,1,0,0,0.0015254331519827
2024-10-10 02:15:00,1,0,0,0.0029817551840096
2024-10-10 02:30:00,1,0,0,0.0055916886776685
2024-10-10 02:45:00,1,0,0,0.0132739255204796
2024-10-10 03:00:00,1,0,0,0.0220597647130489
2024-10-10 03:15:00,1,0,0,0.0427392572164535
2024-10-10 03:30:00,1,0,0,0.062509648501873
2024-10-10 03:45:00,1,0,0,0.1115100905299186
2024-10-10 04:00:00,1,0,0,0.1168588399887085
2024-10-10 04:15:00,1,0,0,0.3298510313034057
2024-10-10 04:30:00,1,0,0,0.3031094074249267
2024-10-10 04:45:00,1,0,0,0.1773897558450698
2024-10-10 05:00:00,1,0,0,0.1592019945383072
2024-10-10 05:15:00,1,0,0,0.0529574416577816
2024-10-10 05:30:00,1,0,0,0.0045308284461498
2024-10-10 05:45:00,1,0,0,0.0051767593249678
2024-10-10 06:00:00,1,0,0,0.0037508800160139
2024-10-10 06:15:00,1,0,0,0.0035743005573749
2024-10-10 06:30:00,1,0,0,0.0035326485522091
2024-10-10 06:45:00,1,0,0,0.0374880656599998
2024-10-10 07:00:00,1,0,0,0.085055373609066
2024-10-10 07:15:00,1,0,0,0.0105586433783173
2024-10-10 07:30:00,1,0,0,0.0044361995533108
2024-10-10 07:45:00,1,0,0,0.0298380572348833
2024-10-10 08:00:00,1,0,0,0.0066238339059054
2024-10-10 08:15:00,1,0,0,0.0112423663958907
2024-10-10 08:30:00,1,0,0,0.0015712631866335
2024-10-10 08:45:00,1,0,0,0.0016888384707272
2024-10-10 09:00:00,1,0,0,0.0023274943232536
2024-10-10 09:15:00,1,0,0,0.0025633221957832
2024-10-10 09:30:00,1,0,0,0.0021366581786423
2024-10-10 09:45:00,1,0,0,0.0016095573082566
2024-10-10 10:00:00,1,0,0,0.0012920703738927
2024-10-10 10:15:00,1,0,0,0.0013403925113379
2024-10-10 10:30:00,1,0,0,0.0013357733841985
2024-10-10 10:45:00,1,0,0,0.0016249509062618
2024-10-10 11:00:00,1,0,0,0.0015341155230998
2024-10-10 11:15:00,1,0,0,0.0016841053729876
2024-10-10 11:30:00,1,0,0,0.0014117385726422
2024-10-10 11:45:00,1,0,0,0.0014678913867101
2024-10-10 12:00:00,1,0,0,0.0015624199295416
2024-10-10 12:15:00,1,0,0,0.0020073342602699
2024-10-10 12:30:00,1,0,0,0.0018337852088734
2024-10-10 12:45:00,1,0,0,0.0022050191182643
2024-10-10 13:00:00,1,0,0,0.0025773618835955
2024-10-10 13:15:00,1,0,0,0.0019148288993164
2024-10-10 13:30:00,1,0,0,0.001740904757753
2024-10-10 13:45:00,1,0,0,0.0022036475129425
2024-10-10 14:00:00,1,0,0,0.0015398110263049
2024-10-10 14:15:00,1,0,0,0.0024161001201719
2024-10-10 14:30:00,1,0,0,0.0023971511982381
2024-10-10 14:45:00,1,0,0,0.0019306474132463
2024-10-10 15:00:00,1,0,0,0.0097045535221695
2024-10-10 15:15:00,1,0,0,0.0118725392967462
2024-10-10 15:30:00,1,0,0,0.0105794603005051
2024-10-10 15:45:00,1,0,0,0.0677502378821373
2024-10-10 16:00:00,1,0,0,0.0034156304318457
2024-10-10 16:15:00,1,0,0,0.0027511864900588
2024-10-10 16:30:00,1,0,0,0.0040832348167896
2024-10-10 16:45:00,1,0,0,0.0033670475240796
2024-10-10 17:00:00,1,0,0,0.0100296922028064
2024-10-10 17:15:00,1,0,0,0.0885515809059143
2024-10-10 17:30:00,1,0,0,0.0111620975658297
2024-10-10 17:45:00,1,0,0,0.0033581347670406
2024-10-10 18:00:00,1,1,0,0.3592112064361572
2024-10-10 18:15:00,1,0,0,0.4099925756454468
2024-10-10 18:30:00,1,0,0,0.4396209716796875
2024-10-10 18:45:00,1,0,0,0.4523544311523437
2024-10-10 19:00:00,1,0,1,0.5158619284629822
2024-10-10 19:15:00,1,0,0,0.4724882841110229
2024-10-10 19:30:00,1,0,0,0.4274479746818542
2024-10-10 19:45:00,1,0,0,0.4467779994010925
2024-10-10 20:00:00,1,0,0,0.4622739255428314
2024-10-10 20:15:00,1,0,0,0.2958647608757019
2024-10-10 20:30:00,1,0,0,0.3851670026779175
2024-10-10 20:45:00,1,0,0,0.4029518663883209
2024-10-10 21:00:00,1,0,0,0.3894702792167663
2024-10-10 21:15:00,1,0,0,0.3724218904972076
2024-10-10 21:30:00,1,0,0,0.451572448015213
2024-10-10 21:45:00,1,1,0,0.4304470717906952
2024-10-10 22:00:00,1,1,1,0.4961219131946563
2024-10-10 22:15:00,1,1,1,0.5048750042915344
2024-10-10 22:30:00,1,1,1,0.4907653629779815
2024-10-10 23:00:00,1,1,1,0.5309526920318604
2024-10-10 23:15:00,1,1,1,0.5747496485710144
2024-10-10 23:30:00,1,1,1,0.618463397026062
2024-10-10 23:45:00,1,1,1,0.6246150732040405
2024-10-11 00:15:00,1,1,1,0.6185216307640076
2024-10-11 00:30:00,1,1,1,0.6431892514228821
2024-10-11 00:45:00,1,1,1,0.6014923453330994
2024-10-11 01:00:00,1,1,1,0.6785109639167786
2024-10-11 01:15:00,1,1,1,0.7202584147453308
2024-10-11 01:30:00,1,1,1,0.7400294542312622
2024-10-11 01:45:00,1,1,1,0.7804499864578247
2024-10-11 02:00:00,1,1,1,0.7971885800361633
2024-10-11 02:15:00,1,1,1,0.8073936104774475
2024-10-11 02:30:00,1,1,1,0.7793748378753662
2024-10-11 02:45:00,1,1,1,0.8060872554779053
2024-10-11 03:00:00,1,0,1,0.8200402855873108
2024-10-11 03:15:00,1,0,1,0.7981319427490234
2024-10-11 03:30:00,1,0,1,0.804472029209137
2024-10-11 03:45:00,1,0,1,0.8066163659095764
2024-10-11 04:00:00,1,0,1,0.8140208125114441
2024-10-11 04:15:00,1,0,1,0.8046493530273438
2024-10-11 04:30:00,1,0,1,0.816466212272644
2024-10-11 04:45:00,1,0,1,0.7868475914001465
2024-10-11 05:00:00,1,0,1,0.7564195394515991
2024-10-11 05:15:00,1,0,1,0.7609322667121887
2024-10-11 05:30:00,1,0,1,0.7698107957839966
2024-10-11 05:45:00,1,0,1,0.7708175778388977
2024-10-11 06:00:00,1,0,1,0.7440534830093384
2024-10-11 06:15:00,1,0,1,0.7953965067863464
2024-10-11 06:30:00,1,0,1,0.698688805103302
2024-10-11 06:45:00,1,0,1,0.7827235460281372
2024-10-11 07:00:00,1,0,1,0.6708414554595947
2024-10-11 07:15:00,1,0,1,0.5769453048706055
2024-10-11 07:30:00,1,0,1,0.5556327104568481
2024-10-11 07:45:00,1,0,1,0.5391805171966553
2024-10-11 08:00:00,1,0,0,0.4385011196136474
2024-10-11 08:15:00,1,0,0,0.1028570011258125
2024-10-11 08:30:00,1,0,0,0.028407035395503
2024-10-11 08:45:00,1,0,0,0.0915455371141433
2024-10-11 09:00:00,1,0,0,0.00589853618294
2024-10-11 09:15:00,1,0,0,0.0027897465042769
2024-10-11 09:30:00,1,0,0,0.003284414531663
2024-10-11 09:45:00,1,0,0,0.004233181476593
2024-10-11 10:00:00,1,0,0,0.0060362126678228
2024-10-11 10:15:00,1,0,0,0.0121759558096528
2024-10-11 10:30:00,1,0,0,0.0202227346599102
2024-10-11 10:45:00,1,0,0,0.0052910465747118
2024-10-11 11:00:00,1,0,0,0.022601319476962
2024-10-11 11:15:00,1,0,0,0.0202117078006267
2024-10-11 11:30:00,1,0,0,0.0078015974722802
2024-10-11 11:45:00,1,0,0,0.0253853127360343
2024-10-11 12:00:00,1,0,0,0.2245400696992874
2024-10-11 12:15:00,1,0,0,0.0229413490742445
2024-10-11 12:30:00,1,0,0,0.0042898929677903
2024-10-11 12:45:00,1,0,0,0.035315953195095
2024-10-11 13:00:00,1,0,0,0.033427357673645
2024-10-11 13:15:00,1,0,0,0.013964993879199
2024-10-11 13:30:00,1,0,0,0.0034198965877294
2024-10-11 13:45:00,1,0,0,0.0040178489871323
2024-10-11 14:00:00,1,0,0,0.0037624244578182
2024-10-11 14:15:00,1,0,0,0.0203381720930337
2024-10-11 14:30:00,1,0,0,0.1651148349046707
2024-10-11 14:45:00,1,0,0,0.2385416328907013
2024-10-11 15:00:00,1,0,0,0.3882935345172882
2024-10-11 15:15:00,1,0,0,0.4380399286746979
2024-10-11 15:30:00,1,0,0,0.136206716299057
2024-10-11 15:45:00,1,0,0,0.005424668546766
2024-10-11 16:00:00,1,0,0,0.0027218053583055
2024-10-11 16:15:00,1,0,0,0.0030725202523171
2024-10-11 16:30:00,1,0,0,0.0026786131784319
2024-10-11 16:45:00,1,0,0,0.0019662943668663
2024-10-11 17:00:00,1,0,0,0.0016730312490835
2024-10-11 17:15:00,1,0,0,0.0015767884906381
2024-10-11 17:30:00,1,0,0,0.0015663962112739
2024-10-11 17:45:00,1,0,0,0.0014891972532495
2024-10-11 18:00:00,1,0,0,0.0017223485046997
2024-10-11 18:15:00,1,0,0,0.0017935052746906
2024-10-11 18:30:00,1,0,0,0.0015003124717622
2024-10-11 18:45:00,1,0,0,0.0015247284900397
2024-10-11 19:00:00,1,0,0,0.0016319204587489
2024-10-11 19:15:00,1,0,0,0.0019558481872081
2024-10-11 19:30:00,1,0,0,0.0016111492877826
2024-10-11 19:45:00,1,0,0,0.0017001340165734
2024-10-11 20:00:00,1,0,0,0.0017052304465323
2024-10-11 20:15:00,1,0,0,0.0017008348368108
2024-10-11 20:30:00,1,0,0,0.0015824012225493
2024-10-11 20:45:00,1,0,0,0.0015234884340316
2024-10-11 21:00:00,1,0,0,0.0018283103127032
2024-10-11 21:15:00,1,0,0,0.0027997894212603
2024-10-11 21:30:00,1,0,1,0.5177041888237
2024-10-11 21:45:00,1,0,1,0.5210951566696167
2024-10-11 22:00:00,1,0,1,0.5412286520004272
2024-10-11 22:15:00,1,0,1,0.6161684393882751
2024-10-11 22:30:00,1,0,1,0.6625896692276001
2024-10-11 22:45:00,1,1,1,0.6615204215049744
2024-10-11 23:00:00,1,1,1,0.609364926815033
2024-10-11 23:15:00,1,1,1,0.6769622564315796
2024-10-11 23:30:00,1,1,1,0.6299681663513184
2024-10-11 23:45:00,1,1,1,0.7408332228660583
2024-10-12 00:15:00,1,1,1,0.7629678249359131
2024-10-12 00:30:00,1,1,1,0.790204644203186
2024-10-12 00:45:00,1,1,1,0.7528862953186035
2024-10-12 01:00:00,1,1,1,0.7653461694717407
2024-10-12 01:15:00,1,1,1,0.8191415071487427
2024-10-12 01:30:00,1,1,1,0.8269745111465454
2024-10-12 01:45:00,1,1,1,0.8390756249427795
2024-10-12 02:00:00,1,1,1,0.8510048985481262
2024-10-12 02:15:00,1,1,1,0.8153034448623657
2024-10-12 02:30:00,1,1,1,0.8084930181503296
2024-10-12 02:45:00,1,1,1,0.8331162333488464
2024-10-12 03:00:00,1,1,1,0.7784862518310547
2024-10-12 03:15:00,1,1,1,0.6626505255699158
2024-10-12 03:30:00,1,1,1,0.634688675403595
2024-10-12 03:45:00,1,0,1,0.5629715323448181
2024-10-12 04:00:00,1,0,1,0.5196812152862549
2024-10-12 04:15:00,1,0,0,0.4723910391330719
2024-10-12 04:30:00,1,0,1,0.4927701652050018
2024-10-12 04:45:00,1,0,0,0.4593322575092315
2024-10-12 05:00:00,1,0,0,0.4497081041336059
2024-10-12 05:15:00,1,0,0,0.3945678770542145
2024-10-12 05:30:00,1,0,1,0.5733192563056946
2024-10-12 05:45:00,1,0,0,0.4704837203025818
2024-10-12 06:00:00,1,0,0,0.2540113031864166
2024-10-12 06:15:00,1,0,0,0.1503836661577224
2024-10-12 06:30:00,1,0,0,0.019630379974842
2024-10-12 06:45:00,1,0,0,0.094413086771965
2024-10-12 07:00:00,1,0,0,0.0318069644272327
2024-10-12 07:15:00,1,0,0,0.0050913258455693
2024-10-12 07:30:00,1,0,0,0.0068330499343574
2024-10-12 07:45:00,1,0,0,0.0027545269113034
2024-10-12 08:00:00,1,0,0,0.0036430303007364
2024-10-12 08:15:00,1,0,0,0.0083554787561297
2024-10-12 08:30:00,1,0,0,0.0036980889271944
2024-10-12 08:45:00,1,0,0,0.004635099787265
2024-10-12 09:00:00,1,0,0,0.0044091599993407
2024-10-12 09:15:00,1,0,0,0.0034593734890222
2024-10-12 09:30:00,1,0,0,0.002563667949289
2024-10-12 09:45:00,1,0,0,0.0030483929440379
2024-10-12 10:00:00,1,0,0,0.0031601907685399
2024-10-12 10:15:00,1,0,0,0.0032132838387042
2024-10-12 10:30:00,1,0,0,0.0026275310665369
2024-10-12 10:45:00,1,0,0,0.0036142345052212
2024-10-12 11:00:00,1,0,0,0.0038298580329865
2024-10-12 11:15:00,1,0,0,0.0045630438253283
2024-10-12 11:30:00,1,0,0,0.003893852001056
2024-10-12 11:45:00,1,0,0,0.0049251825548708
2024-10-12 12:00:00,1,0,0,0.0044542355462908
2024-10-12 12:15:00,1,0,0,0.0045500160194933
2024-10-12 12:30:00,1,0,0,0.0039121061563491
2024-10-12 12:45:00,1,0,0,0.0763192698359489
2024-10-12 13:00:00,1,0,0,0.0033972566016018
2024-10-12 13:15:00,1,0,0,0.006064586341381
2024-10-12 13:30:00,1,0,0,0.0056694406084716
2024-10-12 13:45:00,1,0,0,0.0038478977512568
2024-10-12 14:00:00,1,0,0,0.0035802603233605
2024-10-12 14:15:00,1,0,0,0.0041788103990256
2024-10-12 14:30:00,1,0,0,0.0300133563578128
2024-10-12 14:45:00,1,0,0,0.0966969057917594
2024-10-12 15:00:00,1,0,0,0.0173607468605041
2024-10-12 15:15:00,1,0,0,0.051507793366909
2024-10-12 15:30:00,1,0,0,0.1126164942979812
2024-10-12 15:45:00,1,0,0,0.0766297876834869
2024-10-12 16:00:00,1,0,0,0.163874015212059
2024-10-12 16:15:00,1,0,0,0.1517270058393478
2024-10-12 16:30:00,1,0,0,0.316167265176773
2024-10-12 16:45:00,1,0,0,0.0688192620873451
2024-10-12 17:00:00,1,0,0,0.0063119819387793
2024-10-12 17:15:00,1,0,0,0.0237407721579074
2024-10-12 17:30:00,1,0,0,0.1339646726846695
2024-10-12 17:45:00,1,0,0,0.3366179466247558
2024-10-12 18:00:00,1,0,0,0.4908627867698669
2024-10-12 18:15:00,1,0,1,0.5214076042175293
2024-10-12 18:30:00,1,0,1,0.5044679045677185
2024-10-12 18:45:00,1,0,1,0.5504257678985596
2024-10-12 19:00:00,1,0,1,0.5155535340309143
2024-10-12 19:15:00,1,0,0,0.4742409586906433
2024-10-12 19:30:00,1,0,0,0.4548273086547851
2024-10-12 19:45:00,1,0,1,0.5199506282806396
2024-10-12 20:00:00,1,0,0,0.4559902548789978
2024-10-12 20:15:00,1,0,1,0.5491433143615723
2024-10-12 20:30:00,1,0,1,0.5402369499206543
2024-10-12 20:45:00,1,0,0,0.4979166090488434
2024-10-12 21:00:00,1,0,0,0.4297026991844177
2024-10-12 21:15:00,1,0,0,0.4871769845485687
2024-10-12 21:30:00,1,0,0,0.4379477798938751
2024-10-12 21:45:00,1,0,0,0.1921605616807937
2024-10-12 22:00:00,1,0,0,0.2347577214241027
2024-10-12 22:15:00,1,0,0,0.3033348023891449
2024-10-12 22:30:00,1,0,0,0.3422552645206451
2024-10-12 22:45:00,1,0,0,0.3477617502212524
2024-10-12 23:00:00,1,0,0,0.4248805046081543
2024-10-12 23:15:00,1,0,0,0.4463687241077423
2024-10-12 23:30:00,1,0,0,0.3928606808185577
2024-10-12 23:45:00,1,0,0,0.4707380831241607
2024-10-13 00:15:00,1,0,0,0.2669126689434051
2024-10-13 00:30:00,1,0,0,0.320153534412384
2024-10-13 00:45:00,1,0,0,0.3843857645988464
2024-10-13 01:00:00,1,0,1,0.518222987651825
2024-10-13 01:15:00,1,0,1,0.5950642228126526
2024-10-13 01:30:00,1,0,1,0.6729058027267456
2024-10-13 01:45:00,1,0,1,0.6702707409858704
2024-10-13 02:00:00,1,0,1,0.6071494221687317
2024-10-13 02:15:00,1,0,1,0.5871221423149109
2024-10-13 02:30:00,1,1,1,0.6064953207969666
2024-10-13 02:45:00,1,1,1,0.5946477651596069
2024-10-13 03:00:00,1,1,1,0.592504620552063
2024-10-13 03:15:00,1,1,1,0.6712127327919006
2024-10-13 03:30:00,1,1,1,0.543792188167572
2024-10-13 03:45:00,1,1,0,0.4348022043704986
2024-10-13 04:00:00,1,1,0,0.4475188255310058
2024-10-13 04:15:00,1,1,1,0.5019945502281189
2024-10-13 04:30:00,1,1,1,0.5595126748085022
2024-10-13 04:45:00,1,1,1,0.6126715540885925
2024-10-13 05:00:00,1,1,1,0.5347581505775452
2024-10-13 05:15:00,1,1,1,0.6563420295715332
2024-10-13 05:30:00,1,1,1,0.6370735764503479
2024-10-13 05:45:00,1,1,1,0.6318513751029968
2024-10-13 06:00:00,1,0,1,0.5193096995353699
2024-10-13 06:15:00,1,0,0,0.4318414628505707
2024-10-13 06:30:00,1,0,0,0.3835974633693695
2024-10-13 06:45:00,1,0,0,0.3801197409629822
2024-10-13 07:00:00,1,0,0,0.4321683347225189
2024-10-13 07:15:00,1,0,0,0.4689154922962188
2024-10-13 07:30:00,1,1,1,0.5508212447166443
2024-10-13 07:45:00,1,0,1,0.5614076256752014
2024-10-13 08:00:00,1,1,1,0.5292299389839172
2024-10-13 08:15:00,1,0,1,0.5312250852584839
2024-10-13 08:30:00,1,1,0,0.4286613464355469
2024-10-13 08:45:00,1,0,0,0.4380641579627991
2024-10-13 09:00:00,1,0,0,0.4580336809158325
2024-10-13 09:15:00,1,0,0,0.4133497774600982
2024-10-13 09:30:00,1,0,0,0.2906985878944397
2024-10-13 09:45:00,1,0,0,0.3657247126102447
2024-10-13 10:00:00,1,0,0,0.1733858734369278
2024-10-13 10:15:00,1,0,0,0.2663156688213348
2024-10-13 10:30:00,1,0,0,0.2220936864614486
2024-10-13 10:45:00,1,0,0,0.1804083585739135
2024-10-13 11:00:00,1,0,0,0.0836262255907058
2024-10-13 11:15:00,1,0,0,0.0211139507591724
2024-10-13 11:30:00,1,0,0,0.0599244646728038
2024-10-13 11:45:00,1,0,0,0.0356757380068302
2024-10-13 12:00:00,1,0,0,0.0129424836486577
2024-10-13 12:15:00,1,0,0,0.0123118413612246
2024-10-13 12:30:00,1,0,0,0.0057529495097696
2024-10-13 12:45:00,1,0,0,0.0080483108758926
2024-10-13 13:00:00,1,0,0,0.0082945339381694
2024-10-13 13:15:00,1,0,0,0.1061355397105217
2024-10-13 13:30:00,1,0,0,0.1549293994903564
2024-10-13 13:45:00,1,0,0,0.0327824093401432
2024-10-13 14:00:00,1,0,0,0.0027865278534591
2024-10-13 14:15:00,1,0,0,0.0020531979389488
2024-10-13 14:30:00,1,0,0,0.0022336693946272
2024-10-13 14:45:00,1,0,0,0.0021125078201293
2024-10-13 15:00:00,1,0,0,0.0017279735766351
2024-10-13 15:15:00,1,0,0,0.0018113742116838
2024-10-13 15:30:00,1,0,0,0.0047529814764857
2024-10-13 15:45:00,1,0,0,0.0018862363649532
2024-10-13 16:00:00,1,0,0,0.0018959027947857
2024-10-13 16:15:00,1,0,0,0.0019445132929831
2024-10-13 16:30:00,1,0,0,0.0027174099814146
2024-10-13 16:45:00,1,0,0,0.0018386850133538
2024-10-13 17:00:00,1,0,0,0.1663152277469635
2024-10-13 17:15:00,1,0,0,0.0051341610960662
2024-10-13 17:30:00,1,0,0,0.0025417988654226
2024-10-13 17:45:00,1,0,0,0.0030582814943045
2024-10-13 18:00:00,1,0,0,0.0114182531833648
2024-10-13 18:15:00,1,0,0,0.0067960652522742
2024-10-13 18:30:00,1,0,0,0.0022792546078562
2024-10-13 18:45:00,1,0,0,0.0018298636423423
2024-10-13 19:00:00,1,0,0,0.0026673879474401
2024-10-13 19:15:00,1,0,0,0.002382512204349
2024-10-13 19:30:00,1,0,0,0.0019448862876743
2024-10-13 19:45:00,1,0,0,0.0017908719601109
2024-10-13 20:00:00,1,0,0,0.0015543847111985
2024-10-13 20:15:00,1,0,0,0.0017156637040898
2024-10-13 20:30:00,1,0,0,0.0016585270641371
2024-10-13 20:45:00,1,0,0,0.0017599005950614
2024-10-13 21:00:00,1,0,0,0.0016195782227441
2024-10-13 21:15:00,1,0,0,0.0017949839821085
2024-10-13 21:30:00,1,0,0,0.0016355189727619
2024-10-13 21:45:00,1,0,0,0.0015189456753432
2024-10-13 22:00:00,1,0,0,0.0016154397744685
2024-10-13 22:15:00,1,0,0,0.0018752822652459
2024-10-13 22:30:00,1,0,0,0.0016228700987994
2024-10-13 22:45:00,1,0,0,0.0014866972342133
2024-10-13 23:00:00,1,0,0,0.0016236857045441
2024-10-13 23:15:00,1,0,0,0.0017832774901762
2024-10-13 23:30:00,1,0,0,0.0016460284823551
2024-10-13 23:45:00,1,0,0,0.0015434329397976
2024-10-14 00:15:00,1,0,0,0.0015609441325068
2024-10-14 00:30:00,1,0,0,0.0015924994368106
2024-10-14 00:45:00,1,0,0,0.0015979239251464
2024-10-14 01:00:00,1,0,0,0.001506328000687
2024-10-14 01:15:00,1,0,0,0.0016227917512878
2024-10-14 01:30:00,1,0,0,0.0015785100404173
2024-10-14 01:45:00,1,0,0,0.0015844928566366
2024-10-14 02:00:00,1,0,0,0.0015436190878972
2024-10-14 02:15:00,1,0,0,0.001511171227321
2024-10-14 02:30:00,1,0,0,0.0015653388109058
2024-10-14 02:45:00,1,0,0,0.0024417077656835
2024-10-14 03:00:00,1,0,0,0.0023820337373763
2024-10-14 03:15:00,1,0,0,0.0015258070779964
2024-10-14 03:30:00,1,0,0,0.00153531471733
2024-10-14 03:45:00,1,0,0,0.0014998514670878
2024-10-14 04:00:00,1,0,0,0.0016013915883377
2024-10-14 04:15:00,1,0,0,0.0016219465760514
2024-10-14 04:30:00,1,0,0,0.0017331058625131
2024-10-14 04:45:00,1,0,0,0.0016330975340679
2024-10-14 05:00:00,1,0,0,0.0014621908776462
2024-10-14 05:15:00,1,0,0,0.0013986001722514
2024-10-14 05:30:00,1,0,0,0.0015907643828541
2024-10-14 05:45:00,1,0,0,0.0013895547017455
2024-10-14 06:00:00,1,0,0,0.0020020345691591
2024-10-14 06:15:00,1,0,0,0.0020272249821573
2024-10-14 06:30:00,1,0,0,0.0018729419680312
2024-10-14 06:45:00,1,0,0,0.0013550525764003
2024-10-14 07:00:00,1,0,0,0.001281467732042
2024-10-14 07:15:00,1,0,0,0.0012795770308002
2024-10-14 07:30:00,1,0,0,0.0014123524306342
2024-10-14 07:45:00,1,0,0,0.0016887180972844
2024-10-14 08:00:00,1,0,0,0.0017303864005953
2024-10-14 08:15:00,1,0,0,0.0018881228752434
2024-10-14 08:30:00,1,0,0,0.0019007889786735
2024-10-14 08:45:00,1,0,0,0.0020961428526788
2024-10-14 09:00:00,1,0,0,0.0021330588497221
2024-10-14 09:15:00,1,0,0,0.0023426618427038
2024-10-14 09:30:00,1,0,0,0.0030459095723927
2024-10-14 09:45:00,1,0,0,0.0027982650790363
2024-10-14 10:00:00,1,0,0,0.0029038256034255
2024-10-14 10:15:00,1,0,0,0.0025150720030069
2024-10-14 10:30:00,1,0,0,0.0022749912459403
2024-10-14 10:45:00,1,0,0,0.0026463461108505
2024-10-14 11:00:00,1,0,0,0.0023057544603943
2024-10-14 11:15:00,1,0,0,0.0021236059255898
2024-10-14 11:30:00,1,0,0,0.0023946114815771
2024-10-14 11:45:00,1,0,0,0.0021998048759996
2024-10-14 12:00:00,1,0,0,0.0022664682473987
2024-10-14 12:15:00,1,0,0,0.002312782453373
2024-10-14 12:30:00,1,0,0,0.0023731729015707
2024-10-14 12:45:00,1,0,0,0.0026311979163438
2024-10-14 13:00:00,1,0,0,0.0027149782981723
2024-10-14 13:15:00,1,0,0,0.0026747896336019
2024-10-14 13:30:00,1,0,0,0.0027117941062897
2024-10-14 13:45:00,1,0,0,0.002938289893791
2024-10-14 14:00:00,1,0,0,0.0025936597958207
2024-10-14 14:15:00,1,0,0,0.0022151554003357
2024-10-14 14:30:00,1,0,0,0.0023396350443363
2024-10-14 14:45:00,1,0,0,0.0024225327651947
2024-10-14 15:00:00,1,0,0,0.0024554224219173
2024-10-14 15:15:00,1,0,0,0.0025093052536249
2024-10-14 15:30:00,1,0,0,0.0024536161217838
2024-10-14 15:45:00,1,0,0,0.0024392302148044
2024-10-14 16:00:00,1,0,0,0.0026108198799192
2024-10-14 16:15:00,1,0,0,0.0024990388192236
2024-10-14 16:30:00,1,0,0,0.0025652747135609
2024-10-14 16:45:00,1,0,0,0.0024039519485086
2024-10-14 17:00:00,1,0,0,0.0024393205530941
2024-10-14 17:15:00,1,0,0,0.0025606488343328
2024-10-14 17:30:00,1,0,0,0.0023074629716575
2024-10-14 17:45:00,1,0,0,0.0023681155871599
2024-10-14 18:00:00,1,0,0,0.002918372163549
2024-10-14 18:15:00,1,0,0,0.0026116245426237
2024-10-14 18:30:00,1,0,0,0.0025846867356449
2024-10-14 18:45:00,1,0,0,0.0022837137803435
2024-10-14 19:00:00,1,0,0,0.0024590175598859
2024-10-14 19:15:00,1,0,0,0.0022507011890411
2024-10-14 19:30:00,1,0,0,0.0023302068002521
2024-10-14 19:45:00,1,0,0,0.0023429561406373
2024-10-14 20:00:00,1,0,0,0.0023242817260324
2024-10-14 20:15:00,1,0,0,0.0024009321350604
2024-10-14 20:30:00,1,0,0,0.002133019734174
2024-10-14 20:45:00,1,0,0,0.0020789359696209
2024-10-14 21:00:00,1,0,0,0.0018818936077877
2024-10-14 21:15:00,1,0,0,0.0020527974702417
2024-10-14 21:30:00,1,0,0,0.0020755664445459
2024-10-14 21:45:00,1,0,0,0.0020728353410959
2024-10-14 22:00:00,1,0,0,0.0020064439158886
2024-10-14 22:15:00,1,0,0,0.0019915520679205
2024-10-14 22:30:00,1,0,0,0.002019889652729
2024-10-14 22:45:00,1,0,0,0.0021845460869371
2024-10-14 23:00:00,1,0,0,0.0020707242656499
2024-10-14 23:15:00,1,0,0,0.00220676837489
2024-10-14 23:30:00,1,0,0,0.0023495741188526
2024-10-14 23:45:00,1,0,0,0.0022009052336215
2024-10-15 01:00:00,2,0,0,0.0024541513994336
2024-10-15 01:15:00,2,0,0,0.0026718650478869
2024-10-15 01:30:00,2,0,0,0.0026270083617419
2024-10-15 01:45:00,2,0,0,0.0027653488796204
2024-10-15 02:00:00,2,0,0,0.0024671794380992
2024-10-15 02:15:00,2,0,0,0.0024598082527518
2024-10-15 02:30:00,2,0,0,0.0025933878496289
2024-10-15 02:45:00,2,0,0,0.0020833839662373
2024-10-15 03:00:00,2,0,0,0.00208525871858
2024-10-15 03:15:00,2,0,0,0.0018341963877901
2024-10-15 03:30:00,2,0,0,0.0018914245301857
2024-10-15 03:45:00,2,0,0,0.0020537262316793
2024-10-15 04:00:00,2,0,0,0.0019814495462924
2024-10-15 04:15:00,2,0,0,0.0017224638722836
2024-10-15 04:30:00,2,0,0,0.0020956848748028
2024-10-15 04:45:00,2,0,0,0.0019580228254199
2024-10-15 05:00:00,2,0,0,0.0019590244628489
2024-10-15 05:15:00,2,0,0,0.0019563573878258
2024-10-15 05:30:00,2,0,0,0.0024121161550283
2024-10-15 05:45:00,2,0,0,0.0026425684336572
2024-10-15 06:00:00,2,0,0,0.0019570323638617
2024-10-15 06:15:00,2,0,0,0.001226560678333
2024-10-15 06:30:00,2,0,0,0.0014669974334537
2024-10-15 06:45:00,2,0,0,0.0019114820752292
2024-10-15 07:00:00,2,0,0,0.00153536174912
2024-10-15 07:15:00,2,0,0,0.0012917773565277
2024-10-15 07:30:00,2,0,0,0.001415392383933
2024-10-15 07:45:00,2,0,0,0.0015738583169877
2024-10-15 08:00:00,2,0,0,0.0016620748210698
2024-10-15 08:15:00,2,0,0,0.0014867744175717
2024-10-15 08:30:00,2,0,0,0.0018200353952124
2024-10-15 08:45:00,2,0,0,0.001791255781427
2024-10-15 09:00:00,2,0,0,0.0018457844853401
2024-10-15 09:15:00,2,0,0,0.0018984698690474
2024-10-15 09:30:00,2,0,0,0.0021602313499897
2024-10-15 09:45:00,2,0,0,0.0018973191035911
2024-10-15 10:00:00,2,0,0,0.0019376940326765
2024-10-15 10:15:00,2,0,0,0.0021905847825109
2024-10-15 10:30:00,2,0,0,0.0021564015187323
2024-10-15 10:45:00,2,0,0,0.0017897507641464
2024-10-15 11:00:00,2,0,0,0.0020213697571307
2024-10-15 11:15:00,2,0,0,0.0022467153612524
2024-10-15 11:30:00,2,0,0,0.0022270758636295
2024-10-15 11:45:00,2,0,0,0.0023360641207545
2024-10-15 12:00:00,2,0,0,0.0024714425671845
2024-10-15 12:15:00,2,0,0,0.0023637884296476
2024-10-15 12:30:00,2,0,0,0.0026098494417965
2024-10-15 12:45:00,2,0,0,0.0027123626787215
2024-10-15 13:00:00,2,0,0,0.0026247091591358
2024-10-15 13:15:00,2,0,0,0.0023196835536509
2024-10-15 13:30:00,2,0,0,0.0025886162184178
2024-10-15 13:45:00,2,0,0,0.0023135989904403
2024-10-15 14:00:00,2,0,0,0.0022299853153526
2024-10-15 14:15:00,2,0,0,0.0018516517011448
2024-10-15 14:30:00,2,0,0,0.0017538239480927
2024-10-15 14:45:00,2,0,0,0.0020056618377566
2024-10-15 15:00:00,2,0,0,0.0019152736058458
2024-10-15 15:15:00,2,0,0,0.0017422550590708
2024-10-15 15:30:00,2,0,0,0.0017518351087346
2024-10-15 15:45:00,2,0,0,0.0016149178845807
2024-10-15 16:00:00,2,0,0,0.0016686650924384
2024-10-15 16:15:00,2,0,0,0.0016784113831818
2024-10-15 16:30:00,2,0,0,0.0018282801611348
2024-10-15 16:45:00,2,0,0,0.001751541509293
2024-10-15 17:00:00,2,0,0,0.0017937202937901
2024-10-15 17:15:00,2,0,0,0.0017230754019692
2024-10-15 17:30:00,2,0,0,0.0017803100636228
2024-10-15 17:45:00,2,0,0,0.0016754558309912
2024-10-15 18:00:00,2,0,0,0.0013314599636942
2024-10-15 18:15:00,2,0,0,0.0012417631223797
2024-10-15 18:30:00,2,0,0,0.0013235529186204
2024-10-15 18:45:00,2,0,0,0.0016753420932218
2024-10-15 19:00:00,2,0,0,0.0014178627170622
2024-10-15 19:15:00,2,0,0,0.0014060784596949
2024-10-15 19:30:00,2,0,0,0.0012438915437087
2024-10-15 19:45:00,2,0,0,0.0014759430196136
2024-10-15 20:00:00,2,0,0,0.0016479650512337
2024-10-15 20:15:00,2,0,0,0.0016781850717961
2024-10-15 20:30:00,2,0,0,0.0015417535323649
2024-10-15 20:45:00,2,0,0,0.0013441848568618
2024-10-15 21:00:00,2,0,0,0.0015246033435687
2024-10-15 21:15:00,2,0,0,0.0015312291216105
2024-10-15 21:30:00,2,0,0,0.0015691915759816
2024-10-15 21:45:00,2,0,0,0.0016138217179104
2024-10-15 22:00:00,2,0,0,0.0015103752957656
2024-10-15 22:15:00,2,0,0,0.0017854659818112
2024-10-15 22:30:00,2,0,0,0.0019507608376443
2024-10-15 22:45:00,2,0,0,0.0018399727996438
2024-10-15 23:00:00,2,0,0,0.0018428897019475
2024-10-15 23:15:00,2,0,0,0.0018280431395396
2024-10-15 23:30:00,2,0,0,0.002341408515349
2024-10-15 23:45:00,2,0,0,0.002342369640246
2024-10-16 00:15:00,2,0,0,0.0019867243245244
2024-10-16 00:30:00,2,0,0,0.0019905073568224
2024-10-16 00:45:00,2,0,0,0.0020082779228687
2024-10-16 01:00:00,2,0,0,0.0015009776689112
2024-10-16 01:15:00,2,0,0,0.0015741147799417
2024-10-16 01:30:00,2,0,0,0.0016227633459493
2024-10-16 01:45:00,2,0,0,0.0013231897028163
2024-10-16 02:00:00,2,0,0,0.0015050939982756
2024-10-16 02:15:00,2,0,0,0.0014357373584061
2024-10-16 02:30:00,2,0,0,0.0014211995294317
2024-10-16 02:45:00,2,0,0,0.0020384716335684
2024-10-16 03:00:00,2,0,0,0.0022731912322342
2024-10-16 03:15:00,2,0,0,0.0021599847823381
2024-10-16 03:30:00,2,0,0,0.0018271018052473
2024-10-16 03:45:00,2,0,0,0.002196139190346
2024-10-16 04:00:00,2,0,0,0.0022106801625341
2024-10-16 04:15:00,2,0,0,0.0023580656852573
2024-10-16 04:30:00,2,0,0,0.0022028831299394
2024-10-16 04:45:00,2,0,0,0.002189568709582
2024-10-16 05:00:00,2,0,0,0.0027572789695113
2024-10-16 05:15:00,2,0,0,0.0021932986564934
2024-10-16 05:30:00,2,0,0,0.0021284748800098
2024-10-16 05:45:00,2,0,0,0.0020684769842773
2024-10-16 06:00:00,2,0,0,0.0019427482038736
2024-10-16 06:15:00,2,0,0,0.0019505134550854
2024-10-16 06:30:00,2,0,0,0.0022590530570596
2024-10-16 06:45:00,2,0,0,0.0018847914179787
2024-10-16 07:00:00,2,0,0,0.0018353523919358
2024-10-16 07:15:00,2,0,0,0.0018143422203138
2024-10-16 07:30:00,2,0,0,0.0018217645119875
2024-10-16 07:45:00,2,0,0,0.002124436898157
2024-10-16 08:00:00,2,0,0,0.0018918723799288
2024-10-16 08:15:00,2,0,0,0.0016201614635065
2024-10-16 08:30:00,2,0,0,0.0015179809415712
2024-10-16 08:45:00,2,0,0,0.0014985018642619
2024-10-16 09:00:00,2,0,0,0.0014628682984039
2024-10-16 09:15:00,2,0,0,0.0014566435711458
2024-10-16 09:30:00,2,0,0,0.0014371054712682
2024-10-16 09:45:00,2,0,0,0.0013554611941799
2024-10-16 10:00:00,2,0,0,0.0014879817608743
2024-10-16 10:15:00,2,0,0,0.0017296390142291
2024-10-16 10:30:00,2,0,0,0.0017959440592676
2024-10-16 10:45:00,2,0,0,0.00194791785907
2024-10-16 11:00:00,2,0,0,0.0019375386182218
2024-10-16 11:15:00,2,0,0,0.0024338294751942
2024-10-16 11:30:00,2,0,0,0.0015339211095124
2024-10-16 11:45:00,2,0,0,0.0016994996694847
2024-10-16 12:00:00,2,0,0,0.0014065395807847
2024-10-16 12:15:00,2,0,0,0.0014109959593042
2024-10-16 12:30:00,2,0,0,0.0013388635125011
2024-10-16 12:45:00,2,0,0,0.0012294810730963
2024-10-16 13:00:00,2,0,0,0.0013501531211659
2024-10-16 13:15:00,2,0,0,0.0017457887297496
2024-10-16 13:30:00,2,0,0,0.0013193837366998
2024-10-16 13:45:00,2,0,0,0.0010641212575137
2024-10-16 14:00:00,2,0,0,0.001118243089877
2024-10-16 14:15:00,2,0,0,0.0011904132552444
2024-10-16 14:30:00,2,0,0,0.0010703675216063
2024-10-16 14:45:00,2,0,0,0.0010957331396639
2024-10-16 15:00:00,2,0,0,0.0009927296778187
2024-10-16 15:15:00,2,0,0,0.0010774354450404
2024-10-16 15:30:00,2,0,0,0.0010361184831708
2024-10-16 15:45:00,2,0,0,0.0010830485261976
2024-10-16 16:00:00,2,0,0,0.0011396910995244
2024-10-16 16:15:00,2,0,0,0.0010723937302827
2024-10-16 16:30:00,2,0,0,0.0010559916263446
2024-10-16 16:45:00,2,0,0,0.0010659537510946
2024-10-16 17:00:00,2,0,0,0.0010580971138551
2024-10-16 17:15:00,2,0,0,0.0009983314666897
2024-10-16 17:30:00,2,0,0,0.0010161723475903
2024-10-16 17:45:00,2,0,0,0.0011194224935024
2024-10-16 18:00:00,2,0,0,0.0010881973430514
2024-10-16 18:15:00,2,0,0,0.0010726881446316
2024-10-16 18:30:00,2,0,0,0.0011885525891557
2024-10-16 18:45:00,2,0,0,0.0011903847334906
2024-10-16 19:00:00,2,0,0,0.0015645337989553
2024-10-16 19:15:00,2,0,0,0.0016306682955473
2024-10-16 19:30:00,2,0,0,0.0010923484805971
2024-10-16 19:45:00,2,0,0,0.0012523723999038
2024-10-16 20:00:00,2,0,0,0.2195688188076019
2024-10-16 20:15:00,2,0,0,0.4383802413940429
2024-10-16 20:30:00,2,0,1,0.5112346410751343
2024-10-16 20:45:00,2,0,1,0.5225762724876404
2024-10-16 21:00:00,2,1,1,0.6289874315261841
2024-10-16 21:15:00,2,1,1,0.5358150601387024
2024-10-16 21:30:00,2,0,0,0.3737266957759857
2024-10-16 21:45:00,2,0,0,0.0564469061791896
2024-10-16 22:00:00,2,0,0,0.0038168081082403
2024-10-16 22:15:00,2,0,0,0.032108936458826
2024-10-16 22:30:00,2,0,0,0.1023224741220474
2024-10-16 22:45:00,2,0,0,0.0386137440800666
2024-10-16 23:00:00,2,0,0,0.0081964824348688
2024-10-16 23:15:00,2,0,0,0.0042928918264806
2024-10-16 23:30:00,2,0,0,0.0029145861044526
2024-10-16 23:45:00,2,0,0,0.001750094583258
2024-10-17 00:15:00,2,0,0,0.002362759783864
2024-10-17 00:30:00,2,0,0,0.0014874028274789
2024-10-17 00:45:00,2,0,0,0.0014740703627467
2024-10-17 01:00:00,2,0,0,0.0011341150384396
2024-10-17 01:15:00,2,0,0,0.0802961215376854
2024-10-17 01:30:00,2,0,0,0.0035848515108227
2024-10-17 01:45:00,2,0,0,0.0013591985916718
2024-10-17 02:00:00,2,0,0,0.0016666395822539
2024-10-17 02:15:00,2,0,0,0.0034779924899339
2024-10-17 02:30:00,2,0,0,0.0027337204664945
2024-10-17 02:45:00,2,0,0,0.0037461696192622
2024-10-17 03:00:00,2,0,0,0.0017399167409166
2024-10-17 03:15:00,2,0,0,0.0024398763198405
2024-10-17 03:30:00,2,0,0,0.0021024129819124
2024-10-17 03:45:00,2,0,0,0.0026214143726974
2024-10-17 04:00:00,2,0,0,0.00240357988514
2024-10-17 04:15:00,2,0,0,0.0015069423243403
2024-10-17 04:30:00,2,0,0,0.0016708895564079
2024-10-17 04:45:00,2,0,0,0.0019050096161663
2024-10-17 05:00:00,2,0,0,0.0050107417628169
2024-10-17 05:15:00,2,0,0,0.0080918604508042
2024-10-17 05:30:00,2,0,0,0.0079770814627408
2024-10-17 05:45:00,2,0,0,0.0060149915516376
2024-10-17 06:00:00,2,0,0,0.0051027522422373
2024-10-17 06:15:00,2,0,0,0.0025949501432478
2024-10-17 06:30:00,2,0,0,0.0024403161369264
2024-10-17 06:45:00,2,0,0,0.0023132080677896
2024-10-17 07:00:00,2,0,0,0.0019804819021373
2024-10-17 07:15:00,2,0,0,0.0014819441130384
2024-10-17 07:30:00,2,0,0,0.0013274155789986
2024-10-17 07:45:00,2,0,0,0.0014417433412745
2024-10-17 08:00:00,2,0,0,0.001300310366787
2024-10-17 08:15:00,2,0,0,0.0012906972551718
2024-10-17 08:30:00,2,0,0,0.0013692560605704
2024-10-17 08:45:00,2,0,0,0.0012337461812421
2024-10-17 09:00:00,2,0,0,0.0010692733339965
2024-10-17 09:15:00,2,0,0,0.0011063708225265
2024-10-17 09:30:00,2,0,0,0.0010699672857299
2024-10-17 10:00:00,2,0,0,0.0010156008647754
2024-10-17 10:15:00,2,0,0,0.0010265585733577
2024-10-17 10:30:00,2,0,0,0.0010306074982509
2024-10-17 10:45:00,2,0,0,0.0011887584114447
2024-10-17 11:00:00,2,0,0,0.001281693810597
2024-10-17 11:15:00,2,0,0,0.0015877182595431
2024-10-17 11:30:00,2,0,0,0.0012942787725478
2024-10-17 11:45:00,2,0,0,0.0016247818712145
2024-10-17 12:00:00,2,0,0,0.0015125990612432
2024-10-17 12:15:00,2,0,0,0.0014777140459045
2024-10-17 12:30:00,2,0,0,0.0014321386115625
2024-10-17 12:45:00,2,0,0,0.0015794036444276
2024-10-17 13:00:00,2,0,0,0.0015420992858707
2024-10-17 13:15:00,2,0,0,0.0015843763248994
2024-10-17 13:30:00,2,0,0,0.0015259139472618
2024-10-17 13:45:00,2,0,0,0.0012511478271335
2024-10-17 14:00:00,2,0,0,0.0014342053327709
2024-10-17 14:15:00,2,0,0,0.00152504874859
2024-10-17 14:30:00,2,0,0,0.001759965904057
2024-10-17 14:45:00,2,0,0,0.0016709213377907
2024-10-17 15:00:00,2,0,0,0.001480859471485
2024-10-17 15:15:00,2,0,0,0.0012998377205803
2024-10-17 15:30:00,2,0,0,0.0012414838420227
2024-10-17 15:45:00,2,0,0,0.0012377966195344
2024-10-17 16:00:00,2,0,0,0.0012279207585379
2024-10-17 16:15:00,2,0,0,0.0012199926422908
2024-10-17 16:30:00,2,0,0,0.0012118520680814
2024-10-17 16:45:00,2,0,0,0.0013879067264497
2024-10-17 17:00:00,2,0,0,0.0013236701488494
2024-10-17 17:15:00,2,0,0,0.0013203907292336
2024-10-17 17:30:00,2,0,0,0.0012626778334379
2024-10-17 17:45:00,2,0,0,0.0014007309218868
2024-10-17 18:00:00,2,0,0,0.0013432768173515
2024-10-17 18:15:00,2,0,0,0.0014277737354859
2024-10-17 18:30:00,2,0,0,0.0015279164072126
2024-10-17 18:45:00,2,0,0,0.0018290168372914
2024-10-17 19:00:00,2,0,0,0.0053556938655674
2024-10-17 19:15:00,2,0,0,0.0102643435820937
2024-10-17 19:30:00,2,0,0,0.0042204530909657
2024-10-17 19:45:00,2,0,0,0.0054403315298259
2024-10-17 20:00:00,2,0,0,0.0039773788303136
2024-10-17 20:15:00,2,0,0,0.0044566374272108
2024-10-17 20:30:00,2,0,0,0.0026757202576845
2024-10-17 20:45:00,2,0,0,0.0022748662158846
2024-10-17 21:00:00,2,0,0,0.0025536420289427
2024-10-17 21:15:00,2,0,0,0.0035782004706561
2024-10-17 21:30:00,2,0,0,0.0022454282734543
2024-10-17 21:45:00,2,0,0,0.0020582596771419
2024-10-17 22:00:00,2,0,0,0.0035228133201599
2024-10-17 22:15:00,2,0,0,0.0127971395850181
2024-10-17 22:30:00,2,0,0,0.0088174156844615
2024-10-17 22:45:00,2,0,0,0.0362861044704914
2024-10-17 23:00:00,2,0,0,0.0416603945195674
2024-10-17 23:15:00,2,0,0,0.0231749955564737
2024-10-17 23:30:00,2,0,0,0.0747122913599014
2024-10-17 23:45:00,2,0,0,0.1765161007642746
2024-10-18 00:15:00,2,0,0,0.0489001832902431
2024-10-18 00:30:00,2,0,0,0.0207796934992074
2024-10-18 00:45:00,2,0,0,0.1951058506965637
2024-10-18 01:00:00,2,0,0,0.1196445226669311
2024-10-18 01:15:00,2,0,1,0.5303800702095032
2024-10-18 01:30:00,2,0,1,0.6011533737182617
2024-10-18 01:45:00,2,0,1,0.6047437191009521
2024-10-18 02:00:00,2,0,1,0.5839555859565735
2024-10-18 02:15:00,2,0,0,0.1699581444263458
2024-10-18 02:30:00,2,0,0,0.1446170657873153
2024-10-18 02:45:00,2,0,0,0.0485775768756866
2024-10-18 03:00:00,2,0,0,0.040393553674221
2024-10-18 03:15:00,2,0,0,0.3615938425064087
2024-10-18 03:30:00,2,0,1,0.5751420855522156
2024-10-18 03:45:00,2,0,1,0.5780867338180542
2024-10-18 04:00:00,2,1,1,0.5505234599113464
2024-10-18 04:15:00,2,1,1,0.6113925576210022
2024-10-18 04:30:00,2,0,1,0.633292019367218
2024-10-18 04:45:00,2,0,1,0.4884174168109894
2024-10-18 05:00:00,2,0,0,0.2818103432655334
2024-10-18 05:15:00,2,0,1,0.6082572937011719
2024-10-18 05:30:00,2,0,1,0.7340044975280762
2024-10-18 05:45:00,2,0,1,0.5748087167739868
2024-10-18 06:00:00,2,0,0,0.4024226665496826
2024-10-18 06:15:00,2,0,0,0.1032963395118713
2024-10-18 06:30:00,2,0,0,0.0138203166425228
2024-10-18 06:45:00,2,0,0,0.0062798336148262
2024-10-18 07:00:00,2,0,0,0.0052504842169582
2024-10-18 07:15:00,2,0,0,0.0027939665596932
2024-10-18 07:30:00,2,0,0,0.0022158401552587
2024-10-18 07:45:00,2,0,0,0.0024353091139346
2024-10-18 08:00:00,2,0,0,0.0019534840248525
2024-10-18 08:15:00,2,0,0,0.0019136208575218
2024-10-18 08:30:00,2,0,0,0.0012670564465224
2024-10-18 08:45:00,2,0,0,0.0013315011747181
2024-10-18 09:00:00,2,0,0,0.0014587043551728
2024-10-18 09:15:00,2,0,0,0.0013796453131362
2024-10-18 09:30:00,2,0,0,0.0014838632196187
2024-10-18 09:45:00,2,0,0,0.0017731193220242
2024-10-18 10:00:00,2,0,0,0.00200806860812
2024-10-18 10:15:00,2,0,0,0.0017859110375866
2024-10-18 10:30:00,2,0,0,0.0018428285839036
2024-10-18 10:45:00,2,0,0,0.0022394189145416
2024-10-18 11:00:00,2,0,0,0.0018470394425094
2024-10-18 11:15:00,2,0,0,0.002671516733244
2024-10-18 11:30:00,2,0,0,0.0028521651402115
2024-10-18 11:45:00,2,0,0,0.002503135241568
2024-10-18 12:00:00,2,0,0,0.0027453533839434
2024-10-18 12:15:00,2,0,0,0.0023511461913585
2024-10-18 12:30:00,2,0,0,0.0030367239378392
2024-10-18 12:45:00,2,0,0,0.0038857664912939
2024-10-18 13:00:00,2,0,0,0.0029881871305406
2024-10-18 13:15:00,2,0,0,0.002458480419591
2024-10-18 13:30:00,2,0,0,0.0026741246692836
2024-10-18 13:45:00,2,0,0,0.0032798734027892
2024-10-18 14:00:00,2,0,0,0.0022749840281903
2024-10-18 14:15:00,2,0,0,0.0026568919420242
2024-10-18 14:30:00,2,0,0,0.0018286048434674
2024-10-18 14:45:00,2,0,0,0.0016911762068048
2024-10-18 15:00:00,2,0,0,0.001388106145896
2024-10-18 15:15:00,2,0,0,0.0013250743504613
2024-10-18 15:30:00,2,0,0,0.0014212203677743
2024-10-18 15:45:00,2,0,0,0.0014668366638943
2024-10-18 16:00:00,2,0,0,0.0012601526686921
2024-10-18 16:15:00,2,0,0,0.0011481031542643
2024-10-18 16:30:00,2,0,0,0.0010840304894372
2024-10-18 16:45:00,2,0,0,0.0010067615658044
2024-10-18 17:00:00,2,0,0,0.0010391320101916
2024-10-18 17:15:00,2,0,0,0.0010951817966997
2024-10-18 17:30:00,2,0,0,0.0010599984088912
2024-10-18 17:45:00,2,0,0,0.0010465822415426
2024-10-18 18:00:00,2,0,0,0.00102124013938
2024-10-18 18:15:00,2,0,0,0.0009941533207893
2024-10-18 18:30:00,2,0,0,0.0009854186791926
2024-10-18 18:45:00,2,0,0,0.0009563489002175
2024-10-18 19:00:00,2,0,0,0.0010294532403349
2024-10-18 19:15:00,2,0,0,0.0009479013970121
2024-10-18 19:30:00,2,0,0,0.0010049846023321
2024-10-18 19:45:00,2,0,0,0.0009955108398571
2024-10-18 20:00:00,2,0,0,0.0009763849666342
2024-10-18 20:15:00,2,0,0,0.0010138155193999
2024-10-18 20:30:00,2,0,0,0.0011630075750872
2024-10-18 20:45:00,2,0,0,0.0010183121776208
2024-10-18 21:00:00,2,0,0,0.0010398062877357
2024-10-18 21:15:00,2,0,0,0.0010751130757853
2024-10-18 21:30:00,2,0,0,0.0011359505588188
2024-10-18 21:45:00,2,0,0,0.0011505911825224
2024-10-18 22:00:00,2,0,0,0.0013682711869478
2024-10-18 22:15:00,2,0,0,0.0019410351524129
2024-10-18 22:30:00,2,0,0,0.0018531396053731
2024-10-18 22:45:00,2,0,0,0.0017361508216708
2024-10-18 23:00:00,2,0,0,0.0015869783237576
2024-10-18 23:15:00,2,0,0,0.0017352675786241
2024-10-18 23:30:00,2,0,0,0.0015854575904086
2024-10-18 23:45:00,2,0,0,0.0015977011062204
2024-10-19 00:15:00,2,0,0,0.0018151975236833
2024-10-19 00:30:00,2,0,0,0.0015958120347931
2024-10-19 00:45:00,2,0,0,0.0014288182137534
2024-10-19 01:00:00,2,0,0,0.0016183969564735
2024-10-19 01:15:00,2,0,0,0.0014775599120184
2024-10-19 01:30:00,2,0,0,0.0014634920516982
2024-10-19 01:45:00,2,0,0,0.0026242400053888
2024-10-19 02:00:00,2,0,0,0.0046216617338359
2024-10-19 02:15:00,2,0,0,0.0073281996883451
2024-10-19 02:30:00,2,0,0,0.0067657954059541
2024-10-19 02:45:00,2,0,0,0.0633134171366691
2024-10-19 03:00:00,2,0,0,0.3246169686317444
2024-10-19 03:15:00,2,0,0,0.4379583895206451
2024-10-19 03:30:00,2,0,0,0.4664864838123321
2024-10-19 03:45:00,2,0,0,0.291205883026123
2024-10-19 04:00:00,2,0,0,0.413276344537735
2024-10-19 04:15:00,2,0,1,0.5367480516433716
2024-10-19 04:30:00,2,0,0,0.467766135931015
2024-10-19 04:45:00,2,0,0,0.477394163608551
2024-10-19 05:00:00,2,0,1,0.6016088128089905
2024-10-19 05:15:00,2,0,1,0.6261095404624939
2024-10-19 05:30:00,2,0,1,0.6821594834327698
2024-10-19 05:45:00,2,0,1,0.6001468896865845
2024-10-19 06:00:00,2,0,1,0.5398274660110474
2024-10-19 06:15:00,2,0,0,0.353372573852539
2024-10-19 06:30:00,2,0,1,0.6388148665428162
2024-10-19 06:45:00,2,0,1,0.674870491027832
2024-10-19 07:00:00,2,1,1,0.5565627217292786
2024-10-19 07:15:00,2,0,0,0.4046712517738342
2024-10-19 07:30:00,2,1,0,0.3252983391284942
2024-10-19 07:45:00,2,0,0,0.066834270954132
2024-10-19 08:00:00,2,1,1,0.5218474268913269
2024-10-19 08:15:00,2,1,1,0.6189351081848145
2024-10-19 08:30:00,2,1,1,0.5513136982917786
2024-10-19 08:45:00,2,1,1,0.5883894562721252
2024-10-19 09:00:00,2,1,1,0.5853504538536072
2024-10-19 09:15:00,2,0,1,0.5648974180221558
2024-10-19 09:30:00,2,0,0,0.2887513339519501
2024-10-19 09:45:00,2,0,0,0.0447868034243583
2024-10-19 10:00:00,2,0,0,0.0074353190138936
2024-10-19 10:15:00,2,0,0,0.0055937897413969
2024-10-19 10:30:00,2,0,0,0.0026499796658754
2024-10-19 10:45:00,2,0,0,0.0031495243310928
2024-10-19 11:00:00,2,0,0,0.0029375120066106
2024-10-19 11:15:00,2,0,0,0.0068804649636149
2024-10-19 11:30:00,2,0,0,0.002853623824194
2024-10-19 11:45:00,2,0,0,0.0032293610274791
2024-10-19 12:00:00,2,0,0,0.004219299647957
2024-10-19 12:15:00,2,0,0,0.2090861648321151
2024-10-19 12:30:00,2,0,0,0.307851105928421
2024-10-19 12:45:00,2,0,0,0.0186565238982439
2024-10-19 13:00:00,2,0,0,0.0289785116910934
2024-10-19 13:15:00,2,0,0,0.0783138945698738
2024-10-19 13:30:00,2,0,0,0.0659619867801666
2024-10-19 13:45:00,2,0,0,0.1135931983590126
2024-10-19 14:00:00,2,0,0,0.160174623131752
2024-10-19 14:15:00,2,0,0,0.1166886240243911
2024-10-19 14:30:00,2,0,0,0.0083436099812388
2024-10-19 14:45:00,2,0,0,0.0041916165500879
2024-10-19 15:00:00,2,0,0,0.0024356907233595
2024-10-19 15:15:00,2,0,0,0.0020283323246985
2024-10-19 15:30:00,2,0,0,0.0018628569087013
2024-10-19 15:45:00,2,0,0,0.001824072911404
2024-10-19 16:00:00,2,0,0,0.0045471750199794
2024-10-19 16:15:00,2,0,0,0.0045989025384187
2024-10-19 16:30:00,2,0,0,0.0031821203883737
2024-10-19 16:45:00,2,0,0,0.0022970605641603
2024-10-19 17:00:00,2,0,0,0.0059848269447684
2024-10-19 17:15:00,2,0,0,0.0073406998999416
2024-10-19 17:30:00,2,0,0,0.0029521118849515
2024-10-19 17:45:00,2,0,0,0.0083029698580503
2024-10-19 18:00:00,2,1,0,0.2669082880020141
2024-10-19 18:15:00,2,1,1,0.5227171182632446
2024-10-19 18:30:00,2,1,1,0.4557804763317108
2024-10-19 18:45:00,2,1,1,0.6655079126358032
2024-10-19 19:00:00,2,1,1,0.7427399754524231
2024-10-19 19:15:00,2,1,1,0.8425412774085999
2024-10-19 19:30:00,2,1,1,0.6712982058525085
2024-10-19 19:45:00,2,1,1,0.5090662240982056
2024-10-19 20:00:00,2,1,0,0.2664528787136078
2024-10-19 20:15:00,2,0,0,0.365741103887558
2024-10-19 20:30:00,2,0,0,0.2036626636981964
2024-10-19 20:45:00,2,0,0,0.3028959929943084
2024-10-19 21:00:00,2,0,0,0.1916566342115402
2024-10-19 21:15:00,2,0,0,0.1314429342746734
2024-10-19 21:30:00,2,0,0,0.0974340885877609
2024-10-19 21:45:00,2,0,0,0.1567349433898925
2024-10-19 22:00:00,2,0,0,0.2787204682826996
2024-10-19 22:15:00,2,0,0,0.2252712100744247
2024-10-19 22:30:00,2,0,0,0.094829112291336
2024-10-19 22:45:00,2,0,0,0.0364928618073463
2024-10-19 23:00:00,2,0,0,0.0156015856191515
2024-10-19 23:15:00,2,0,0,0.0216616615653038
2024-10-19 23:30:00,2,0,0,0.0068682236596941
2024-10-19 23:45:00,2,0,0,0.0036877046804875
2024-10-20 00:15:00,2,0,0,0.0028012441471219
2024-10-20 00:30:00,2,0,0,0.0022115977481007
2024-10-20 00:45:00,2,0,0,0.0022057713940739
2024-10-20 01:00:00,2,0,0,0.0017522856360301
2024-10-20 01:15:00,2,0,0,0.0015305170090869
2024-10-20 01:30:00,2,0,0,0.0015001336578279
2024-10-20 01:45:00,2,0,0,0.001252420945093
2024-10-20 02:00:00,2,0,0,0.0016028409590944
2024-10-20 02:15:00,2,0,0,0.001550939050503
2024-10-20 02:30:00,2,0,0,0.0012154983123764
2024-10-20 02:45:00,2,0,0,0.0012040340807288
2024-10-20 03:00:00,2,0,0,0.0011921087279915
2024-10-20 03:15:00,2,0,0,0.0013807024806737
2024-10-20 03:30:00,2,0,0,0.0019540779758244
2024-10-20 03:45:00,2,0,0,0.0021891724318265
2024-10-20 04:00:00,2,0,0,0.0020334916189312
2024-10-20 04:15:00,2,0,0,0.0020722479093819
2024-10-20 04:30:00,2,0,0,0.0025513065047562
2024-10-20 04:45:00,2,0,0,0.0024386171717196
2024-10-20 05:00:00,2,0,0,0.0019527347758412
2024-10-20 05:15:00,2,0,0,0.0019823911134153
2024-10-20 05:30:00,2,0,0,0.0022850101813673
2024-10-20 05:45:00,2,0,0,0.0023266016505658
2024-10-20 06:00:00,2,0,0,0.0020727280061692
2024-10-20 06:15:00,2,0,0,0.0024046194739639
2024-10-20 06:30:00,2,0,0,0.0022581845987588
2024-10-20 06:45:00,2,0,0,0.0017905600834637
2024-10-20 07:00:00,2,0,0,0.0017980340635403
2024-10-20 07:15:00,2,0,0,0.0022265275474637
2024-10-20 07:30:00,2,0,0,0.0022756282705813
2024-10-20 07:45:00,2,0,0,0.0018673000158742
2024-10-20 08:00:00,2,0,0,0.0017525802832096
2024-10-20 08:15:00,2,0,0,0.0017927089938893
2024-10-20 08:30:00,2,0,0,0.0019431664841249
2024-10-20 08:45:00,2,0,0,0.0020141068380326
2024-10-20 09:00:00,2,0,0,0.0020725077483803
2024-10-20 09:15:00,2,0,0,0.0018466060282662
2024-10-20 09:30:00,2,0,0,0.0020150633063167
2024-10-20 09:45:00,2,0,0,0.0017125345766544
2024-10-20 10:00:00,2,0,0,0.001773057738319
2024-10-20 10:15:00,2,0,0,0.0016513045411556
2024-10-20 10:30:00,2,0,0,0.0018147426890209
2024-10-20 10:45:00,2,0,0,0.0018213426228612
2024-10-20 11:00:00,2,0,0,0.0023218586575239
2024-10-20 11:15:00,2,0,0,0.0031206915155053
2024-10-20 11:30:00,2,0,0,0.0020474707707762
2024-10-20 11:45:00,2,0,0,0.0017599003622308
2024-10-20 12:00:00,2,0,0,0.0017074894858524
2024-10-20 12:15:00,2,0,0,0.001862569595687
2024-10-20 12:30:00,2,0,0,0.0016476504970341
2024-10-20 12:45:00,2,0,0,0.0018344455165788
2024-10-20 13:00:00,2,0,0,0.001671839156188
2024-10-20 13:15:00,2,0,0,0.0020907442085444
2024-10-20 13:30:00,2,0,0,0.0020334606524556
2024-10-20 13:45:00,2,0,0,0.0023926545400172
2024-10-20 14:00:00,2,0,0,0.0026566348969936
2024-10-20 14:15:00,2,0,0,0.0022373122628778
2024-10-20 14:30:00,2,0,0,0.0023074864875525
2024-10-20 14:45:00,2,0,0,0.0026351581327617
2024-10-20 15:00:00,2,0,0,0.0024994604755192
2024-10-20 15:15:00,2,0,0,0.0025301133282482
2024-10-20 15:30:00,2,0,0,0.0020593826193362
2024-10-20 15:45:00,2,0,0,0.0025136233307421
2024-10-20 16:00:00,2,0,0,0.002035844605416
2024-10-20 16:15:00,2,0,0,0.0020213201642036
2024-10-20 16:30:00,2,0,0,0.001937837456353
2024-10-20 16:45:00,2,0,0,0.0020708420779556
2024-10-20 17:00:00,2,0,0,0.0018136405851691
2024-10-20 17:15:00,2,0,0,0.0016169792506843
2024-10-20 17:30:00,2,0,0,0.0016083180671557
2024-10-20 17:45:00,2,0,0,0.0016106915427371
2024-10-20 18:00:00,2,0,0,0.001484676846303
2024-10-20 18:15:00,2,0,0,0.0015651221619918
2024-10-20 18:30:00,2,0,0,0.0014329411787912
2024-10-20 18:45:00,2,0,0,0.001473483047448
2024-10-20 19:00:00,2,0,0,0.0013445294462144
2024-10-20 19:15:00,2,0,0,0.0015615208540111
2024-10-20 19:30:00,2,0,0,0.001609671395272
2024-10-20 19:45:00,2,0,0,0.0014735962031409
2024-10-20 20:00:00,2,0,0,0.001254700939171
2024-10-20 20:15:00,2,0,0,0.0014053827617317
2024-10-20 20:30:00,2,0,0,0.0015470536891371
2024-10-20 20:45:00,2,0,0,0.0015207293909043
2024-10-20 21:00:00,2,0,0,0.0016787589993327
2024-10-20 21:15:00,2,0,0,0.0014397045597434
2024-10-20 21:30:00,2,0,0,0.0019713542424142
2024-10-20 21:45:00,2,0,0,0.0016340969596058
2024-10-20 22:00:00,2,0,0,0.0017409871798008
2024-10-20 22:15:00,2,0,0,0.0015411208150908
2024-10-20 22:30:00,2,0,0,0.0018398065585643
2024-10-20 22:45:00,2,0,0,0.0016306929755955
2024-10-20 23:00:00,2,0,0,0.0017927861772477
2024-10-20 23:15:00,2,0,0,0.0017084497958421
2024-10-20 23:30:00,2,0,0,0.0017637145938351
2024-10-20 23:45:00,2,0,0,0.0021168226376175
2024-10-21 00:15:00,2,0,0,0.0018699703505262
2024-10-21 00:30:00,2,0,0,0.0025157628115266
2024-10-21 00:45:00,2,0,0,0.0018062354065477
2024-10-21 01:00:00,2,0,0,0.0024301358498632
2024-10-21 01:15:00,2,0,0,0.0019853108096867
2024-10-21 01:30:00,2,0,0,0.0020631754305213
2024-10-21 01:45:00,2,0,0,0.0021154386922717
2024-10-21 02:00:00,2,0,0,0.002350102411583
2024-10-21 02:15:00,2,0,0,0.0016386733623221
2024-10-21 02:30:00,2,0,0,0.0012880114372819
2024-10-21 02:45:00,2,0,0,0.001200046041049
2024-10-21 03:00:00,2,0,0,0.0014630813384428
2024-10-21 03:15:00,2,0,0,0.0014764005318284
2024-10-21 03:30:00,2,0,0,0.0012238345807418
2024-10-21 03:45:00,2,0,0,0.0013024393701925
2024-10-21 04:00:00,2,0,0,0.0012064082548022
2024-10-21 04:15:00,2,0,0,0.001240812591277
2024-10-21 04:30:00,2,0,0,0.0012282070238143
2024-10-21 04:45:00,2,0,0,0.0013548460556194
2024-10-21 05:00:00,2,0,0,0.0018053769599646
2024-10-21 05:15:00,2,0,0,0.0015065912157297
2024-10-21 05:30:00,2,0,0,0.0014288746751844
2024-10-21 05:45:00,2,0,0,0.0014407171402126
2024-10-21 06:00:00,2,0,0,0.0019108831183984
2024-10-21 06:15:00,2,0,0,0.0019417001167312
2024-10-21 06:30:00,2,0,0,0.0018372593913227
2024-10-21 06:45:00,2,0,0,0.0031119578052312
2024-10-24 03:15:00,3,0,0,0.0008687145891599
2024-10-24 03:30:00,3,0,0,0.0008300844347104
2024-10-24 03:45:00,3,0,0,0.000898067082744
2024-10-24 04:00:00,3,0,0,0.0009679321665316
2024-10-24 04:15:00,3,0,0,0.0010158556979149
2024-10-24 04:30:00,3,0,0,0.0010240360861644
2024-10-24 04:45:00,3,0,0,0.0010974673787131
2024-10-24 05:00:00,3,0,0,0.0010058570187538
2024-10-24 05:15:00,3,0,0,0.000963146216236
2024-10-24 05:30:00,3,0,0,0.0010046974057331
2024-10-24 05:45:00,3,0,0,0.0011532891076058
2024-10-24 06:00:00,3,0,0,0.0011382737429812
2024-10-24 06:15:00,3,0,0,0.0012391183990985
2024-10-24 06:30:00,3,0,0,0.0012135849101468
2024-10-24 06:45:00,3,0,0,0.0011696759611368
2024-10-24 07:00:00,3,0,0,0.0012256238842383
2024-10-24 07:15:00,3,0,0,0.0011378463823348
2024-10-24 07:30:00,3,0,0,0.001156433369033
2024-10-24 07:45:00,3,0,0,0.0011906115105375
2024-10-24 08:00:00,3,0,0,0.0013718646951019
2024-10-24 08:15:00,3,0,0,0.0013147589052096
2024-10-24 08:30:00,3,0,0,0.0013848763192072
2024-10-24 08:45:00,3,0,0,0.0014277369482442
2024-10-24 09:00:00,3,0,0,0.0013115882175043
2024-10-24 09:15:00,3,0,0,0.0012274392647668
2024-10-24 09:30:00,3,0,0,0.0011458105873316
2024-10-24 09:45:00,3,0,0,0.0010486938990652
2024-10-24 10:00:00,3,0,0,0.0010269079357385
2024-10-24 10:15:00,3,0,0,0.001074447762221
2024-10-24 10:30:00,3,0,0,0.0012114221462979
2024-10-24 10:45:00,3,0,0,0.0013307677581906
2024-10-24 11:00:00,3,0,0,0.0011789611307904
2024-10-24 11:15:00,3,0,0,0.0012135574361309
2024-10-24 11:30:00,3,0,0,0.0011960972333326
2024-10-24 11:45:00,3,0,0,0.0012294768821448
2024-10-24 12:00:00,3,0,0,0.0012086415663361
2024-10-24 12:15:00,3,0,0,0.0011563898297026
2024-10-24 12:30:00,3,0,0,0.001110948738642
2024-10-24 12:45:00,3,0,0,0.0011126160388812
2024-10-24 13:00:00,3,0,0,0.0011371880536898
2024-10-24 13:15:00,3,0,0,0.0010974039323627
2024-10-24 13:30:00,3,0,0,0.0011137962574139
2024-10-24 13:45:00,3,0,0,0.001091344631277
2024-10-24 14:00:00,3,0,0,0.0009971242398023
2024-10-24 14:15:00,3,0,0,0.0009200434433296
2024-10-24 14:30:00,3,0,0,0.0010135265765711
2024-10-24 14:45:00,3,0,0,0.0008933946373872
2024-10-24 15:00:00,3,0,0,0.0010445552179589
2024-10-24 15:15:00,3,0,0,0.0010732087539508
2024-10-24 15:30:00,3,0,0,0.0009446338517591
2024-10-24 15:45:00,3,0,0,0.0009570252150297
2024-10-24 16:00:00,3,0,0,0.0008800084469839
2024-10-24 16:15:00,3,0,0,0.0008502220734953
2024-10-24 16:30:00,3,0,0,0.0008460617973469
2024-10-24 16:45:00,3,0,0,0.0007798566366545
2024-10-24 17:00:00,3,0,0,0.0008938912651501
2024-10-24 17:15:00,3,0,0,0.001093965023756
2024-10-24 17:30:00,3,0,0,0.0011012848699465
2024-10-24 17:45:00,3,0,0,0.0011993359075859
2024-10-24 18:00:00,3,0,0,0.00127191725187
2024-10-24 18:15:00,3,0,0,0.0011973894434049
2024-10-24 18:30:00,3,0,0,0.0010258123511448
2024-10-24 18:45:00,3,0,0,0.0009777313098311
2024-10-24 19:00:00,3,0,0,0.0009992135455831
2024-10-24 19:15:00,3,0,0,0.0008691058610565
2024-10-24 19:30:00,3,0,0,0.0008988386834971
2024-10-24 19:45:00,3,0,0,0.0009019816643558
2024-10-24 20:00:00,3,0,0,0.0009003418963402
2024-10-24 20:15:00,3,0,0,0.0008446610881946
2024-10-24 20:30:00,3,0,0,0.0009609371772967
2024-10-24 20:45:00,3,0,0,0.0008880164241418
2024-10-24 21:00:00,3,0,0,0.0008447246509604
2024-10-24 21:15:00,3,0,0,0.0008207251667045
2024-10-24 21:30:00,3,0,0,0.0009464966715313
2024-10-24 21:45:00,3,0,0,0.0010064688976854
2024-10-24 22:00:00,3,0,0,0.0008771610446274
2024-10-24 22:15:00,3,0,0,0.0008549347403459
2024-10-24 22:30:00,3,0,0,0.0008632748504169
2024-10-24 22:45:00,3,0,0,0.0008084968430921
2024-10-24 23:00:00,3,0,0,0.000808312324807
2024-10-24 23:15:00,3,0,0,0.000944084720686
2024-10-24 23:30:00,3,0,0,0.0009909523651003
2024-10-24 23:45:00,3,0,0,0.0010189356980845
2024-10-25 00:15:00,3,0,0,0.0009027635678648
2024-10-25 00:30:00,3,0,0,0.0008369421702809
2024-10-25 00:45:00,3,0,0,0.0007904762169346
2024-10-25 01:00:00,3,0,0,0.000759829650633
2024-10-25 01:15:00,3,0,0,0.0007333367248065
2024-10-25 01:30:00,3,0,0,0.0007693453226238
2024-10-25 01:45:00,3,0,0,0.0008100082050077
2024-10-25 02:00:00,3,0,0,0.0007949562859721
2024-10-25 02:15:00,3,0,0,0.0008109638583846
2024-10-25 02:30:00,3,0,0,0.0007239389815367
2024-10-25 02:45:00,3,0,0,0.000759606482461
2024-10-25 03:00:00,3,0,0,0.0007630531326867
2024-10-25 03:15:00,3,0,0,0.0008135849493555
2024-10-25 03:30:00,3,0,0,0.0007980135269463
2024-10-25 03:45:00,3,0,0,0.0008431710302829
2024-10-25 04:00:00,3,0,0,0.000931309943553
2024-10-25 04:15:00,3,0,0,0.0008802690426819
2024-10-25 04:30:00,3,0,0,0.0009357804083265
2024-10-25 04:45:00,3,0,0,0.0009179254411719
2024-10-25 05:00:00,3,0,0,0.0009112737025134
2024-10-25 05:15:00,3,0,0,0.0009464261238463
2024-10-25 05:30:00,3,0,0,0.0009009128552861
2024-10-25 05:45:00,3,0,0,0.0008787201368249
2024-10-25 06:00:00,3,0,0,0.0009090171079151
2024-10-25 06:15:00,3,0,0,0.0008353974553756
2024-10-25 06:30:00,3,0,0,0.0008731139823794
2024-10-25 06:45:00,3,0,0,0.000951342692133
2024-10-25 07:00:00,3,0,0,0.0009940646123141
2024-10-25 07:15:00,3,0,0,0.0009619864285923
2024-10-25 07:30:00,3,0,0,0.0008626187336631
2024-10-25 07:45:00,3,0,0,0.0008472648332826
2024-10-25 08:00:00,3,0,0,0.0009104545461013
2024-10-25 08:15:00,3,0,0,0.0009885083418339
2024-10-25 08:30:00,3,0,0,0.0009852704824879
2024-10-25 08:45:00,3,0,0,0.0011190884979441
2024-10-25 09:00:00,3,0,0,0.0011189592769369
2024-10-25 09:15:00,3,0,0,0.0011792175937443
2024-10-25 09:30:00,3,0,0,0.0011782634537667
2024-10-25 09:45:00,3,0,0,0.0012253287713974
2024-10-25 10:00:00,3,0,0,0.0011645184131339
2024-10-25 10:15:00,3,0,0,0.0011332817375659
2024-10-25 10:30:00,3,0,0,0.0011384764220565
2024-10-25 10:45:00,3,0,0,0.0011703518684953
2024-10-25 11:00:00,3,0,0,0.0011069768806919
2024-10-25 11:15:00,3,0,0,0.0011146079050377
2024-10-25 11:30:00,3,0,0,0.0011286528315395
2024-10-25 11:45:00,3,0,0,0.0011334843002259
2024-10-25 12:00:00,3,0,0,0.0011019670637324
2024-10-25 12:15:00,3,0,0,0.0010793197434395
2024-10-25 12:30:00,3,0,0,0.0010977329220622
2024-10-25 12:45:00,3,0,0,0.0010625353315845
2024-10-25 13:00:00,3,0,0,0.0010437131859362
2024-10-25 13:15:00,3,0,0,0.0010620513930916
2024-10-25 13:30:00,3,0,0,0.0010382779873907
2024-10-25 13:45:00,3,0,0,0.0010063939262181
2024-10-25 14:00:00,3,0,0,0.0010259016416966
2024-10-25 14:15:00,3,0,0,0.001089125755243
2024-10-25 14:30:00,3,0,0,0.0010693297954276
2024-10-25 14:45:00,3,0,0,0.0010960707440972
2024-10-25 15:00:00,3,0,0,0.0010757090058177
2024-10-25 15:15:00,3,0,0,0.0009875524556264
2024-10-25 15:30:00,3,0,0,0.0008784865494817
2024-10-25 15:45:00,3,0,0,0.0007863589562475
2024-10-25 16:00:00,3,0,0,0.0008788982522673
2024-10-25 16:15:00,3,0,0,0.0010698324767872
2024-10-25 16:30:00,3,0,0,0.0010676380479708
2024-10-25 16:45:00,3,0,0,0.0008866643183864
2024-10-25 17:00:00,3,0,0,0.0016394325066357
2024-10-25 17:15:00,3,0,0,0.0009320768294855
2024-10-25 17:30:00,3,0,0,0.0008181250304915
2024-10-25 17:45:00,3,0,0,0.0007341563468798
2024-10-25 18:00:00,3,0,0,0.0011978952679783
2024-10-25 18:15:00,3,0,0,0.0016203762497752
2024-10-25 18:30:00,3,0,0,0.0015816651284694
2024-10-25 18:45:00,3,0,0,0.0023791429121047
2024-10-25 19:00:00,3,0,0,0.0096416408196091
2024-10-25 19:15:00,3,0,0,0.0210043750703334
2024-10-25 19:30:00,3,0,0,0.3463808298110962
2024-10-25 19:45:00,3,0,0,0.0777677595615387
2024-10-25 20:00:00,3,0,0,0.0108564896509051
2024-10-25 20:15:00,3,0,0,0.0288779530674219
2024-10-25 20:30:00,3,0,0,0.1462505310773849
2024-10-25 20:45:00,3,0,0,0.0080072805285453
2024-10-25 21:00:00,3,0,0,0.0166978165507316
2024-10-25 21:15:00,3,0,0,0.0588332451879978
2024-10-25 21:30:00,3,0,0,0.0179451294243335
2024-10-25 21:45:00,3,0,0,0.0105671249330043
2024-10-25 22:00:00,3,0,0,0.0064537017606198
2024-10-25 22:15:00,3,0,0,0.0027946757618337
2024-10-25 22:30:00,3,0,0,0.0016871414845809
2024-10-25 22:45:00,3,0,0,0.0049558468163013
2024-10-25 23:00:00,3,0,1,0.551034152507782
2024-10-25 23:15:00,3,0,1,0.5342735052108765
2024-10-25 23:30:00,3,0,0,0.3050844073295593
2024-10-25 23:45:00,3,0,0,0.1978755742311477
2024-10-26 00:15:00,3,0,0,0.2413482517004013
2024-10-26 00:30:00,3,0,0,0.2853799760341644
2024-10-26 00:45:00,3,0,0,0.3846045136451721
2024-10-26 01:00:00,3,0,0,0.1471946239471435
2024-10-26 01:15:00,3,0,1,0.6191627383232117
2024-10-26 01:30:00,3,0,1,0.6087197661399841
2024-10-26 01:45:00,3,0,1,0.6041812300682068
2024-10-26 02:00:00,3,0,1,0.6138197183609009
2024-10-26 02:15:00,3,1,1,0.5974487066268921
2024-10-26 02:30:00,3,1,1,0.5227794051170349
2024-10-26 02:45:00,3,1,1,0.7463388442993164
2024-10-26 03:00:00,3,1,1,0.7763350009918213
2024-10-26 03:15:00,3,1,1,0.7624938488006592
2024-10-26 03:30:00,3,1,1,0.7106461524963379
2024-10-26 03:45:00,3,1,1,0.7962626814842224
2024-10-26 04:00:00,3,1,1,0.7466373443603516
2024-10-26 04:15:00,3,1,1,0.6142905354499817
2024-10-26 04:30:00,3,1,1,0.7957967519760132
2024-10-26 04:45:00,3,1,1,0.7438461780548096
2024-10-26 05:00:00,3,1,1,0.7842198014259338
2024-10-26 05:15:00,3,1,1,0.7927305698394775
2024-10-26 05:30:00,3,1,1,0.7882500886917114
2024-10-26 05:45:00,3,1,1,0.7954671382904053
2024-10-26 06:00:00,3,1,1,0.8158864378929138
2024-10-26 06:15:00,3,1,1,0.7655109167098999
2024-10-26 06:30:00,3,1,1,0.7190659046173096
2024-10-26 06:45:00,3,1,1,0.6648558974266052
2024-10-26 07:00:00,3,1,1,0.6290963292121887
2024-10-26 07:15:00,3,1,1,0.7044892907142639
2024-10-26 07:30:00,3,1,1,0.6684675216674805
2024-10-26 07:45:00,3,1,1,0.6876258254051208
2024-10-26 08:00:00,3,1,1,0.7363178133964539
2024-10-26 08:15:00,3,1,1,0.6215987205505371
2024-10-26 08:30:00,3,1,1,0.5575624108314514
2024-10-26 08:45:00,3,0,1,0.5454827547073364
2024-10-26 09:00:00,3,0,1,0.5407971143722534
2024-10-26 09:15:00,3,0,0,0.4337295293807983
2024-10-26 09:30:00,3,0,0,0.1847185492515564
2024-10-26 09:45:00,3,0,0,0.1012866050004959
2024-10-26 10:00:00,3,0,0,0.0407742112874984
2024-10-26 10:15:00,3,0,0,0.0101241646334528
2024-10-26 10:30:00,3,0,0,0.0032158670946955
2024-10-26 10:45:00,3,0,0,0.0017919223755598
2024-10-26 11:00:00,3,0,0,0.0010072744917124
2024-10-26 11:15:00,3,0,0,0.0015423537697643
2024-10-26 11:30:00,3,0,0,0.0014565110905095
2024-10-26 11:45:00,3,0,0,0.002804784104228
2024-10-26 12:00:00,3,0,0,0.0022879808675497
2024-10-26 12:15:00,3,0,0,0.0022150059230625
2024-10-26 12:30:00,3,0,0,0.0018091271631419
2024-10-26 12:45:00,3,0,0,0.0016947753028944
2024-10-26 13:00:00,3,0,0,0.0016979667125269
2024-10-26 13:15:00,3,0,0,0.0010570974554866
2024-10-26 13:30:00,3,0,0,0.0010013713035732
2024-10-26 13:45:00,3,0,0,0.00118108978495
2024-10-26 14:00:00,3,0,0,0.0013876701705157
2024-10-26 14:15:00,3,0,0,0.0014877326320856
2024-10-26 14:30:00,3,0,0,0.0018104966729879
2024-10-26 14:45:00,3,0,0,0.0018733196193352
2024-10-26 15:00:00,3,0,0,0.0014472741167992
2024-10-26 15:15:00,3,0,0,0.00123852933757
2024-10-26 15:30:00,3,0,0,0.0010588840814307
2024-10-26 15:45:00,3,0,0,0.0009352827910333
2024-10-26 16:00:00,3,0,0,0.0009870360372588
2024-10-26 16:15:00,3,0,0,0.0009090041858144
2024-10-26 16:30:00,3,0,0,0.0008501624106429
2024-10-26 16:45:00,3,0,0,0.0007967149140313
2024-10-26 17:00:00,3,0,0,0.0007871561101637
2024-10-26 17:15:00,3,0,0,0.0009204839006997
2024-10-26 17:30:00,3,0,0,0.0007047679973766
2024-10-26 17:45:00,3,0,0,0.000889244955033
2024-10-26 18:00:00,3,0,0,0.0011023466940969
2024-10-26 18:15:00,3,0,0,0.0011982722207903
2024-10-26 18:30:00,3,0,0,0.0008429979206994
2024-10-26 18:45:00,3,0,0,0.00103661196772
2024-10-26 19:00:00,3,0,0,0.0007772888056933
2024-10-26 19:15:00,3,0,0,0.0010713789379224
2024-10-26 19:30:00,3,0,0,0.0012214805465191
2024-10-26 19:45:00,3,0,0,0.001219144789502
2024-10-26 20:00:00,3,0,0,0.0009354310459457
2024-10-26 20:15:00,3,0,0,0.0010522755328565
2024-10-26 20:30:00,3,0,0,0.0009855385869741
2024-10-26 20:45:00,3,0,0,0.0010300129652023
2024-10-26 21:00:00,3,0,0,0.0007290623616427
2024-10-26 21:15:00,3,0,0,0.0007539296639151
2024-10-26 21:30:00,3,0,0,0.0008100221748463
2024-10-26 21:45:00,3,0,0,0.0009000687859952
2024-10-26 22:00:00,3,0,0,0.0009303517290391
2024-10-26 22:15:00,3,0,0,0.0009171516867354
2024-10-26 22:30:00,3,0,0,0.0008980042184703
2024-10-26 22:45:00,3,0,0,0.0010555827757343
2024-10-26 23:00:00,3,0,0,0.0012362248962745
2024-10-26 23:15:00,3,0,0,0.0012799910036846
2024-10-26 23:30:00,3,0,0,0.3240453600883484
2024-10-26 23:45:00,3,0,0,0.2957964837551117
2024-10-27 00:15:00,3,0,0,0.0029491891618818
2024-10-27 00:30:00,3,0,0,0.0022498106118291
2024-10-27 00:45:00,3,0,0,0.0018410520860925
2024-10-27 01:00:00,3,0,0,0.003453244222328
2024-10-27 01:15:00,3,0,0,0.0987124741077423
2024-10-27 01:30:00,3,0,0,0.3976157009601593
2024-10-27 01:45:00,3,0,0,0.4481447637081146
2024-10-27 02:00:00,3,0,0,0.4593185782432556
2024-10-27 02:15:00,3,0,0,0.4433838129043579
2024-10-27 02:30:00,3,0,0,0.190325453877449
2024-10-27 02:45:00,3,0,0,0.1018867269158363
2024-10-27 03:00:00,3,0,0,0.1367013752460479
2024-10-27 03:15:00,3,0,0,0.0801367610692977
2024-10-27 03:30:00,3,0,0,0.0289464816451072
2024-10-27 03:45:00,3,0,0,0.2373311519622802
2024-10-27 04:00:00,3,0,0,0.3183278143405914
2024-10-27 04:15:00,3,0,0,0.3983499109745025
2024-10-27 04:30:00,3,0,1,0.4935678541660309
2024-10-27 04:45:00,3,1,1,0.5379432439804077
2024-10-27 05:00:00,3,0,1,0.6230832934379578
2024-10-27 05:15:00,3,0,1,0.6371944546699524
2024-10-27 05:30:00,3,0,1,0.4952900111675262
2024-10-27 05:45:00,3,0,1,0.5509891510009766
2024-10-27 06:00:00,3,1,1,0.6628426313400269
2024-10-27 06:15:00,3,1,1,0.733191967010498
2024-10-27 06:30:00,3,1,1,0.7734745144844055
2024-10-27 06:45:00,3,1,1,0.7939003109931946
2024-10-27 07:00:00,3,1,1,0.7781565189361572
2024-10-27 07:15:00,3,1,1,0.795619010925293
2024-10-27 07:30:00,3,1,1,0.7799575924873352
2024-10-27 07:45:00,3,1,1,0.7500799298286438
2024-10-27 08:00:00,3,1,1,0.7141878008842468
2024-10-27 08:15:00,3,1,1,0.6800861954689026
2024-10-27 08:30:00,3,0,1,0.655179500579834
2024-10-27 08:45:00,3,0,1,0.5648825168609619
2024-10-27 09:00:00,3,0,0,0.4672977924346924
2024-10-27 09:15:00,3,0,0,0.3865478336811065
2024-10-27 09:30:00,3,0,0,0.08883848041296
2024-10-27 09:45:00,3,0,0,0.0343627445399761
2024-10-27 10:00:00,3,0,0,0.016078095883131
2024-10-27 10:15:00,3,0,0,0.0074068047106266
2024-10-27 10:30:00,3,0,0,0.0031149461865425
2024-10-27 10:45:00,3,0,0,0.0032494855113327
2024-10-27 11:00:00,3,0,0,0.3558109700679779
2024-10-27 11:15:00,3,0,0,0.0589163787662982
2024-10-27 11:30:00,3,0,0,0.00418416922912
2024-10-27 11:45:00,3,0,0,0.0049071377143263
2024-10-27 12:00:00,3,0,0,0.0030045923776924
2024-10-27 12:15:00,3,0,0,0.0024156463332474
2024-10-27 12:30:00,3,0,0,0.0015602271305397
2024-10-27 12:45:00,3,0,0,0.0015328205190598
2024-10-27 13:00:00,3,0,0,0.0016316201072186
2024-10-27 13:15:00,3,0,0,0.0015572636621072
2024-10-27 13:30:00,3,0,0,0.0011372688459232
2024-10-27 13:45:00,3,0,0,0.0013251452473923
2024-10-27 14:00:00,3,0,0,0.0013441281626001
2024-10-27 14:15:00,3,0,0,0.0011692228727042
2024-10-27 14:30:00,3,0,0,0.0009265778353437
2024-10-27 14:45:00,3,0,0,0.0011218998115509
2024-10-27 15:00:00,3,0,0,0.0008403098909184
2024-10-27 15:15:00,3,0,0,0.0007857454475015
2024-10-27 15:30:00,3,0,0,0.0009067811770364
2024-10-27 15:45:00,3,0,0,0.0008575432584621
2024-10-27 16:00:00,3,0,0,0.0007349424995481
2024-10-27 16:15:00,3,0,0,0.0007604247075505
2024-10-27 16:30:00,3,0,0,0.0007790888193994
2024-10-27 16:45:00,3,0,0,0.000754331878852
2024-10-27 17:00:00,3,0,0,0.0007794218836352
2024-10-27 17:15:00,3,0,0,0.0007168314186856
2024-10-27 17:30:00,3,0,0,0.0007387698860839
2024-10-27 17:45:00,3,0,0,0.0007079334463924
2024-10-27 18:00:00,3,0,0,0.0008461252436973
2024-10-27 18:15:00,3,0,0,0.0011531092459335
2024-10-27 18:30:00,3,0,0,0.0009653079905547
2024-10-27 18:45:00,3,0,0,0.0007665043813176
2024-10-27 19:00:00,3,0,0,0.000758065842092
2024-10-27 19:15:00,3,0,0,0.0009617102332413
2024-10-27 19:30:00,3,0,0,0.0011660334421321
2024-10-27 19:45:00,3,0,0,0.0013403557240962
2024-10-27 20:00:00,3,0,0,0.0014641976449638
2024-10-27 20:15:00,3,0,0,0.0016559658106416
2024-10-27 20:30:00,3,0,0,0.0014392093289643
2024-10-27 20:45:00,3,0,0,0.0014104519505053
2024-10-27 21:00:00,3,0,0,0.0012890862999483
2024-10-27 21:15:00,3,0,0,0.0012037608539685
2024-10-27 21:30:00,3,0,0,0.0013768140925094
2024-10-27 21:45:00,3,0,0,0.0011890578316524
2024-10-27 22:00:00,3,0,0,0.0011359596392139
2024-10-27 22:15:00,3,0,0,0.0012739736121147
2024-10-27 22:30:00,3,0,0,0.0010881156194955
2024-10-27 22:45:00,3,0,0,0.001147786155343
2024-10-27 23:00:00,3,0,0,0.0012263769749552
2024-10-27 23:15:00,3,0,0,0.0012557063018903
2024-10-27 23:30:00,3,0,0,0.0012211919529363
2024-10-27 23:45:00,3,0,0,0.0012138877063989
2024-10-28 00:15:00,3,0,0,0.0011992829386144
2024-10-28 00:30:00,3,0,0,0.0010671241907402
2024-10-28 00:45:00,3,0,0,0.0010341077577322
2024-10-28 01:00:00,3,0,0,0.0009648482664488
2024-10-28 01:15:00,3,0,0,0.0009895799448713
2024-10-28 01:30:00,3,0,0,0.0008947970345616
2024-10-28 01:45:00,3,0,0,0.0009096763678826
2024-10-28 02:00:00,3,0,0,0.0009623958030715
2024-10-28 02:15:00,3,0,0,0.0009257170604541
2024-10-28 02:30:00,3,0,0,0.0009255024488084
2024-10-28 02:45:00,3,0,0,0.0009424461750313
2024-10-28 03:00:00,3,0,0,0.000848276191391
2024-10-28 03:15:00,3,0,0,0.0008369247661903
2024-10-28 03:30:00,3,0,0,0.0007641392294317
2024-10-28 03:45:00,3,0,0,0.0007792741525918
2024-10-28 04:00:00,3,0,0,0.0008138946141116
2024-10-28 04:15:00,3,0,0,0.0009052219102159
2024-10-28 04:30:00,3,0,0,0.0008898939704522
2024-10-28 04:45:00,3,0,0,0.0008642279426567
2024-10-28 05:00:00,3,0,0,0.0008419670630246
2024-10-28 05:15:00,3,0,0,0.0008256655419245
2024-10-28 05:30:00,3,0,0,0.0008109456393867
2024-10-28 05:45:00,3,0,0,0.0008479432435706
2024-10-28 06:00:00,3,0,0,0.0008651796961203
2024-10-28 06:15:00,3,0,0,0.0008571293437853
2024-10-28 06:30:00,3,0,0,0.0008917418308556
2024-10-28 06:45:00,3,0,0,0.000898404570762
2024-10-28 07:00:00,3,0,0,0.0008639695006422
2024-10-28 07:15:00,3,0,0,0.0009234643657691
2024-10-28 07:30:00,3,0,0,0.0010346387280151
2024-10-28 07:45:00,3,0,0,0.0012674886966124
2024-10-28 08:00:00,3,0,0,0.0013268452603369
2024-10-28 08:15:00,3,0,0,0.0013240030966699
2024-10-28 08:30:00,3,0,0,0.0013442391064018
2024-10-28 08:45:00,3,0,0,0.0012367457384243
2024-10-28 09:00:00,3,0,0,0.001123369904235
2024-10-28 09:15:00,3,0,0,0.0010097968624904
2024-10-28 09:30:00,3,0,0,0.0009426744072698
2024-10-28 09:45:00,3,0,0,0.0008210462983697
2024-10-28 10:00:00,3,0,0,0.0007674082880839
2024-10-28 10:15:00,3,0,0,0.0007786612259224
2024-10-28 10:30:00,3,0,0,0.0008135520038194
2024-10-28 10:45:00,3,0,0,0.0009634658345021
2024-10-28 11:00:00,3,0,0,0.0013156519271433
2024-10-28 11:15:00,3,0,0,0.0016725808382034
2024-10-28 11:30:00,3,0,0,0.0030282821971923
2024-10-28 11:45:00,3,0,0,0.004454315174371
2024-10-28 12:00:00,3,0,0,0.0059186341241002
2024-10-28 12:15:00,3,0,0,0.0069298823364079
2024-10-28 12:30:00,3,0,0,0.0037816062103956
2024-10-28 12:45:00,3,0,0,0.003562813391909
2024-10-28 13:00:00,3,0,0,0.0034535338636487
2024-10-28 13:15:00,3,0,0,0.0031603884417563
2024-10-28 13:30:00,3,0,0,0.0030341835226863
2024-10-28 13:45:00,3,0,0,0.0029308318626135
2024-10-28 14:00:00,3,0,0,0.0030370198655873
2024-10-28 14:15:00,3,0,0,0.004451559856534
2024-10-28 14:30:00,3,0,0,0.1436206549406051
2024-10-28 14:45:00,3,0,0,0.3114373683929443
2024-10-28 15:00:00,3,0,0,0.0289338529109954
2024-10-28 15:15:00,3,0,0,0.0070736999623477
2024-10-28 15:30:00,3,0,0,0.0084651699289679
2024-10-28 15:45:00,3,0,1,0.5262618064880371
2024-10-28 16:00:00,3,0,1,0.5160306096076965
2024-10-28 16:15:00,3,0,0,0.2812426388263702
2024-10-28 16:30:00,3,0,0,0.1389980912208557
2024-10-28 16:45:00,3,0,0,0.2392707020044326
2024-10-28 17:00:00,3,1,1,0.5873329639434814
2024-10-28 17:15:00,3,0,1,0.5326802730560303
2024-10-28 17:30:00,3,0,1,0.4896504878997803
2024-10-28 17:45:00,3,0,0,0.3697317242622375
2024-10-28 18:00:00,3,0,0,0.1151445209980011
2024-10-28 18:15:00,3,0,0,0.0349426753818988
2024-10-28 18:30:00,3,0,0,0.0625432357192039
2024-10-28 18:45:00,3,0,0,0.1875188499689102
2024-10-28 19:00:00,3,0,1,0.4379029870033264
2024-10-28 19:15:00,3,0,1,0.3815482258796692
2024-10-28 19:30:00,3,0,0,0.3042921125888824
2024-10-28 19:45:00,3,0,0,0.198161095380783
2024-10-28 20:00:00,3,0,0,0.0869758129119873
2024-10-28 20:15:00,3,0,0,0.1620300412178039
2024-10-28 20:30:00,3,0,0,0.2628680467605591
2024-10-28 20:45:00,3,0,1,0.4328674674034118
2024-10-28 21:00:00,3,0,1,0.4891358911991119
2024-10-28 21:15:00,3,0,1,0.5393790006637573
2024-10-28 21:30:00,3,0,1,0.631349503993988
2024-10-28 21:45:00,3,1,1,0.6375274658203125
2024-10-28 22:00:00,3,1,1,0.619473397731781
2024-10-28 22:15:00,3,0,1,0.591170608997345
2024-10-28 22:30:00,3,1,1,0.5964261293411255
2024-10-28 22:45:00,3,0,1,0.5921587944030762
2024-10-28 23:00:00,3,1,1,0.7833504676818848
2024-10-28 23:15:00,3,1,1,0.7441575527191162
2024-10-28 23:30:00,3,1,1,0.827521026134491
2024-10-28 23:45:00,3,1,1,0.8191291093826294
2024-10-29 01:00:00,4,1,1,0.860407292842865
2024-10-29 01:15:00,4,1,1,0.8807154893875122
2024-10-29 01:30:00,4,0,1,0.8827671408653259
2024-10-29 01:45:00,4,1,1,0.9056456685066224
2024-10-29 02:00:00,4,0,1,0.895645260810852
2024-10-29 02:15:00,4,0,1,0.8923185467720032
2024-10-29 02:30:00,4,1,1,0.9072104692459106
2024-10-29 02:45:00,4,0,1,0.9117233753204346
2024-10-29 03:00:00,4,1,1,0.9100302457809448
2024-10-29 03:15:00,4,1,1,0.910033404827118
2024-10-29 03:30:00,4,1,1,0.7360008358955383
2024-10-29 03:45:00,4,1,1,0.7119890451431274
2024-10-29 04:00:00,4,1,1,0.814765989780426
2024-10-29 04:15:00,4,1,1,0.8886597156524658
2024-10-29 04:30:00,4,1,1,0.8216677904129028
2024-10-29 04:45:00,4,1,1,0.8246307969093323
2024-10-29 05:00:00,4,1,1,0.86835777759552
2024-10-29 05:15:00,4,1,1,0.9035466909408568
2024-10-29 05:30:00,4,1,1,0.8701685070991516
2024-10-29 05:45:00,4,1,1,0.5829401612281799
2024-10-29 06:00:00,4,1,0,0.4159440994262695
2024-10-29 06:15:00,4,1,0,0.279275506734848
2024-10-29 06:30:00,4,0,0,0.2700164020061493
2024-10-29 06:45:00,4,1,0,0.4895906746387481
2024-10-29 07:00:00,4,1,1,0.6611575484275818
2024-10-29 07:15:00,4,1,1,0.6833904981613159
2024-10-29 07:30:00,4,0,0,0.3035623431205749
2024-10-29 07:45:00,4,0,0,0.1070567816495895
2024-10-29 08:00:00,4,0,0,0.0201009530574083
2024-10-29 08:15:00,4,0,0,0.0100207049399614
2024-10-29 08:30:00,4,0,0,0.0115747023373842
2024-10-29 08:45:00,4,0,0,0.022757738828659
2024-10-29 09:00:00,4,0,0,0.0359827913343906
2024-10-29 09:15:00,4,0,0,0.0074376137927174
2024-10-29 09:30:00,4,0,0,0.0069266534410417
2024-10-29 09:45:00,4,0,0,0.0017606373876333
2024-10-29 10:00:00,4,0,0,0.0017987927421927
2024-10-29 10:15:00,4,0,0,0.0020719391759485
2024-10-29 10:30:00,4,0,0,0.0011467820731922
2024-10-29 10:45:00,4,0,0,0.0013811051612719
2024-10-29 11:00:00,4,0,0,0.001742030843161
2024-10-29 11:15:00,4,0,0,0.0024574478156864
2024-10-29 11:30:00,4,0,0,0.0029534429777413
2024-10-29 11:45:00,4,0,0,0.0025479712057858
2024-10-29 12:00:00,4,0,0,0.0038764884229749
2024-10-29 12:15:00,4,0,0,0.0012543960474431
2024-10-29 12:30:00,4,0,0,0.0011494021164253
2024-10-29 12:45:00,4,0,0,0.0009916916023939
2024-10-29 13:00:00,4,0,0,0.0010399488965049
2024-10-29 13:15:00,4,0,0,0.0008218194707296
2024-10-29 13:30:00,4,0,0,0.0007879309705458
2024-10-29 13:45:00,4,0,0,0.0008098339312709
2024-10-29 14:00:00,4,0,0,0.0008256662404164
2024-10-29 14:15:00,4,0,0,0.0009496995480731
2024-10-29 14:30:00,4,0,0,0.0007934064487926
2024-10-29 14:45:00,4,0,0,0.0008561799768358
2024-10-29 15:00:00,4,0,0,0.0006681139930151
2024-10-29 15:15:00,4,0,0,0.0005913494387641
2024-10-29 15:30:00,4,0,0,0.0006761959521099
2024-10-29 15:45:00,4,0,0,0.0008720487821847
2024-10-29 16:00:00,4,0,0,0.0009764858405105
2024-10-29 16:15:00,4,0,0,0.0011247425572946
2024-10-29 16:30:00,4,0,0,0.0010057933395728
2024-10-29 16:45:00,4,0,0,0.0021444160956889
2024-10-29 17:00:00,4,0,0,0.0196341853588819
2024-10-29 17:15:00,4,0,0,0.2584058940410614
2024-10-29 17:30:00,4,0,0,0.3399446904659271
2024-10-29 17:45:00,4,0,0,0.3768920600414276
2024-10-29 18:00:00,4,0,0,0.2499354779720306
2024-10-29 18:15:00,4,0,0,0.2159720808267593
2024-10-29 18:30:00,4,0,0,0.0567037090659141
2024-10-29 18:45:00,4,0,0,0.016769915819168
2024-10-29 19:00:00,4,0,0,0.0184523295611143
2024-10-29 19:15:00,4,0,0,0.0820647627115249
2024-10-29 19:30:00,4,0,0,0.0361845232546329
2024-10-29 19:45:00,4,0,0,0.0317422039806842
2024-10-29 20:00:00,4,0,0,0.0108385207131505
2024-10-29 20:15:00,4,0,0,0.0504877306520938
2024-10-29 20:30:00,4,0,0,0.0972544327378273
2024-10-29 20:45:00,4,0,0,0.1365543007850647
2024-10-29 21:00:00,4,0,1,0.3748165965080261
2024-10-29 21:15:00,4,0,0,0.1513632088899612
2024-10-29 21:30:00,4,0,0,0.035992044955492
2024-10-29 21:45:00,4,0,0,0.0083923051133751
2024-10-29 22:00:00,4,0,0,0.0413146279752254
2024-10-29 22:15:00,4,0,0,0.0547305792570114
2024-10-29 22:30:00,4,0,0,0.1322859674692154
2024-10-29 22:45:00,4,0,0,0.1492289900779724
2024-10-29 23:00:00,4,0,1,0.4392273426055908
2024-10-29 23:15:00,4,0,1,0.5403905510902405
2024-10-29 23:30:00,4,0,1,0.5819075107574463
2024-10-29 23:45:00,4,0,1,0.5407937169075012
2024-10-30 00:15:00,4,0,1,0.4954299628734588
2024-10-30 00:30:00,4,0,1,0.3584799766540527
2024-10-30 00:45:00,4,0,0,0.288980484008789
2024-10-30 01:00:00,4,0,1,0.3786773383617401
2024-10-30 01:15:00,4,0,1,0.4446334838867187
2024-10-30 01:30:00,4,0,1,0.5088925361633301
2024-10-30 01:45:00,4,0,0,0.4477350115776062
2024-10-30 02:00:00,4,0,1,0.6544740200042725
2024-10-30 02:15:00,4,0,1,0.7068798542022705
2024-10-30 02:30:00,4,1,1,0.7744900584220886
2024-10-30 02:45:00,4,1,1,0.8466522097587585
2024-10-30 03:00:00,4,1,1,0.8576876521110535
2024-10-30 03:15:00,4,1,1,0.757551372051239
2024-10-30 03:30:00,4,1,1,0.8855571150779724
2024-10-30 03:45:00,4,1,1,0.8828597068786621
2024-10-30 04:00:00,4,1,1,0.889737606048584
2024-10-30 04:15:00,4,0,1,0.8802815675735474
2024-10-30 04:30:00,4,0,1,0.7059621214866638
2024-10-30 04:45:00,4,0,1,0.6166126132011414
2024-10-30 05:00:00,4,0,0,0.4509887993335724
2024-10-30 05:15:00,4,0,0,0.4573637247085571
2024-10-30 05:30:00,4,0,1,0.5030270218849182
2024-10-30 05:45:00,4,0,1,0.5803368091583252
2024-10-30 06:00:00,4,0,1,0.7379716038703918
2024-10-30 06:15:00,4,1,1,0.7809572815895081
2024-10-30 06:30:00,4,1,1,0.7487552762031555
2024-10-30 06:45:00,4,1,1,0.5568486452102661
2024-10-30 07:00:00,4,0,0,0.3816074132919311
2024-10-30 07:15:00,4,0,0,0.4870733916759491
2024-10-30 07:30:00,4,1,1,0.508781373500824
2024-10-30 07:45:00,4,1,1,0.5443789958953857
2024-10-30 08:00:00,4,1,0,0.4923885464668274
2024-10-30 08:15:00,4,0,0,0.4692030251026153
2024-10-30 08:30:00,4,1,1,0.628053605556488
2024-10-30 08:45:00,4,1,1,0.5033125877380371
2024-10-30 09:00:00,4,0,0,0.2683504521846771
2024-10-30 09:15:00,4,0,0,0.2488124519586563
2024-10-30 09:30:00,4,0,0,0.4310807287693023
2024-10-30 09:45:00,4,0,0,0.333848088979721
2024-10-30 10:00:00,4,0,0,0.2923908233642578
2024-10-30 10:15:00,4,0,0,0.4436670243740082
2024-10-30 10:30:00,4,0,0,0.4301402866840362
2024-10-30 10:45:00,4,0,0,0.4001187086105346
2024-10-30 11:00:00,4,0,0,0.317991554737091
2024-10-30 11:15:00,4,0,0,0.4205426871776581
2024-10-30 11:30:00,4,0,0,0.4257999658584595
2024-10-30 11:45:00,4,0,0,0.4240449368953705
2024-10-30 12:00:00,4,0,0,0.4808895587921142
2024-10-30 12:15:00,4,0,0,0.3111974895000458
2024-10-30 12:30:00,4,0,0,0.0904256775975227
2024-10-30 12:45:00,4,0,0,0.037080954760313
2024-10-30 13:00:00,4,0,0,0.0636974200606346
2024-10-30 13:15:00,4,0,0,0.0341800414025783
2024-10-30 13:30:00,4,0,0,0.0027882272843271
2024-10-30 13:45:00,4,0,0,0.009471682831645
2024-10-30 14:00:00,4,0,0,0.2825640141963959
2024-10-30 14:15:00,4,0,0,0.3668960630893707
2024-10-30 14:30:00,4,0,0,0.2118602693080902
2024-10-30 14:45:00,4,0,0,0.008016443811357
2024-10-30 15:00:00,4,0,0,0.0094972262158989
2024-10-30 15:15:00,4,0,0,0.0254767388105392
2024-10-30 15:30:00,4,0,0,0.0089451465755701
2024-10-30 15:45:00,4,0,0,0.3135682642459869
2024-10-30 16:00:00,4,0,1,0.576951265335083
2024-10-30 16:15:00,4,0,1,0.6783310174942017
2024-10-30 16:30:00,4,0,1,0.6875913143157959
2024-10-30 16:45:00,4,0,1,0.5932779908180237
2024-10-30 17:00:00,4,0,1,0.7396550178527832
2024-10-30 17:15:00,4,0,1,0.6828685402870178
2024-10-30 17:30:00,4,0,1,0.7868189215660095
2024-10-30 17:45:00,4,0,1,0.8760308623313904
2024-10-30 18:00:00,4,0,1,0.7233541011810303
2024-10-30 18:15:00,4,0,1,0.7160272598266602
2024-10-30 18:30:00,4,0,1,0.5116541385650635
2024-10-30 18:45:00,4,0,0,0.3974632620811462
2024-10-30 19:00:00,4,0,1,0.5514000058174133
2024-10-30 19:15:00,4,0,0,0.3827226459980011
2024-10-30 19:30:00,4,0,0,0.0318250954151153
2024-10-30 19:45:00,4,0,0,0.0271023027598857
2024-10-30 20:00:00,4,0,0,0.1977586597204208
2024-10-30 20:15:00,4,0,0,0.0687635168433189
2024-10-30 20:30:00,4,0,0,0.1761140823364257
2024-10-30 20:45:00,4,0,0,0.2717895209789276
2024-10-30 21:00:00,4,0,0,0.0109849348664283
2024-10-30 21:15:00,4,0,0,0.0028430379461497
2024-10-30 21:30:00,4,0,0,0.0008336371975019
2024-10-30 21:45:00,4,0,0,0.0007021758356131
2024-10-30 22:00:00,4,0,0,0.0006255432963371
2024-10-30 22:15:00,4,0,0,0.0005703314673155
2024-10-30 22:30:00,4,0,0,0.0005876746145077
2024-10-30 22:45:00,4,0,0,0.0006977911689318
2024-10-30 23:00:00,4,0,0,0.0006896050763316
2024-10-30 23:15:00,4,0,0,0.0008613808895461
2024-10-30 23:30:00,4,0,0,0.0007459167391061
2024-10-30 23:45:00,4,0,0,0.0007640756084583
2024-10-31 00:15:00,4,0,0,0.0007711782236583
2024-10-31 00:30:00,4,0,0,0.0099322060123085
2024-10-31 00:45:00,4,0,0,0.0014163509476929
2024-10-31 01:00:00,4,0,0,0.0013973863096907
2024-10-31 01:15:00,4,0,0,0.0106607666239142
2024-10-31 01:30:00,4,0,0,0.0160349197685718
2024-10-31 01:45:00,4,0,0,0.0199851263314485
2024-10-31 02:00:00,4,0,0,0.0850369036197662
2024-10-31 02:15:00,4,0,0,0.1510297656059265
2024-10-31 02:30:00,4,0,0,0.1525632292032241
2024-10-31 02:45:00,4,0,0,0.1758682876825332
2024-10-31 03:00:00,4,0,0,0.099748708307743
2024-10-31 03:15:00,4,0,0,0.3422144949436188
2024-10-31 03:30:00,4,0,0,0.3836609125137329
2024-10-31 03:45:00,4,0,0,0.3385962247848511
2024-10-31 04:00:00,4,0,0,0.4805902242660522
2024-10-31 04:15:00,4,0,1,0.5173261761665344
2024-10-31 04:30:00,4,0,1,0.6379097700119019
2024-10-31 04:45:00,4,0,1,0.7114905118942261
2024-10-31 05:00:00,4,0,1,0.8060829639434814
2024-10-31 05:15:00,4,0,1,0.8279085755348206
2024-10-31 05:30:00,4,0,1,0.8439316749572754
2024-10-31 05:45:00,4,0,1,0.8831456899642944
2024-10-31 06:00:00,4,0,1,0.8182982802391052
2024-10-31 06:15:00,4,0,1,0.7972447872161865
2024-10-31 06:30:00,4,0,1,0.8379562497138977
2024-10-31 06:45:00,4,0,1,0.774182915687561
2024-10-31 07:00:00,4,0,1,0.8237730860710144
2024-10-31 07:15:00,4,0,1,0.6032751798629761
2024-10-31 07:30:00,4,0,0,0.4327049851417541
2024-10-31 07:45:00,4,0,0,0.4621151089668274
2024-10-31 08:00:00,4,0,0,0.1927586048841476
2024-10-31 08:15:00,4,0,0,0.2589757144451141
2024-10-31 08:30:00,4,0,0,0.2314764261245727
2024-10-31 08:45:00,4,0,1,0.5174021124839783
2024-10-31 09:00:00,4,0,0,0.1611152738332748
2024-10-31 09:15:00,4,0,0,0.4489556849002838
2024-10-31 09:30:00,4,0,1,0.5198108553886414
2024-10-31 09:45:00,4,0,0,0.4318488836288452
2024-10-31 10:00:00,4,0,0,0.0827758684754371
2024-10-31 10:15:00,4,0,0,0.0193318724632263
2024-10-31 10:30:00,4,0,0,0.339968740940094
2024-10-31 10:45:00,4,0,0,0.0272179711610078
2024-10-31 11:00:00,4,0,0,0.2278534770011901
2024-10-31 11:15:00,4,0,0,0.0043085869401693
2024-10-31 11:30:00,4,0,0,0.0021915701217949
2024-10-31 11:45:00,4,0,0,0.0367992222309112
2024-10-31 12:00:00,4,0,0,0.0259226989001035
2024-10-31 12:15:00,4,0,0,0.0123206283897161
2024-10-31 12:30:00,4,0,0,0.0439816452562809
2024-10-31 12:45:00,4,0,0,0.0086148362606763
2024-10-31 13:00:00,4,0,0,0.3047493994235992
2024-10-31 13:15:00,4,0,0,0.4278172850608825
2024-10-31 13:30:00,4,0,0,0.0795957669615745
2024-10-31 13:45:00,4,0,0,0.34769007563591
2024-10-31 14:00:00,4,0,0,0.0170094314962625
2024-10-31 14:15:00,4,0,0,0.0196820795536041
2024-10-31 14:30:00,4,0,0,0.0203850045800209
2024-10-31 14:45:00,4,0,0,0.0166317801922559
2024-10-31 15:00:00,4,0,0,0.4706123173236847
2024-10-31 15:15:00,4,0,1,0.5139341950416565
2024-10-31 15:30:00,4,0,0,0.3806355893611908
2024-10-31 15:45:00,4,0,0,0.0690651759505271
2024-10-31 16:00:00,4,0,0,0.0575834289193153
2024-10-31 16:15:00,4,0,0,0.2751946449279785
2024-10-31 16:30:00,4,0,1,0.5625385642051697
2024-10-31 16:45:00,4,0,0,0.4493697881698608
2024-10-31 17:00:00,4,0,1,0.5027869343757629
2024-10-31 17:15:00,4,0,1,0.6709085702896118
2024-10-31 17:30:00,4,0,1,0.6640163660049438
2024-10-31 17:45:00,4,0,1,0.7327326536178589
2024-10-31 18:00:00,4,0,1,0.6916090846061707
2024-10-31 18:15:00,4,0,1,0.8079793453216553
2024-10-31 18:30:00,4,0,1,0.8261769413948059
2024-10-31 18:45:00,4,0,1,0.8983158469200134
2024-10-31 19:00:00,4,0,1,0.8986417055130005
2024-10-31 19:15:00,4,1,1,0.8536487221717834
2024-10-31 19:30:00,4,1,1,0.7443325519561768
2024-10-31 19:45:00,4,1,1,0.5494550466537476
2024-10-31 20:00:00,4,1,0,0.2730684876441955
2024-10-31 20:15:00,4,0,0,0.3823419213294983
2024-10-31 20:30:00,4,1,1,0.7812914252281189
2024-10-31 20:45:00,4,1,1,0.7574301362037659
2024-10-31 21:00:00,4,1,1,0.8287517428398132
2024-10-31 21:15:00,4,1,1,0.7626685500144958
2024-10-31 21:30:00,4,0,1,0.7916516065597534
2024-10-31 21:45:00,4,1,1,0.8442414999008179
2024-10-31 22:00:00,4,0,1,0.7988424897193909
2024-10-31 22:15:00,4,0,0,0.4147910177707672
2024-10-31 22:30:00,4,0,0,0.1256696879863739
2024-10-31 22:45:00,4,0,0,0.0866816937923431
2024-10-31 23:00:00,4,0,0,0.104050189256668
2024-10-31 23:15:00,4,0,0,0.0388727709650993
2024-10-31 23:30:00,4,0,0,0.0272303409874439
2024-10-31 23:45:00,4,0,0,0.3446706235408783
2024-11-01 00:15:00,4,1,1,0.5921618938446045
2024-11-01 00:30:00,4,0,1,0.6244768500328064
2024-11-01 00:45:00,4,1,1,0.7485662698745728
2024-11-01 01:00:00,4,0,1,0.6892455816268921
2024-11-01 01:15:00,4,1,1,0.874627947807312
2024-11-01 01:30:00,4,1,1,0.8471449613571167
2024-11-01 01:45:00,4,1,1,0.8684635758399963
2024-11-01 02:00:00,4,1,1,0.8798542022705078
2024-11-01 02:15:00,4,1,1,0.8949165940284729
2024-11-01 02:30:00,4,1,1,0.8922111988067627
2024-11-01 02:45:00,4,1,1,0.8931864500045776
2024-11-01 03:00:00,4,1,1,0.7268508672714233
2024-11-01 03:15:00,4,0,1,0.6226559281349182
2024-11-01 03:30:00,4,0,1,0.6363783478736877
2024-11-01 03:45:00,4,0,1,0.6043013334274292
2024-11-01 04:00:00,4,0,0,0.4420952498912811
2024-11-01 04:15:00,4,0,0,0.360108733177185
2024-11-01 04:30:00,4,0,0,0.4021780490875244
2024-11-01 04:45:00,4,0,0,0.4099109172821045
2024-11-01 05:00:00,4,0,0,0.4000345468521118
2024-11-01 05:15:00,4,0,0,0.4584491848945617
2024-11-01 05:30:00,4,0,0,0.3966899514198303
2024-11-01 05:45:00,4,0,1,0.6716251969337463
2024-11-01 06:00:00,4,0,1,0.7200918793678284
2024-11-01 06:15:00,4,0,1,0.6592864394187927
2024-11-01 06:30:00,4,0,1,0.5628401637077332
2024-11-01 06:45:00,4,0,1,0.5324184894561768
2024-11-01 07:00:00,4,0,1,0.5049381256103516
2024-11-01 07:15:00,4,0,0,0.4106765985488891
2024-11-01 07:30:00,4,0,0,0.3617491424083709
2024-11-01 07:45:00,4,0,0,0.2425358444452285
2024-11-01 08:00:00,4,0,0,0.0586748272180557
2024-11-01 08:15:00,4,0,0,0.0079097114503383
2024-11-01 08:30:00,4,0,0,0.003142126603052
2024-11-01 08:45:00,4,0,0,0.0044548348523676
2024-11-01 09:45:00,4,0,0,0.0046312059275805
2024-11-01 10:00:00,4,0,0,0.0020245828200131
2024-11-01 10:15:00,4,0,0,0.0016685451846569
2024-11-01 10:30:00,4,0,0,0.0017847832059487
2024-11-01 10:45:00,4,0,0,0.0014513782225549
2024-11-01 11:00:00,4,0,0,0.00115340098273
2024-11-01 11:15:00,4,0,0,0.0011692573316395
2024-11-01 11:30:00,4,0,0,0.0012887534685432
2024-11-01 11:45:00,4,0,0,0.001097388099879
2024-11-01 12:00:00,4,0,0,0.0011224219342693
2024-11-01 12:15:00,4,0,0,0.0011551164789125
2024-11-01 12:30:00,4,0,0,0.0011216402053833
2024-11-01 12:45:00,4,0,0,0.0014229951193556
2024-11-01 13:00:00,4,0,0,0.0013911176938563
2024-11-01 13:15:00,4,0,0,0.0013566217385232
2024-11-01 13:30:00,4,0,0,0.0014924900606274
2024-11-01 13:45:00,4,0,0,0.0011557054240256
2024-11-01 14:00:00,4,0,0,0.0009935868438333
2024-11-01 14:15:00,4,0,0,0.0011969679035246
2024-11-01 14:30:00,4,0,0,0.0020971307530999
2024-11-01 14:45:00,4,0,0,0.0014938304666429
2024-11-01 15:00:00,4,0,0,0.0014117973623797
2024-11-01 15:15:00,4,0,0,0.0011927133891731
2024-11-01 15:30:00,4,0,0,0.0009074056870304
2024-11-01 15:45:00,4,0,0,0.0009846652392297
2024-11-01 16:00:00,4,0,0,0.0008548782207071
2024-11-01 16:15:00,4,0,0,0.0007497398182749
2024-11-01 16:30:00,4,0,0,0.0009523796034045
2024-11-01 16:45:00,4,0,0,0.0014968718169257
2024-11-01 17:00:00,4,0,0,0.0020419512875378
2024-11-01 17:15:00,4,0,0,0.0041397800669074
2024-11-01 17:30:00,4,0,0,0.0015194173902273
2024-11-01 17:45:00,4,0,0,0.0049159796908497
2024-11-01 18:00:00,4,0,0,0.0038624873850494
2024-11-01 18:15:00,4,0,0,0.0102158952504396
2024-11-01 18:30:00,4,0,0,0.0090455329045653
2024-11-01 18:45:00,4,0,0,0.0066629890352487
2024-11-01 19:00:00,4,0,0,0.012471062131226
2024-11-01 19:15:00,4,0,0,0.0154744088649749
2024-11-01 19:30:00,4,0,0,0.0210761222988367
2024-11-01 19:45:00,4,0,0,0.0965248793363571
2024-11-01 20:00:00,4,0,0,0.241471454501152
2024-11-01 20:15:00,4,0,1,0.5445992350578308
2024-11-01 20:30:00,4,0,1,0.6207365989685059
2024-11-01 20:45:00,4,1,1,0.6347147226333618
2024-11-01 21:00:00,4,1,1,0.6553820371627808
2024-11-01 21:15:00,4,1,1,0.7101994752883911
2024-11-01 21:30:00,4,1,1,0.7358214259147644
2024-11-01 21:45:00,4,1,1,0.7085069417953491
2024-11-01 22:00:00,4,1,1,0.8372360467910767
2024-11-01 22:15:00,4,1,1,0.8334028720855713
2024-11-01 22:30:00,4,1,1,0.8383939266204834
2024-11-01 22:45:00,4,1,1,0.8558232188224792
2024-11-01 23:00:00,4,1,1,0.8589727282524109
2024-11-01 23:15:00,4,1,1,0.8711574673652649
2024-11-01 23:30:00,4,0,1,0.8980695605278015
2024-11-01 23:45:00,4,1,1,0.890051007270813
2024-11-02 00:15:00,4,1,1,0.8935547471046448
2024-11-02 00:30:00,4,1,1,0.8924270272254944
2024-11-02 00:45:00,4,1,1,0.7941431403160095
2024-11-02 01:00:00,4,1,1,0.8108336925506592
2024-11-02 01:15:00,4,0,1,0.7956404089927673
2024-11-02 01:30:00,4,0,1,0.7269488573074341
2024-11-02 01:45:00,4,0,1,0.7175195217132568
2024-11-02 02:00:00,4,0,1,0.6884288787841797
2024-11-02 02:15:00,4,0,1,0.7351757287979126
2024-11-02 02:30:00,4,0,1,0.7696936726570129
2024-11-02 02:45:00,4,1,1,0.8243005275726318
2024-11-02 03:00:00,4,1,1,0.8986001014709473
2024-11-02 03:15:00,4,1,1,0.8979665637016296
2024-11-02 03:30:00,4,1,1,0.8514087200164795
2024-11-02 03:45:00,4,1,1,0.7621527314186096
2024-11-02 04:00:00,4,1,1,0.6380869746208191
2024-11-02 04:15:00,4,0,1,0.5479806065559387
2024-11-02 04:30:00,4,0,0,0.4058630466461181
2024-11-02 04:45:00,4,0,0,0.3607846796512604
2024-11-02 05:00:00,4,0,0,0.1388208419084549
2024-11-02 05:15:00,4,0,0,0.0507049970328807
2024-11-02 05:30:00,4,0,0,0.0133588919416069
2024-11-02 05:45:00,4,0,0,0.0022462767083197
2024-11-02 06:00:00,4,0,0,0.0009649833664298
2024-11-02 06:15:00,4,0,0,0.0008091127383522
2024-11-02 06:30:00,4,0,0,0.0007645977893844
2024-11-02 06:45:00,4,0,0,0.0008566031465306
2024-11-02 07:00:00,4,0,0,0.001022774958983
2024-11-02 07:15:00,4,0,0,0.0015658539487048
2024-11-02 07:30:00,4,0,0,0.0011879900703206
2024-11-02 07:45:00,4,0,0,0.0009932907996699
2024-11-02 08:00:00,4,0,0,0.0009029420907609
2024-11-02 08:15:00,4,0,0,0.0010556655470281
2024-11-02 08:30:00,4,0,0,0.0009572831331752
2024-11-02 08:45:00,4,0,0,0.0008468662272207
2024-11-02 09:00:00,4,0,0,0.0006649873685091
2024-11-02 09:15:00,4,0,0,0.0006060232990421
2024-11-02 09:30:00,4,0,0,0.0005934125510975
2024-11-02 09:45:00,4,0,0,0.0005942744901403
2024-11-02 10:00:00,4,0,0,0.0005911065964028
2024-11-02 10:15:00,4,0,0,0.0006072313990443
2024-11-02 10:30:00,4,0,0,0.0006051067612133
2024-11-02 10:45:00,4,0,0,0.0006218226044438
2024-11-02 11:00:00,4,0,0,0.0005937860696576
2024-11-02 11:15:00,4,0,0,0.0006027026101946
2024-11-02 11:30:00,4,0,0,0.0005807446432299
2024-11-02 11:45:00,4,0,0,0.0005884717684239
2024-11-02 12:00:00,4,0,0,0.0006129471003077
2024-11-02 12:15:00,4,0,0,0.0005923918797634
2024-11-02 12:30:00,4,0,0,0.0005582523299381
2024-11-02 12:45:00,4,0,0,0.0005568077904172
2024-11-02 13:00:00,4,0,0,0.0005814246251247
2024-11-02 13:15:00,4,0,0,0.0005621630698442
2024-11-02 13:30:00,4,0,0,0.00058527989313
2024-11-02 13:45:00,4,0,0,0.0005613468820229
2024-11-02 14:00:00,4,0,0,0.0005324997473508
2024-11-02 14:15:00,4,0,0,0.0005468382732942
2024-11-02 14:30:00,4,0,0,0.0005521278362721
2024-11-02 14:45:00,4,0,0,0.0005976833635941
2024-11-02 15:00:00,4,0,0,0.0006421938887797
2024-11-02 15:15:00,4,0,0,0.0006511194515042
2024-11-02 15:30:00,4,0,0,0.0007250868948176
2024-11-02 15:45:00,4,0,0,0.0006862360751256
2024-11-02 16:00:00,4,0,0,0.0006696428754366
2024-11-02 16:15:00,4,0,0,0.0006365365115925
2024-11-02 16:30:00,4,0,0,0.0007709499332122
2024-11-02 16:45:00,4,0,0,0.0005973359220661
2024-11-02 17:00:00,4,0,0,0.0005885302089154
2024-11-02 17:15:00,4,0,0,0.0005918387323617
2024-11-02 17:30:00,4,0,0,0.0006034516263753
2024-11-02 17:45:00,4,0,0,0.0006198385963216
2024-11-02 18:00:00,4,0,0,0.0006787743186578
2024-11-02 18:15:00,4,0,0,0.0007920340285636
2024-11-02 18:30:00,4,0,0,0.0008571601938456
2024-11-02 18:45:00,4,0,0,0.0008598490385338
2024-11-02 19:00:00,4,0,0,0.0012408236507326
2024-11-02 19:15:00,4,0,0,0.000757604080718
2024-11-02 19:30:00,4,0,0,0.0006409222842194
2024-11-02 19:45:00,4,0,0,0.0006668248097412
2024-11-02 20:00:00,4,0,0,0.0006758761010132
2024-11-02 20:15:00,4,0,0,0.0007001832127571
2024-11-02 20:30:00,4,0,0,0.0006851165671832
2024-11-02 20:45:00,4,0,0,0.0006092608091421
2024-11-02 21:00:00,4,0,0,0.0006155772716738
2024-11-02 21:15:00,4,0,0,0.0006248854915611
2024-11-02 21:30:00,4,0,0,0.0006491905660368
2024-11-02 21:45:00,4,0,0,0.0007943435921333
2024-11-02 22:00:00,4,0,0,0.0009166958625428
2024-11-02 22:15:00,4,0,0,0.0009621349163353
2024-11-02 22:30:00,4,0,0,0.0009238252532668
2024-11-02 22:45:00,4,0,0,0.000845922389999
2024-11-02 23:00:00,4,0,0,0.0007008497486822
2024-11-02 23:15:00,4,0,0,0.0007179792155511
2024-11-02 23:30:00,4,0,0,0.0007906614337116
2024-11-02 23:45:00,4,0,0,0.0008616062696091
2024-11-03 00:15:00,4,0,0,0.000858329294715
2024-11-03 00:30:00,4,0,0,0.0010430645197629
2024-11-03 00:45:00,4,0,0,0.001511909533292
2024-11-03 01:00:00,4,0,0,0.0008254398708231
2024-11-03 01:15:00,4,0,0,0.0007221107953228
2024-11-03 01:30:00,4,0,0,0.0006694753537885
2024-11-03 01:45:00,4,0,0,0.0006321978289633
2024-11-03 02:00:00,4,0,0,0.0005993620143271
2024-11-03 02:15:00,4,0,0,0.0005949508049525
2024-11-03 02:30:00,4,0,0,0.000583546294365
2024-11-03 02:45:00,4,0,0,0.0005946325836703
2024-11-03 03:00:00,4,0,0,0.0005784960230812
2024-11-03 03:15:00,4,0,0,0.0005747309187427
2024-11-03 03:30:00,4,0,0,0.0006088379304856
2024-11-03 03:45:00,4,0,0,0.0006014148821122
2024-11-03 04:00:00,4,0,0,0.0006051992531865
2024-11-03 04:15:00,4,0,0,0.000607956724707
2024-11-03 04:30:00,4,0,0,0.0005920705734752
2024-11-03 04:45:00,4,0,0,0.0005855722120031
2024-11-03 05:00:00,4,0,0,0.0005756298778578
2024-11-03 05:15:00,4,0,0,0.0006126924999989
2024-11-03 05:30:00,4,0,0,0.0006339732208289
2024-11-03 05:45:00,4,0,0,0.0006723382393829
2024-11-03 06:00:00,4,0,0,0.0006943022599443
2024-11-03 06:15:00,4,0,0,0.0008054283680394
2024-11-03 06:30:00,4,0,0,0.0006742408149875
2024-11-03 06:45:00,4,0,0,0.0006586563540622
2024-11-03 07:00:00,4,0,0,0.0006839432171545
2024-11-03 07:15:00,4,0,0,0.0007100773509591
2024-11-03 07:30:00,4,0,0,0.0006047281203791
2024-11-03 07:45:00,4,0,0,0.0006046298076398
2024-11-03 08:00:00,4,0,0,0.0006062029278837
2024-11-03 08:15:00,4,0,0,0.0005977171240374
2024-11-03 08:30:00,4,0,0,0.0005994263920001
2024-11-03 08:45:00,4,0,0,0.0006095892749726
2024-11-03 09:00:00,4,0,0,0.0005995935644023
2024-11-03 09:15:00,4,0,0,0.0006027187919244
2024-11-03 09:30:00,4,0,0,0.0006000723224133
2024-11-03 09:45:00,4,0,0,0.0005809651920571
2024-11-03 10:00:00,4,0,0,0.0005742233479395
2024-11-03 10:15:00,4,0,0,0.0005816203192807
2024-11-03 10:30:00,4,0,0,0.0005748023395426
2024-11-03 10:45:00,4,0,0,0.0005792473093606
2024-11-03 11:00:00,4,0,0,0.0005700305919162
2024-11-03 11:15:00,4,0,0,0.0005765687674283
2024-11-03 11:30:00,4,0,0,0.0005642813048325
2024-11-03 11:45:00,4,0,0,0.0005850800662301
2024-11-03 12:00:00,4,0,0,0.0005700149922631
2024-11-03 12:15:00,4,0,0,0.0005851220339536
2024-11-03 12:30:00,4,0,0,0.0005685842479579
2024-11-03 12:45:00,4,0,0,0.0005763569497503
2024-11-03 13:00:00,4,0,0,0.0005830107838846
2024-11-03 13:15:00,4,0,0,0.0005717688472941
2024-11-03 13:30:00,4,0,0,0.0005784432287327
2024-11-03 13:45:00,4,0,0,0.0005851378082297
2024-11-03 14:00:00,4,0,0,0.000588770955801
2024-11-03 14:15:00,4,0,0,0.0005726763629354
2024-11-03 14:30:00,4,0,0,0.0005735434242524
2024-11-03 14:45:00,4,0,0,0.0005868712323717
2024-11-03 15:00:00,4,0,0,0.0005664873751811
2024-11-03 15:15:00,4,0,0,0.0005693152197636
2024-11-03 15:30:00,4,0,0,0.0005728994728997
2024-11-03 15:45:00,4,0,0,0.0005703718052245
2024-11-03 16:00:00,4,0,0,0.0005709559773094
2024-11-03 16:15:00,4,0,0,0.0005604548496194
2024-11-03 16:30:00,4,0,0,0.0005614537512883
2024-11-03 16:45:00,4,0,0,0.0005751465214416
2024-11-03 17:00:00,4,0,0,0.0005705683724954
2024-11-03 17:15:00,4,0,0,0.0005663547199219
2024-11-03 17:30:00,4,0,0,0.0005615128320641
2024-11-03 17:45:00,4,0,0,0.0005672085680998
2024-11-03 18:00:00,4,0,0,0.000564303540159
2024-11-03 18:15:00,4,0,0,0.0005657065776176
2024-11-03 18:30:00,4,0,0,0.0005704827490262
2024-11-03 18:45:00,4,0,0,0.0005735775921493
2024-11-03 19:00:00,4,0,0,0.000578578445129
2024-11-03 19:15:00,4,0,0,0.0005898857489228
2024-11-03 19:30:00,4,0,0,0.0005848531145602
2024-11-03 19:45:00,4,0,0,0.0005793009186163
2024-11-03 20:00:00,4,0,0,0.0006014174432493
2024-11-03 20:15:00,4,0,0,0.0005904534482397
2024-11-03 20:30:00,4,0,0,0.0006339239189401
2024-11-03 20:45:00,4,0,0,0.0006005309405736
2024-11-03 21:00:00,4,0,0,0.0006001718575134
2024-11-03 21:15:00,4,0,0,0.0005968462792225
2024-11-03 21:30:00,4,0,0,0.0005909866886213
2024-11-03 21:45:00,4,0,0,0.0006132252165116
2024-11-03 22:00:00,4,0,0,0.0006164889782667
2024-11-03 22:15:00,4,0,0,0.0006058677681721
2024-11-03 22:30:00,4,0,0,0.0006154039292596
2024-11-03 22:45:00,4,0,0,0.000628376728855
2024-11-03 23:00:00,4,0,0,0.0006396997487172
2024-11-03 23:15:00,4,0,0,0.0006296797655522
2024-11-03 23:30:00,4,0,0,0.0006348639726638
2024-11-03 23:45:00,4,0,0,0.000665026193019
2024-11-04 00:15:00,4,0,0,0.000683949154336
2024-11-04 00:30:00,4,0,0,0.0006404493469744
2024-11-04 00:45:00,4,0,0,0.0006550586549565
2024-11-04 01:00:00,4,0,0,0.0007237257086671
2024-11-04 01:15:00,4,0,0,0.0008143206359818
2024-11-04 01:30:00,4,0,0,0.0006443598540499
2024-11-04 01:45:00,4,0,0,0.0006888696807436
2024-11-04 02:00:00,4,0,0,0.0006320647080428
2024-11-04 02:15:00,4,0,0,0.0006235907203517
2024-11-04 02:30:00,4,0,0,0.0006284315604716
2024-11-04 02:45:00,4,0,0,0.0006644862587563
2024-11-04 03:00:00,4,0,0,0.0006504381890408
2024-11-04 03:15:00,4,0,0,0.0006389241316355
2024-11-04 03:30:00,4,0,0,0.0006144401268102
2024-11-04 03:45:00,4,0,0,0.0006138056050986
2024-11-04 04:00:00,4,0,0,0.0006353887729346
2024-11-04 04:15:00,4,0,0,0.0006317432271316
2024-11-04 04:30:00,4,0,0,0.0006218136986717
2024-11-04 04:45:00,4,0,0,0.0006669624126516
2024-11-04 05:00:00,4,0,0,0.000633890798781
2024-11-04 05:15:00,4,0,0,0.000610914605204
2024-11-04 05:30:00,4,0,0,0.0006224004318937
2024-11-04 05:45:00,4,0,0,0.0006499120499938
2024-11-04 06:00:00,4,0,0,0.0006582391797564
2024-11-04 06:15:00,4,0,0,0.0006244722753763
2024-11-04 06:30:00,4,0,0,0.0006125110085122
2024-11-04 06:45:00,4,0,0,0.0006401442806236
2024-11-04 07:00:00,4,0,0,0.0006507890648208
2024-11-04 07:15:00,4,0,0,0.0006561350892297
2024-11-04 07:30:00,4,0,0,0.0006425032624974
2024-11-04 07:45:00,4,0,0,0.000609329494182
2024-11-04 08:00:00,4,0,0,0.0006167872343212
2024-11-04 08:15:00,4,0,0,0.0006791112245991
2024-11-04 08:30:00,4,0,0,0.0006668752757832
2024-11-04 08:45:00,4,0,0,0.0006331699551083
2024-11-04 09:00:00,4,0,0,0.0006394432275556
2024-11-04 09:15:00,4,0,0,0.0006264264811761
2024-11-04 09:30:00,4,0,0,0.0005981826107017
2024-11-04 09:45:00,4,0,0,0.0006065302877686
2024-11-04 10:00:00,4,0,0,0.0006002557929605
2024-11-04 10:15:00,4,0,0,0.000596915371716
2024-11-04 10:30:00,4,0,0,0.0006060561281628
2024-11-04 10:45:00,4,0,0,0.0005866531282663
2024-11-04 11:00:00,4,0,0,0.0006152358837425
2024-11-04 11:15:00,4,0,0,0.0005855819908902
2024-11-04 11:30:00,4,0,0,0.0005826196866109
2024-11-04 11:45:00,4,0,0,0.0005962741561233
2024-11-04 12:00:00,4,0,0,0.0005818028585053
2024-11-04 12:15:00,4,0,0,0.0005810160073451
2024-11-04 12:30:00,4,0,0,0.0005908849998377
2024-11-04 12:45:00,4,0,0,0.0005809724680148
2024-11-04 13:00:00,4,0,0,0.0005719123291783
2024-11-04 13:15:00,4,0,0,0.0005812241579405
2024-11-04 13:30:00,4,0,0,0.0005869027809239
2024-11-04 13:45:00,4,0,0,0.0006025647162459
2024-11-04 14:00:00,4,0,0,0.0005829680594615
2024-11-04 14:15:00,4,0,0,0.000586426933296
2024-11-04 14:30:00,4,0,0,0.0005756762693636
2024-11-04 14:45:00,4,0,0,0.0005847648135386
2024-11-04 15:00:00,4,0,0,0.0005721961497329
2024-11-04 15:15:00,4,0,0,0.0005681740585714
2024-11-04 15:30:00,4,0,0,0.000571894343011
2024-11-04 15:45:00,4,0,0,0.0005592257948592
2024-11-04 16:00:00,4,0,0,0.000564117974136
2024-11-04 16:15:00,4,0,0,0.0005725908558815
2024-11-04 16:30:00,4,0,0,0.0005664831260219
2024-11-04 16:45:00,4,0,0,0.0005671817925758
2024-11-04 17:00:00,4,0,0,0.0005801934166811
2024-11-04 17:15:00,4,0,0,0.0005748948897235
2024-11-04 17:30:00,4,0,0,0.0005665645003318
2024-11-04 17:45:00,4,0,0,0.000581151631195
2024-11-04 18:00:00,4,0,0,0.0005893432535231
2024-11-04 18:15:00,4,0,0,0.0005901560070924
2024-11-04 18:30:00,4,0,0,0.0005833441391587
2024-11-04 18:45:00,4,0,0,0.0005693745915777
2024-11-04 19:00:00,4,0,0,0.0005749483243562
2024-11-04 19:15:00,4,0,0,0.0005744839436374
2024-11-04 19:30:00,4,0,0,0.0005775343161076
2024-11-04 19:45:00,4,0,0,0.000586105918046
2024-11-04 20:00:00,4,0,0,0.0005856826319359
2024-11-04 20:15:00,4,0,0,0.0005882273544557
2024-11-04 20:30:00,4,0,0,0.0005892233457416
2024-11-04 20:45:00,4,0,0,0.000589064322412
2024-11-04 21:00:00,4,0,0,0.000592888740357
2024-11-04 21:15:00,4,0,0,0.0005992915248498
2024-11-04 21:30:00,4,0,0,0.0006003596936352
2024-11-04 21:45:00,4,0,0,0.0006021050503477
2024-11-04 22:00:00,4,0,0,0.0006885861512273
2024-11-04 22:15:00,4,0,0,0.0006789430626668
2024-11-04 22:30:00,4,0,0,0.0006865827017463
2024-11-04 22:45:00,4,0,0,0.0006563274655491
2024-11-04 23:00:00,4,0,0,0.0006247375276871
2024-11-04 23:15:00,4,0,0,0.0006526514771394
2024-11-04 23:30:00,4,0,0,0.0006590879638679
2024-11-04 23:45:00,4,0,0,0.0006749753956682
2024-11-05 01:45:00,5,0,0,0.001904223463498
2024-11-05 02:00:00,5,0,0,0.0017606681212782
2024-11-05 02:15:00,5,0,0,0.0014075657818466
2024-11-05 02:30:00,5,0,0,0.0011747431708499
2024-11-05 02:45:00,5,0,0,0.0012579718604683
2024-11-05 03:00:00,5,0,0,0.0027346282731741
2024-11-05 03:15:00,5,0,0,0.0067362282425165
2024-11-05 03:30:00,5,0,0,0.0109419208019971
2024-11-05 03:45:00,5,0,0,0.0168661456555128
2024-11-05 04:00:00,5,0,0,0.0150494100525975
2024-11-05 04:15:00,5,0,0,0.037974327802658
2024-11-05 04:30:00,5,0,0,0.0257613100111484
2024-11-05 04:45:00,5,0,0,0.0183754097670316
2024-11-05 05:00:00,5,0,0,0.0080109601840376
2024-11-05 05:15:00,5,0,0,0.0038728893268853
2024-11-05 05:30:00,5,0,0,0.002721301279962
2024-11-05 05:45:00,5,0,0,0.0019446444930508
2024-11-05 06:00:00,5,0,0,0.0043084998615086
2024-11-05 06:15:00,5,0,0,0.0041088904254138
2024-11-05 06:30:00,5,0,0,0.0033048605546355
2024-11-05 06:45:00,5,0,0,0.0030277033802121
2024-11-05 07:00:00,5,0,0,0.0025148924905806
2024-11-05 07:15:00,5,0,0,0.001392588019371
2024-11-05 07:30:00,5,0,0,0.0013662560377269
2024-11-05 07:45:00,5,0,0,0.0009509697556495
2024-11-05 08:00:00,5,0,0,0.0015072731766849
2024-11-05 08:15:00,5,0,0,0.0009234472527168
2024-11-05 08:30:00,5,0,0,0.0007624483550898
2024-11-05 08:45:00,5,0,0,0.0007500828360207
2024-11-05 09:00:00,5,0,0,0.0007942949887365
2024-11-05 09:15:00,5,0,0,0.0008823446696624
2024-11-05 09:30:00,5,0,0,0.0010083044180646
2024-11-05 09:45:00,5,0,0,0.0012499273288995
2024-11-05 10:00:00,5,0,0,0.0010717646218836
2024-11-05 10:15:00,5,0,0,0.0009830228518694
2024-11-05 10:30:00,5,0,0,0.0009203900117427
2024-11-05 10:45:00,5,0,0,0.0009200262720696
2024-11-05 11:00:00,5,0,0,0.0010504489764571
2024-11-07 16:00:00,5,0,0,0.0007548882858827
2024-11-07 16:15:00,5,0,0,0.0007416405715048
2024-11-07 16:30:00,5,0,0,0.0007406017393805
2024-11-07 16:45:00,5,0,0,0.0007387394434772
2024-11-07 17:00:00,5,0,0,0.0007666525198146
2024-11-07 17:15:00,5,0,0,0.0008675213321112
2024-11-07 17:30:00,5,0,0,0.0008643551846034
2024-11-07 17:45:00,5,0,0,0.0008298074244521
2024-11-07 18:00:00,5,0,0,0.0007614886271767
2024-11-07 18:15:00,5,0,0,0.000781966256909
2024-11-07 18:30:00,5,0,0,0.0007531578885391
2024-11-07 18:45:00,5,0,0,0.0007498239283449
2024-11-07 19:00:00,5,0,0,0.0007262853905558
2024-11-07 19:15:00,5,0,0,0.0007216372177936
2024-11-07 19:30:00,5,0,0,0.0007024803198873
2024-11-07 19:45:00,5,0,0,0.0006978280725888
2024-11-07 20:00:00,5,0,0,0.00069221801823
2024-11-07 20:15:00,5,0,0,0.0007037452305667
2024-11-07 20:30:00,5,0,0,0.0007098392234183
2024-11-07 20:45:00,5,0,0,0.0007256718236021
2024-11-07 21:00:00,5,0,0,0.0007115400512702
2024-11-07 21:15:00,5,0,0,0.0007609375170432
2024-11-07 21:30:00,5,0,0,0.0006776958471164
2024-11-07 21:45:00,5,0,0,0.0006887491326779
2024-11-07 22:00:00,5,0,0,0.0006757314549759
2024-11-07 22:15:00,5,0,0,0.0006768009043298
2024-11-07 22:30:00,5,0,0,0.000674936978612
2024-11-07 22:45:00,5,0,0,0.000679007731378
2024-11-07 23:00:00,5,0,0,0.0006778864189982
2024-11-07 23:15:00,5,0,0,0.0006806984310969
2024-11-07 23:30:00,5,0,0,0.000675197225064
2024-11-07 23:45:00,5,0,0,0.0006807477911934
2024-11-08 00:15:00,5,0,0,0.0006734214257448
2024-11-08 00:30:00,5,0,0,0.0006693399627692
2024-11-08 00:45:00,5,0,0,0.0006813260843046
2024-11-08 01:00:00,5,0,0,0.0006784009747207
2024-11-08 01:15:00,5,0,0,0.0006881069857627
2024-11-08 01:30:00,5,0,0,0.0007119519868865
2024-11-08 01:45:00,5,0,0,0.0006787032471038
2024-11-08 02:00:00,5,0,0,0.0006976293516345
2024-11-08 02:15:00,5,0,0,0.0007556463242508
2024-11-08 02:30:00,5,0,0,0.0007025268860161
2024-11-08 02:45:00,5,0,0,0.00072800333146
2024-11-08 03:00:00,5,0,0,0.0008509120671078
2024-11-08 03:15:00,5,0,0,0.0006996790179982
2024-11-08 03:30:00,5,0,0,0.0007028051186352
2024-11-08 03:45:00,5,0,0,0.0007050628191791
2024-11-08 04:00:00,5,0,0,0.0007079811184667
2024-11-08 04:15:00,5,0,0,0.000721683143638
2024-11-08 04:30:00,5,0,0,0.0007101180381141
2024-11-08 04:45:00,5,0,0,0.0007098518544808
2024-11-08 05:00:00,5,0,0,0.0007369255181401
2024-11-08 05:15:00,5,0,0,0.0007209946634247
2024-11-08 05:30:00,5,0,0,0.0007336343987844
2024-11-08 05:45:00,5,0,0,0.000708277686499
2024-11-08 06:00:00,5,0,0,0.0007258024415932
2024-11-08 06:15:00,5,0,0,0.0007547968998551
2024-11-08 06:30:00,5,0,0,0.0007741335430182
2024-11-08 06:45:00,5,0,0,0.0007670457707718
2024-11-08 07:00:00,5,0,0,0.0007947253761813
2024-11-08 07:15:00,5,0,0,0.0007878043106757
2024-11-08 07:30:00,5,0,0,0.0007993744220584
2024-11-08 07:45:00,5,0,0,0.0007919808267615
2024-11-08 08:00:00,5,0,0,0.0008075627265498
2024-11-08 08:15:00,5,0,0,0.0008270636899396
2024-11-08 08:30:00,5,0,0,0.0008127072942443
2024-11-08 08:45:00,5,0,0,0.000810342899058
2024-11-08 09:00:00,5,0,0,0.0008401234517805
2024-11-08 09:15:00,5,0,0,0.0009042567107826
2024-11-08 09:30:00,5,0,0,0.000849496864248
2024-11-08 09:45:00,5,0,0,0.0009287670254707
2024-11-08 10:00:00,5,0,0,0.0009306248975917
2024-11-08 10:15:00,5,0,0,0.0009670100407674
2024-11-08 10:30:00,5,0,0,0.0009248392889276
2024-11-08 10:45:00,5,0,0,0.000949929759372
2024-11-08 11:00:00,5,0,0,0.0009513957193121
2024-11-08 11:15:00,5,0,0,0.0008804237004369
2024-11-08 11:30:00,5,0,0,0.0009348161984235
2024-11-08 11:45:00,5,0,0,0.0010014598956331
2024-11-08 12:00:00,5,0,0,0.001001723925583
2024-11-08 12:15:00,5,0,0,0.0009253194439224
2024-11-08 12:30:00,5,0,0,0.000920120277442
2024-11-08 12:45:00,5,0,0,0.000869695271831
2024-11-08 13:00:00,5,0,0,0.0008648955845274
2024-11-08 13:15:00,5,0,0,0.0008843740797601
2024-11-08 13:30:00,5,0,0,0.0009321933612227
2024-11-08 13:45:00,5,0,0,0.0008988894987851
2024-11-08 14:00:00,5,0,0,0.000916956923902
2024-11-08 14:15:00,5,0,0,0.0008706720545887
2024-11-08 14:30:00,5,0,0,0.0008658863953314
2024-11-08 14:45:00,5,0,0,0.000777150329668
2024-11-08 15:00:00,5,0,0,0.0007510772556997
2024-11-08 15:15:00,5,0,0,0.0007759822183288
2024-11-08 15:30:00,5,0,0,0.0007932208827696
2024-11-08 15:45:00,5,0,0,0.0007143825059756
2024-11-08 16:00:00,5,0,0,0.0007190502365119
2024-11-08 16:15:00,5,0,0,0.0008930011535994
2024-11-08 16:30:00,5,0,0,0.0009568564710207
2024-11-08 16:45:00,5,0,0,0.0009292031172662
2024-11-08 17:00:00,5,0,0,0.0009854179807007
2024-11-08 17:15:00,5,0,0,0.0007626941660419
2024-11-08 17:30:00,5,0,0,0.0007126362761482
2024-11-08 17:45:00,5,0,0,0.0006943226908333
2024-11-08 18:00:00,5,0,0,0.0006945063360035
2024-11-08 18:15:00,5,0,0,0.000689506996423
2024-11-08 18:30:00,5,0,0,0.0007143467664718
2024-11-08 18:45:00,5,0,0,0.0007198532694019
2024-11-08 19:00:00,5,0,0,0.0007003404898568
2024-11-08 19:15:00,5,0,0,0.0007321051089093
2024-11-08 19:30:00,5,0,0,0.0007052830187603
2024-11-08 19:45:00,5,0,0,0.0007376696448773
2024-11-08 20:00:00,5,0,0,0.0007306077168323
2024-11-08 20:15:00,5,0,0,0.0007853353163227
2024-11-08 20:30:00,5,0,0,0.0009212780278176
2024-11-08 20:45:00,5,0,0,0.0010958797065541
2024-11-08 21:00:00,5,0,0,0.000974558352027
2024-11-08 21:15:00,5,0,0,0.0008781496435403
2024-11-08 21:30:00,5,0,0,0.0008128466433845
2024-11-08 21:45:00,5,0,0,0.000909102440346
2024-11-08 22:00:00,5,0,0,0.0007312275702133
2024-11-08 22:15:00,5,0,0,0.0007329887012019
2024-11-08 22:30:00,5,0,0,0.0008718686876818
2024-11-08 22:45:00,5,0,0,0.0007495147874578
2024-11-08 23:00:00,5,0,0,0.0008322631474584
2024-11-08 23:15:00,5,0,0,0.0007938594790175
2024-11-08 23:30:00,5,0,0,0.0008626335766166
2024-11-08 23:45:00,5,0,0,0.0009511314565315
2024-11-09 00:15:00,5,0,0,0.0011864721309393
2024-11-09 00:30:00,5,0,0,0.0010215828660875
2024-11-09 00:45:00,5,0,0,0.0010496573522686
2024-11-09 01:00:00,5,0,0,0.0007902570068836
2024-11-09 01:15:00,5,0,0,0.0009850033093243
2024-11-09 01:30:00,5,0,0,0.0014436563942581
2024-11-09 01:45:00,5,0,0,0.0023823464289307
2024-11-09 02:00:00,5,0,0,0.0025710300542414
2024-11-09 02:15:00,5,0,0,0.0022092005237936
2024-11-09 02:30:00,5,0,0,0.0018431248608976
2024-11-09 02:45:00,5,0,0,0.0017144862795248
2024-11-09 03:00:00,5,0,0,0.0711260437965393
2024-11-09 03:15:00,5,0,0,0.1780958473682403
2024-11-09 03:30:00,5,0,0,0.0389940813183784
2024-11-09 03:45:00,5,0,0,0.0508137308061122
2024-11-09 04:00:00,5,0,0,0.021345404908061
2024-11-09 04:15:00,5,0,0,0.0029583561699837
2024-11-09 04:30:00,5,0,0,0.2882153987884521
2024-11-09 04:45:00,5,0,0,0.4261388778686523
2024-11-09 05:00:00,5,0,0,0.2855114042758941
2024-11-09 05:15:00,5,0,0,0.4826854765415191
2024-11-09 05:30:00,5,0,1,0.5178890228271484
2024-11-09 05:45:00,5,0,1,0.4994109570980072
2024-11-09 06:00:00,5,0,0,0.3999393284320831
2024-11-09 06:15:00,5,0,0,0.2554021179676056
2024-11-09 06:30:00,5,0,1,0.5612212419509888
2024-11-09 06:45:00,5,0,1,0.5244333148002625
2024-11-09 07:00:00,5,0,1,0.4941341876983642
2024-11-09 07:15:00,5,0,0,0.4489882290363312
2024-11-09 07:30:00,5,0,0,0.4318603575229645
2024-11-09 07:45:00,5,0,1,0.5743798017501831
2024-11-09 08:00:00,5,0,1,0.5146485567092896
2024-11-09 08:15:00,5,0,0,0.3780725002288818
2024-11-09 08:30:00,5,0,0,0.3064335584640503
2024-11-09 08:45:00,5,0,0,0.16774582862854
2024-11-09 09:00:00,5,0,0,0.1993950009346008
2024-11-09 09:15:00,5,0,0,0.2752268612384796
2024-11-09 09:30:00,5,0,0,0.0379083640873432
2024-11-09 09:45:00,5,0,0,0.0246481299400329
2024-11-09 10:00:00,5,0,0,0.0076159154996275
2024-11-09 10:15:00,5,0,0,0.0380419865250587
2024-11-09 10:30:00,5,0,0,0.0082479072734713
2024-11-09 10:45:00,5,0,0,0.0007747671916149
2024-11-09 11:00:00,5,0,0,0.0009852861985564
2024-11-09 11:15:00,5,0,0,0.0009052621317096
2024-11-09 11:30:00,5,0,0,0.00262560416013
2024-11-09 11:45:00,5,0,0,0.0014951660996302
2024-11-09 12:00:00,5,0,0,0.0013358134310692
2024-11-09 12:15:00,5,0,0,0.0024446824099868
2024-11-09 12:30:00,5,0,0,0.00461110426113
2024-11-09 12:45:00,5,0,0,0.0105051025748252
2024-11-09 13:00:00,5,0,0,0.0040046270005404
2024-11-09 13:15:00,5,0,0,0.0062983673997223
2024-11-09 13:30:00,5,0,0,0.0098434565588831
2024-11-09 13:45:00,5,0,0,0.0096042603254318
2024-11-09 14:00:00,5,0,0,0.0073191532865166
2024-11-09 14:15:00,5,0,0,0.016996257007122
2024-11-09 14:30:00,5,0,0,0.0121925622224807
2024-11-09 14:45:00,5,0,0,0.0107492785900831
2024-11-09 15:00:00,5,0,0,0.0612980350852012
2024-11-09 15:15:00,5,0,0,0.0249983463436365
2024-11-09 15:30:00,5,0,0,0.0959558114409446
2024-11-09 15:45:00,5,0,0,0.010742524638772
2024-11-09 16:00:00,5,0,0,0.00486178137362
2024-11-09 16:15:00,5,0,0,0.1097520589828491
2024-11-09 16:30:00,5,0,0,0.3967457115650177
2024-11-09 16:45:00,5,0,0,0.2334210723638534
2024-11-09 17:00:00,5,0,0,0.3365733623504638
2024-11-09 17:15:00,5,0,0,0.2667084038257599
2024-11-09 17:30:00,5,0,0,0.2603391706943512
2024-11-09 17:45:00,5,0,0,0.1044036075472831
2024-11-09 18:00:00,5,0,0,0.0050290198996663
2024-11-09 18:15:00,5,0,0,0.0103614507243037
2024-11-09 18:30:00,5,0,0,0.0051329103298485
2024-11-09 18:45:00,5,0,0,0.0225783828645944
2024-11-09 19:00:00,5,0,0,0.0131740514189004
2024-11-09 19:15:00,5,0,0,0.0143787767738103
2024-11-09 19:30:00,5,0,0,0.0134405018761754
2024-11-09 19:45:00,5,0,0,0.028129294514656
2024-11-09 20:00:00,5,0,0,0.0310259256511926
2024-11-09 20:15:00,5,0,0,0.0166855044662952
2024-11-09 20:30:00,5,0,0,0.0044161435216665
2024-11-09 20:45:00,5,0,0,0.0056330733932554
2024-11-09 21:00:00,5,0,0,0.0101690124720335
2024-11-09 21:15:00,5,0,0,0.0058631016872823
2024-11-09 21:30:00,5,0,0,0.0030647891107946
2024-11-09 21:45:00,5,0,0,0.0070192269049584
2024-11-09 22:00:00,5,0,0,0.0033781069796532
2024-11-09 22:15:00,5,0,0,0.0029044721741229
2024-11-09 22:30:00,5,0,0,0.0033513843081891
2024-11-09 22:45:00,5,0,0,0.0067632342688739
2024-11-09 23:00:00,5,0,0,0.0059586018323898
2024-11-09 23:15:00,5,0,0,0.0024902676232159
2024-11-09 23:30:00,5,0,0,0.0023639493156224
2024-11-09 23:45:00,5,0,0,0.0022742317523807
2024-11-10 00:15:00,5,0,0,0.001860077260062
2024-11-10 00:30:00,5,0,0,0.0011325115337967
2024-11-10 00:45:00,5,0,0,0.0025090118870139
2024-11-10 01:00:00,5,0,0,0.0065916604362428
2024-11-10 01:15:00,5,0,0,0.0042466316372156
2024-11-10 01:30:00,5,0,0,0.0022326395846903
2024-11-10 01:45:00,5,0,0,0.0094289425760507
2024-11-10 02:00:00,5,0,0,0.0098162572830915
2024-11-10 02:15:00,5,0,0,0.0059339343570172
2024-11-10 02:30:00,5,0,0,0.0084407590329647
2024-11-10 02:45:00,5,0,0,0.0053822263143956
2024-11-10 03:00:00,5,0,0,0.002862354973331
2024-11-10 03:15:00,5,0,0,0.0018777566729113
2024-11-10 03:30:00,5,0,0,0.0022936791647225
2024-11-10 03:45:00,5,0,0,0.0039969249628484
2024-11-10 04:00:00,5,0,0,0.0029938169755041
2024-11-10 04:15:00,5,0,0,0.0023505818098783
2024-11-10 04:30:00,5,0,0,0.0037837284617125
2024-11-10 04:45:00,5,0,0,0.0047702738083899
2024-11-10 05:00:00,5,0,0,0.0023157179821282
2024-11-10 05:15:00,5,0,0,0.0013213488273322
2024-11-10 05:30:00,5,0,0,0.0017486977158114
2024-11-10 05:45:00,5,0,0,0.0011691150721162
2024-11-10 06:00:00,5,0,0,0.0022493398282676
2024-11-10 06:15:00,5,0,0,0.0030088457278907
2024-11-10 06:30:00,5,0,0,0.0011966178426519
2024-11-10 06:45:00,5,0,0,0.0014665686758235
2024-11-10 07:00:00,5,0,0,0.0017631839727982
2024-11-10 07:15:00,5,0,0,0.0025330584030598
2024-11-10 07:30:00,5,0,0,0.0039538838900625
2024-11-10 07:45:00,5,0,0,0.0023147768806666
2024-11-10 08:00:00,5,0,0,0.0032587146852165
2024-11-10 08:15:00,5,0,0,0.0024637475144118
2024-11-10 08:30:00,5,0,0,0.0011689912062138
2024-11-10 08:45:00,5,0,0,0.0009548451635055
2024-11-10 09:00:00,5,0,0,0.0010399471502751
2024-11-10 09:15:00,5,0,0,0.0010473283473402
2024-11-10 09:30:00,5,0,0,0.0011205023620277
2024-11-10 09:45:00,5,0,0,0.0008858140208758
2024-11-10 10:00:00,5,0,0,0.0008026031428016
2024-11-10 10:15:00,5,0,0,0.0008708737441338
2024-11-10 10:30:00,5,0,0,0.0012395597295835
2024-11-10 10:45:00,5,0,0,0.0014994599623605
2024-11-10 11:00:00,5,0,0,0.0024181546177715
2024-11-10 11:15:00,5,0,0,0.0015818030806258
2024-11-10 11:30:00,5,0,0,0.0012223005760461
2024-11-10 11:45:00,5,0,0,0.00116516451817
2024-11-10 12:00:00,5,0,0,0.0012519431766122
2024-11-10 12:15:00,5,0,0,0.0016025191871449
2024-11-10 12:30:00,5,0,0,0.0018677996704354
2024-11-10 12:45:00,5,0,0,0.0019575504120439
2024-11-10 13:00:00,5,0,0,0.0018250795546919
2024-11-10 13:15:00,5,0,0,0.0018382867565378
2024-11-10 13:30:00,5,0,0,0.0016719750128686
2024-11-10 13:45:00,5,0,0,0.0013992483727633
2024-11-10 14:00:00,5,0,0,0.0011476225918158
2024-11-10 14:15:00,5,0,0,0.0016683900030329
2024-11-10 14:30:00,5,0,0,0.0026341078337281
2024-11-10 14:45:00,5,0,0,0.0037419814616441
2024-11-10 15:00:00,5,0,0,0.0038578410167247
2024-11-10 15:15:00,5,0,0,0.0058547221124172
2024-11-10 15:30:00,5,0,0,0.0100940326228737
2024-11-10 15:45:00,5,0,0,0.0082210591062903
2024-11-10 16:00:00,5,0,0,0.0108819035813212
2024-11-10 16:15:00,5,0,0,0.0102816699072718
2024-11-10 16:30:00,5,0,0,0.0142882792279124
2024-11-10 16:45:00,5,0,0,0.0540155321359634
2024-11-10 17:00:00,5,0,0,0.4489802122116089
2024-11-10 17:15:00,5,0,1,0.5263347029685974
2024-11-10 17:30:00,5,0,1,0.5078434944152832
2024-11-10 17:45:00,5,0,1,0.5153554081916809
2024-11-10 18:00:00,5,1,1,0.5330321192741394
2024-11-10 18:15:00,5,1,1,0.5777504444122314
2024-11-10 18:30:00,5,1,1,0.5326695442199707
2024-11-10 18:45:00,5,1,1,0.5252224206924438
2024-11-10 19:00:00,5,1,0,0.4029243886470794
2024-11-10 19:15:00,5,0,0,0.3858077228069305
2024-11-10 19:30:00,5,1,0,0.330353170633316
2024-11-10 19:45:00,5,0,0,0.082664169371128
2024-11-10 20:00:00,5,0,0,0.0224688798189163
2024-11-10 20:15:00,5,0,0,0.0209037270396947
2024-11-10 20:30:00,5,0,0,0.1266685426235199
2024-11-10 20:45:00,5,0,0,0.373988389968872
2024-11-10 21:00:00,5,0,0,0.475493311882019
2024-11-10 21:15:00,5,0,0,0.4688444137573242
2024-11-10 21:30:00,5,0,0,0.4460277557373047
2024-11-10 21:45:00,5,0,0,0.4044201970100403
2024-11-10 22:00:00,5,0,0,0.2247111946344375
2024-11-10 22:15:00,5,0,0,0.2796741425991058
2024-11-10 22:30:00,5,0,0,0.4772691428661346
2024-11-10 22:45:00,5,0,1,0.5467616319656372
2024-11-10 23:00:00,5,0,1,0.5358198285102844
2024-11-10 23:15:00,5,0,1,0.5083863735198975
2024-11-10 23:30:00,5,0,0,0.4574972987174988
2024-11-10 23:45:00,5,0,0,0.4578147530555725
2024-11-11 00:15:00,5,0,0,0.3757494688034057
2024-11-11 00:30:00,5,0,0,0.3868026435375213
2024-11-11 00:45:00,5,0,0,0.3648196458816528
2024-11-11 01:00:00,5,0,0,0.3369882106781006
2024-11-11 01:15:00,5,0,0,0.3943813443183899
2024-11-11 01:30:00,5,0,0,0.3712100088596344
2024-11-11 01:45:00,5,0,0,0.4123713374137878
2024-11-11 02:00:00,5,0,0,0.4327568113803863
2024-11-11 02:15:00,5,0,0,0.4481498301029205
2024-11-11 02:30:00,5,0,0,0.4751970469951629
2024-11-11 02:45:00,5,0,0,0.4648497402667999
2024-11-11 03:00:00,5,0,0,0.4415567219257355
2024-11-11 03:15:00,5,0,0,0.4465064108371734
2024-11-11 03:30:00,5,0,0,0.4010169804096222
2024-11-11 03:45:00,5,0,0,0.4667906165122986
2024-11-11 04:00:00,5,0,1,0.4806786179542541
2024-11-11 04:15:00,5,0,1,0.5091371536254883
2024-11-11 04:30:00,5,0,1,0.5369176268577576
2024-11-11 04:45:00,5,0,1,0.5548059344291687
2024-11-11 05:00:00,5,0,1,0.6510787606239319
2024-11-11 05:15:00,5,0,1,0.6423949003219604
2024-11-11 05:30:00,5,0,1,0.6744311451911926
2024-11-11 05:45:00,5,0,1,0.6410291790962219
2024-11-11 06:00:00,5,0,1,0.5632471442222595
2024-11-11 06:15:00,5,0,1,0.5235047340393066
2024-11-11 06:30:00,5,0,1,0.5395827293395996
2024-11-11 06:45:00,5,0,1,0.543880045413971
2024-11-11 07:00:00,5,0,1,0.6350876688957214
2024-11-11 07:15:00,5,0,1,0.6883020997047424
2024-11-11 07:30:00,5,0,1,0.7242433428764343
2024-11-11 07:45:00,5,0,1,0.647391140460968
2024-11-11 08:00:00,5,0,1,0.5472984313964844
2024-11-11 08:15:00,5,0,0,0.4505273103713989
2024-11-11 08:30:00,5,0,0,0.3891462087631225
2024-11-11 08:45:00,5,0,0,0.3384499251842499
2024-11-11 09:00:00,5,0,0,0.3398880064487457
2024-11-11 09:15:00,5,0,0,0.2753027975559234
2024-11-11 09:30:00,5,0,0,0.1263882666826248
2024-11-11 09:45:00,5,0,0,0.0666002258658409
2024-11-11 10:00:00,5,0,0,0.1243532225489616
2024-11-11 10:15:00,5,0,0,0.1537663042545318
2024-11-11 10:30:00,5,0,0,0.1347372233867645
2024-11-11 10:45:00,5,0,0,0.1096471026539802
2024-11-11 11:00:00,5,0,0,0.0408311188220977
2024-11-11 11:15:00,5,0,0,0.0161848254501819
2024-11-11 11:30:00,5,0,0,0.0129411304369568
2024-11-11 11:45:00,5,0,0,0.0128189967945218
2024-11-11 12:00:00,5,0,0,0.0143510559573769
2024-11-11 12:15:00,5,0,0,0.0099840406328439
2024-11-11 12:30:00,5,0,0,0.0070749279111623
2024-11-11 12:45:00,5,0,0,0.0058502121828496
2024-11-11 13:00:00,5,0,0,0.0050425790250301
2024-11-11 13:15:00,5,0,0,0.003559345845133
2024-11-11 13:30:00,5,0,0,0.0044660889543592
2024-11-11 13:45:00,5,0,0,0.005261808168143
2024-11-11 14:00:00,5,0,0,0.0046560303308069
2024-11-11 14:15:00,5,0,0,0.0047319014556705
2024-11-11 14:30:00,5,0,0,0.0023506334982812
2024-11-11 14:45:00,5,0,0,0.0023665633052587
2024-11-11 15:00:00,5,0,0,0.0026386433746665
2024-11-11 15:15:00,5,0,0,0.006134629715234
2024-11-11 15:30:00,5,0,0,0.0113568967208266
2024-11-11 15:45:00,5,0,0,0.0206959471106529
2024-11-11 16:00:00,5,0,0,0.0180802009999752
2024-11-11 16:15:00,5,0,0,0.2540782392024994
2024-11-11 16:30:00,5,1,0,0.2876398861408233
2024-11-11 16:45:00,5,1,0,0.173797994852066
2024-11-11 17:00:00,5,1,0,0.2667798697948456
2024-11-11 17:15:00,5,1,0,0.2763803005218506
2024-11-11 17:30:00,5,1,1,0.4783825874328613
2024-11-11 17:45:00,5,1,1,0.4910919070243835
2024-11-11 18:00:00,5,1,1,0.5159143209457397
2024-11-11 18:15:00,5,1,1,0.535571813583374
2024-11-11 18:30:00,5,1,1,0.5472384691238403
2024-11-11 18:45:00,5,1,1,0.5423809289932251
2024-11-11 19:00:00,5,1,1,0.543001651763916
2024-11-11 19:15:00,5,1,1,0.5656288266181946
2024-11-11 19:30:00,5,1,1,0.5810866951942444
2024-11-11 19:45:00,5,1,1,0.5828487873077393
2024-11-11 20:00:00,5,1,1,0.608397901058197
2024-11-11 20:15:00,5,1,1,0.6535583138465881
2024-11-11 20:30:00,5,1,1,0.6224328279495239
2024-11-11 20:45:00,5,1,1,0.6796019077301025
2024-11-11 21:00:00,5,1,1,0.6669312715530396
2024-11-11 21:15:00,5,1,1,0.7583226561546326
2024-11-11 21:30:00,5,1,1,0.789567232131958
2024-11-11 21:45:00,5,1,1,0.7863991856575012
2024-11-11 22:00:00,5,1,1,0.7506812810897827
2024-11-11 22:15:00,5,1,1,0.7607795596122742
2024-11-11 22:30:00,5,1,1,0.7432565093040466
2024-11-11 22:45:00,5,1,1,0.6892175078392029
2024-11-11 23:00:00,5,1,1,0.7952225804328918
2024-11-11 23:15:00,5,1,1,0.648279070854187
2024-11-11 23:30:00,5,1,1,0.6065995693206787
2024-11-11 23:45:00,5,1,1,0.7641351819038391
2024-11-12 01:00:00,6,1,1,0.5417038202285767
2024-11-12 01:15:00,6,1,0,0.3848663866519928
2024-11-12 01:30:00,6,1,0,0.2670798599720001
2024-11-12 01:45:00,6,1,0,0.4487839341163635
2024-11-12 02:00:00,6,1,0,0.1555305868387222
2024-11-12 02:15:00,6,1,0,0.2269982099533081
2024-11-12 02:30:00,6,1,0,0.4742572605609894
2024-11-12 02:45:00,6,1,0,0.3260917961597442
2024-11-12 03:00:00,6,1,0,0.4474367797374725
2024-11-12 03:15:00,6,1,1,0.5243687033653259
2024-11-12 03:30:00,6,1,1,0.4900188446044922
2024-11-12 03:45:00,6,1,1,0.4874728322029114
2024-11-12 04:00:00,6,1,1,0.5037919878959656
2024-11-12 04:15:00,6,1,1,0.4998796284198761
2024-11-12 04:30:00,6,1,1,0.5559785962104797
2024-11-12 04:45:00,6,1,1,0.525836169719696
2024-11-12 05:00:00,6,1,1,0.6080301403999329
2024-11-12 05:15:00,6,1,1,0.7321838140487671
2024-11-12 05:30:00,6,1,1,0.6579364538192749
2024-11-12 05:45:00,6,1,1,0.6828749179840088
2024-11-12 06:00:00,6,1,0,0.4280019700527191
2024-11-12 06:15:00,6,1,1,0.6693069934844971
2024-11-12 06:30:00,6,1,1,0.7072600722312927
2024-11-12 06:45:00,6,1,1,0.6476226449012756
2024-11-12 07:00:00,6,1,1,0.8375091552734375
2024-11-12 07:15:00,6,1,1,0.8032607436180115
2024-11-12 07:30:00,6,1,1,0.8130426406860352
2024-11-12 07:45:00,6,1,1,0.8094775080680847
2024-11-12 08:00:00,6,1,1,0.7602788209915161
2024-11-12 08:15:00,6,1,1,0.7666128873825073
2024-11-12 08:30:00,6,1,1,0.6943737864494324
2024-11-12 08:45:00,6,0,1,0.6411630511283875
2024-11-12 09:00:00,6,0,0,0.4931603074073791
2024-11-12 09:15:00,6,0,0,0.4489853680133819
2024-11-12 09:30:00,6,0,0,0.3531631231307983
2024-11-12 09:45:00,6,0,0,0.2770267426967621
2024-11-12 10:00:00,6,0,0,0.0715334936976432
2024-11-12 10:15:00,6,0,0,0.0279943458735942
2024-11-12 10:30:00,6,0,0,0.0330613888800144
2024-11-12 10:45:00,6,0,0,0.0127238100394606
2024-11-12 11:00:00,6,0,0,0.0127497408539056
2024-11-12 11:15:00,6,0,0,0.0120242573320865
2024-11-12 11:30:00,6,0,0,0.0083791259676218
2024-11-12 11:45:00,6,0,0,0.0059114508330821
2024-11-12 12:00:00,6,0,0,0.0066026444546878
2024-11-12 12:15:00,6,0,0,0.0103273764252662
2024-11-12 12:30:00,6,0,0,0.009172829799354
2024-11-12 12:45:00,6,0,0,0.0064423442818224
2024-11-12 13:00:00,6,0,0,0.0100668855011463
2024-11-12 13:15:00,6,0,0,0.0094843180850148
2024-11-12 13:30:00,6,0,0,0.0099318632856011
2024-11-12 13:45:00,6,0,0,0.0102701187133789
2024-11-12 14:00:00,6,0,0,0.0125084109604358
2024-11-12 14:15:00,6,0,0,0.0133228441700339
2024-11-12 14:30:00,6,0,0,0.0193699821829795
2024-11-12 14:45:00,6,0,0,0.0250563453882932
2024-11-12 15:00:00,6,0,0,0.0456631518900394
2024-11-12 15:15:00,6,0,0,0.0428388752043247
2024-11-12 15:30:00,6,0,0,0.0361760295927524
2024-11-12 15:45:00,6,0,0,0.0417307764291763
2024-11-12 16:00:00,6,0,0,0.036562193185091
2024-11-12 16:15:00,6,0,0,0.0551490075886249
2024-11-12 16:30:00,6,0,0,0.352320522069931
2024-11-12 16:45:00,6,0,0,0.3700311481952667
2024-11-12 17:00:00,6,0,0,0.3732908070087433
2024-11-12 17:15:00,6,0,0,0.2617032527923584
2024-11-12 17:30:00,6,0,0,0.3289580345153808
2024-11-12 17:45:00,6,0,0,0.2914793789386749
2024-11-12 18:00:00,6,0,0,0.3826309442520141
2024-11-12 18:15:00,6,0,1,0.4214870929718017
2024-11-12 18:30:00,6,0,0,0.2835354506969452
2024-11-12 18:45:00,6,0,0,0.2447095513343811
2024-11-12 19:00:00,6,0,1,0.4871927797794342
2024-11-12 19:15:00,6,0,1,0.4614880681037903
2024-11-12 19:30:00,6,0,1,0.5301499962806702
2024-11-12 19:45:00,6,0,1,0.5456395745277405
2024-11-12 20:00:00,6,0,1,0.5815421938896179
2024-11-12 20:15:00,6,0,1,0.6020400524139404
2024-11-12 20:30:00,6,0,1,0.5736187696456909
2024-11-12 20:45:00,6,0,1,0.5985206365585327
2024-11-12 21:00:00,6,0,1,0.7781530618667603
2024-11-12 21:15:00,6,1,1,0.8367615342140198
2024-11-12 21:30:00,6,0,1,0.7168034911155701
2024-11-12 21:45:00,6,0,1,0.6517754197120667
2024-11-12 22:00:00,6,0,1,0.6339483261108398
2024-11-12 22:15:00,6,0,1,0.5251607894897461
2024-11-12 22:30:00,6,0,0,0.4695358574390411
2024-11-12 23:00:00,6,0,1,0.502263069152832
2024-11-12 23:15:00,6,0,0,0.4777345359325409
2024-11-12 23:30:00,6,0,1,0.539506196975708
2024-11-12 23:45:00,6,1,1,0.6226298213005066
2024-11-13 00:15:00,6,1,1,0.7626833319664001
2024-11-13 00:30:00,6,1,1,0.8022964596748352
2024-11-13 00:45:00,6,1,1,0.7972861528396606
2024-11-13 01:00:00,6,1,1,0.8453712463378906
2024-11-13 01:15:00,6,1,1,0.8448983430862427
2024-11-13 01:30:00,6,1,1,0.7533137202262878
2024-11-13 01:45:00,6,1,1,0.788472592830658
2024-11-13 02:00:00,6,1,1,0.7361293435096741
2024-11-13 02:15:00,6,1,1,0.6906431317329407
2024-11-13 02:30:00,6,1,1,0.8078223466873169
2024-11-13 02:45:00,6,1,1,0.8488428592681885
2024-11-13 03:00:00,6,1,1,0.8610938787460327
2024-11-13 03:15:00,6,1,1,0.8646780252456665
2024-11-13 03:30:00,6,1,1,0.830321192741394
2024-11-13 03:45:00,6,1,1,0.7510659694671631
2024-11-13 04:00:00,6,1,1,0.8461846709251404
2024-11-13 04:15:00,6,1,1,0.847299337387085
2024-11-13 04:30:00,6,1,1,0.8689822554588318
2024-11-13 04:45:00,6,1,1,0.7894558906555176
2024-11-13 05:00:00,6,1,1,0.7980073690414429
2024-11-13 05:15:00,6,1,1,0.7792841196060181
2024-11-13 05:30:00,6,1,1,0.7286581993103027
2024-11-13 05:45:00,6,1,1,0.6926319599151611
2024-11-13 06:00:00,6,0,1,0.5863214135169983
2024-11-13 06:15:00,6,0,1,0.5750195980072021
2024-11-13 06:30:00,6,0,1,0.5742492079734802
2024-11-13 06:45:00,6,0,0,0.4766734540462494
2024-11-13 07:00:00,6,1,1,0.5007455945014954
2024-11-13 07:15:00,6,0,1,0.5055057406425476
2024-11-13 07:30:00,6,0,1,0.5366171598434448
2024-11-13 07:45:00,6,0,1,0.5996242761611938
2024-11-13 08:00:00,6,0,1,0.6638417840003967
2024-11-13 08:15:00,6,0,1,0.69216388463974
2024-11-13 08:30:00,6,0,0,0.4890220165252685
2024-11-13 08:45:00,6,0,0,0.4299300611019134
2024-11-13 09:00:00,6,0,0,0.3710072338581085
2024-11-13 09:15:00,6,0,0,0.3054137527942657
2024-11-13 09:30:00,6,0,0,0.2948217093944549
2024-11-13 09:45:00,6,0,0,0.079608030617237
2024-11-13 10:00:00,6,0,0,0.0307537354528903
2024-11-13 10:15:00,6,0,0,0.0215801317244768
2024-11-13 10:30:00,6,0,0,0.147314965724945
2024-11-13 10:45:00,6,0,0,0.1297006160020828
2024-11-13 11:00:00,6,0,0,0.0238271579146385
2024-11-13 11:15:00,6,0,0,0.0141596747562289
2024-11-13 11:30:00,6,0,0,0.0127683421596884
2024-11-13 11:45:00,6,0,0,0.0136811370030045
2024-11-13 12:00:00,6,0,0,0.0089551890268921
2024-11-13 12:15:00,6,0,0,0.0261318758130073
2024-11-13 12:30:00,6,0,0,0.0201592817902565
2024-11-13 12:45:00,6,0,0,0.019306618720293
2024-11-13 13:00:00,6,0,0,0.0168925728648901
2024-11-13 13:15:00,6,0,0,0.0173952523618936
2024-11-13 13:30:00,6,0,0,0.0126493498682975
2024-11-13 13:45:00,6,0,0,0.0107263540849089
2024-11-13 14:00:00,6,0,0,0.0134581634774804
2024-11-13 14:15:00,6,0,0,0.0125078130513429
2024-11-13 14:30:00,6,0,0,0.0080045303329825
2024-11-13 14:45:00,6,0,0,0.009870508685708
2024-11-13 15:00:00,6,0,0,0.0164502058178186
2024-11-13 15:15:00,6,0,0,0.030152590945363
2024-11-13 15:30:00,6,0,0,0.0245615653693676
2024-11-13 15:45:00,6,0,0,0.0365145020186901
2024-11-13 16:00:00,6,0,0,0.0269828233867883
2024-11-13 16:15:00,6,0,0,0.0256715361028909
2024-11-13 16:30:00,6,0,0,0.073468841612339
2024-11-13 16:45:00,6,0,0,0.0799931138753891
2024-11-13 17:00:00,6,0,0,0.0398518927395343
2024-11-13 17:15:00,6,0,0,0.0284318607300519
2024-11-13 17:30:00,6,0,0,0.0844542235136032
2024-11-13 17:45:00,6,0,0,0.0965256616473198
2024-11-13 18:00:00,6,0,0,0.1438026130199432
2024-11-13 18:15:00,6,0,0,0.2113857120275497
2024-11-13 18:30:00,6,0,0,0.2652125656604767
2024-11-13 18:45:00,6,0,0,0.3943225443363189
2024-11-13 19:00:00,6,0,0,0.3117913007736206
2024-11-13 19:15:00,6,0,0,0.3606975078582763
2024-11-13 19:30:00,6,0,0,0.3452497720718384
2024-11-13 19:45:00,6,0,0,0.3672389388084411
2024-11-13 20:00:00,6,0,0,0.3040239512920379
2024-11-13 20:15:00,6,0,0,0.1910481303930282
2024-11-13 20:30:00,6,0,0,0.3567626178264618
2024-11-13 20:45:00,6,0,0,0.2743249237537384
2024-11-13 21:00:00,6,0,0,0.282954454421997
2024-11-13 21:15:00,6,0,0,0.3545805215835571
2024-11-13 21:30:00,6,0,1,0.3981998562812805
2024-11-13 21:45:00,6,0,0,0.2885204553604126
2024-11-13 22:00:00,6,0,0,0.1145049557089805
2024-11-13 22:15:00,6,0,0,0.1414994597434997
2024-11-13 22:30:00,6,0,0,0.1611211746931076
2024-11-13 22:45:00,6,0,0,0.1976803541183471
2024-11-13 23:00:00,6,0,0,0.2077498584985733
2024-11-13 23:15:00,6,0,0,0.1788014024496078
2024-11-13 23:30:00,6,0,0,0.2109637856483459
2024-11-13 23:45:00,6,0,0,0.2569546401500702
2024-11-14 00:15:00,6,0,0,0.2912368178367615
2024-11-14 00:30:00,6,0,0,0.2437160313129425
2024-11-14 00:45:00,6,0,0,0.3608186841011047
2024-11-14 01:00:00,6,0,0,0.3405213952064514
2024-11-14 01:15:00,6,0,0,0.335811585187912
2024-11-14 01:30:00,6,0,0,0.295076310634613
2024-11-14 01:45:00,6,0,0,0.2563310265541076
2024-11-14 02:00:00,6,0,0,0.1285394877195358
2024-11-14 02:15:00,6,0,0,0.0853482410311698
2024-11-14 02:30:00,6,0,0,0.0791238844394683
2024-11-14 02:45:00,6,0,0,0.0507133416831493
2024-11-14 03:00:00,6,0,0,0.064714178442955
2024-11-14 03:15:00,6,0,0,0.072012111544609
2024-11-14 03:30:00,6,0,0,0.0786323621869087
2024-11-14 03:45:00,6,0,0,0.1266380101442337
2024-11-14 04:00:00,6,0,0,0.1368082761764526
2024-11-14 04:15:00,6,0,0,0.1874511092901229
2024-11-14 04:30:00,6,0,0,0.2029960304498672
2024-11-14 04:45:00,6,0,0,0.1999125331640243
2024-11-14 05:00:00,6,0,0,0.1904513090848922
2024-11-14 05:15:00,6,0,0,0.163128063082695
2024-11-14 05:30:00,6,0,0,0.1877637505531311
2024-11-14 05:45:00,6,0,0,0.1797768920660019
2024-11-14 06:00:00,6,0,0,0.2125920355319976
2024-11-14 06:15:00,6,0,0,0.2477543950080871
2024-11-14 06:30:00,6,0,0,0.2605446577072143
2024-11-14 06:45:00,6,0,0,0.4037593603134155
2024-11-14 07:00:00,6,0,0,0.3477141559123993
2024-11-14 07:15:00,6,0,0,0.3257578015327453
2024-11-14 07:30:00,6,0,0,0.1220715120434761
2024-11-14 07:45:00,6,0,0,0.1574919372797012
2024-11-14 08:00:00,6,0,0,0.0855185166001319
2024-11-14 08:15:00,6,0,0,0.0638682916760444
2024-11-14 08:30:00,6,0,0,0.1467990726232528
2024-11-14 08:45:00,6,0,0,0.1776074320077896
2024-11-14 09:00:00,6,0,0,0.1233077496290206
2024-11-14 09:15:00,6,0,0,0.0198703054338693
2024-11-14 09:30:00,6,0,0,0.1243789792060852
2024-11-14 09:45:00,6,0,0,0.1515437215566635
2024-11-14 10:00:00,6,0,0,0.2387882471084594
2024-11-14 10:15:00,6,0,0,0.2050334364175796
2024-11-14 10:30:00,6,0,0,0.2850074172019958
2024-11-14 10:45:00,6,0,0,0.0917548239231109
2024-11-14 11:00:00,6,0,0,0.1150205805897712
2024-11-14 11:15:00,6,0,0,0.1730138659477234
2024-11-14 11:30:00,6,0,0,0.0436721593141555
2024-11-14 11:45:00,6,0,0,0.0278153251856565
2024-11-14 12:00:00,6,0,0,0.0254670903086662
2024-11-14 12:15:00,6,0,0,0.0205968003720045
2024-11-14 12:30:00,6,0,0,0.0184785835444927
2024-11-14 12:45:00,6,0,0,0.0373950228095054
2024-11-14 13:00:00,6,0,0,0.0611085630953311
2024-11-14 13:15:00,6,0,0,0.0244403276592493
2024-11-14 13:30:00,6,0,0,0.0298796910792589
2024-11-14 13:45:00,6,0,0,0.0247042272239923
2024-11-14 14:00:00,6,0,0,0.0133452508598566
2024-11-14 14:15:00,6,0,0,0.0091300643980503
2024-11-14 14:30:00,6,0,0,0.0093278409913182
2024-11-14 14:45:00,6,0,0,0.0124841565266251
2024-11-14 15:00:00,6,0,0,0.0119712958112359
2024-11-14 15:15:00,6,0,0,0.0235300809144973
2024-11-14 15:30:00,6,0,0,0.0368996672332286
2024-11-14 15:45:00,6,0,0,0.0382189191877841
2024-11-14 16:00:00,6,0,0,0.0393712818622589
2024-11-14 16:15:00,6,0,0,0.1033617705106735
2024-11-14 16:30:00,6,0,0,0.1939678490161895
2024-11-14 16:45:00,6,0,1,0.4846739470958709
2024-11-14 17:00:00,6,1,1,0.5629603266716003
2024-11-14 17:15:00,6,1,1,0.5723400115966797
2024-11-14 17:30:00,6,1,1,0.5086814761161804
2024-11-14 17:45:00,6,1,1,0.7381638288497925
2024-11-14 18:00:00,6,1,1,0.8577355146408081
2024-11-14 18:15:00,6,1,1,0.8187394738197327
2024-11-14 18:30:00,6,1,1,0.8450154066085815
2024-11-14 18:45:00,6,1,1,0.8231515884399414
2024-11-14 19:00:00,6,1,1,0.8215028047561646
2024-11-14 19:15:00,6,1,1,0.7878444194793701
2024-11-14 19:30:00,6,1,1,0.8507353663444519
2024-11-14 19:45:00,6,1,1,0.8455380797386169
2024-11-14 20:00:00,6,1,1,0.8653336763381958
2024-11-14 20:15:00,6,1,1,0.867555558681488
2024-11-14 20:30:00,6,1,1,0.8058331608772278
2024-11-14 20:45:00,6,1,1,0.7802684307098389
2024-11-14 21:00:00,6,1,1,0.8642860054969788
2024-11-14 21:15:00,6,1,1,0.8640674352645874
2024-11-14 21:30:00,6,1,1,0.8599565625190735
2024-11-14 21:45:00,6,1,1,0.8703774213790894
2024-11-14 22:00:00,6,1,1,0.7072893381118774
2024-11-14 22:15:00,6,1,1,0.7445427775382996
2024-11-14 22:30:00,6,1,1,0.8537344932556152
2024-11-14 22:45:00,6,1,1,0.859279453754425
2024-11-14 23:00:00,6,1,1,0.8529534935951233
2024-11-14 23:15:00,6,1,1,0.8250378966331482
2024-11-14 23:30:00,6,1,1,0.7848305702209473
2024-11-14 23:45:00,6,1,1,0.8079434633255005
2024-11-15 00:15:00,6,1,1,0.71181720495224
2024-11-15 00:30:00,6,1,1,0.6626801490783691
2024-11-15 00:45:00,6,1,1,0.5187450051307678
2024-11-15 01:00:00,6,1,1,0.522789716720581
2024-11-15 01:15:00,6,1,1,0.5328360199928284
2024-11-15 01:30:00,6,1,1,0.5792424082756042
2024-11-15 01:45:00,6,1,1,0.6294203996658325
2024-11-15 02:00:00,6,1,1,0.5819920301437378
2024-11-15 02:15:00,6,1,1,0.5719784498214722
2024-11-15 02:30:00,6,1,1,0.6998529434204102
2024-11-15 02:45:00,6,1,1,0.662505567073822
2024-11-15 03:00:00,6,1,1,0.6240465044975281
2024-11-15 03:15:00,6,1,1,0.7181577682495117
2024-11-15 03:30:00,6,1,1,0.5389959812164307
2024-11-15 03:45:00,6,1,1,0.5420446991920471
2024-11-15 04:00:00,6,1,1,0.5612366795539856
2024-11-15 04:15:00,6,1,1,0.5797009468078613
2024-11-15 04:30:00,6,1,1,0.6543566584587097
2024-11-15 04:45:00,6,1,1,0.5776084661483765
2024-11-15 05:00:00,6,1,1,0.597839891910553
2024-11-15 05:15:00,6,1,1,0.6723438501358032
2024-11-15 05:30:00,6,1,1,0.7220646142959595
2024-11-15 05:45:00,6,1,1,0.7162575125694275
2024-11-15 06:00:00,6,1,1,0.7757594585418701
2024-11-15 06:15:00,6,1,1,0.6427661180496216
2024-11-15 06:30:00,6,1,1,0.5079192519187927
2024-11-15 06:45:00,6,1,0,0.3622473776340484
2024-11-15 07:00:00,6,1,0,0.2168485820293426
2024-11-15 07:15:00,6,0,0,0.1264583021402359
2024-11-15 07:30:00,6,0,0,0.0572189949452877
2024-11-15 07:45:00,6,0,0,0.0657597705721855
2024-11-15 08:30:00,6,0,0,0.0306629426777362
2024-11-15 09:00:00,6,0,0,0.0305976085364818
2024-11-15 09:15:00,6,0,0,0.0442109666764736
2024-11-15 09:30:00,6,0,0,0.0141384806483984
2024-11-15 09:45:00,6,0,0,0.0164252761751413
2024-11-15 10:00:00,6,0,0,0.0132064288482069
2024-11-15 10:15:00,6,0,0,0.0078145852312445
2024-11-15 10:30:00,6,0,0,0.0080833751708269
2024-11-15 10:45:00,6,0,0,0.0094737885519862
2024-11-15 11:00:00,6,0,0,0.0054430053569376
2024-11-15 11:15:00,6,0,0,0.0568637251853942
2024-11-15 11:30:00,6,0,0,0.0129072731360793
2024-11-15 11:45:00,6,0,0,0.005416321568191
2024-11-15 12:00:00,6,0,0,0.0041279178112745
2024-11-15 12:15:00,6,0,0,0.0043309605680406
2024-11-15 12:30:00,6,0,0,0.0046210056170821
2024-11-15 12:45:00,6,0,0,0.0060870395973324
2024-11-15 13:00:00,6,0,0,0.0053393766283988
2024-11-15 13:15:00,6,0,0,0.0060318675823509
2024-11-15 13:30:00,6,0,0,0.0110374744981527
2024-11-15 13:45:00,6,0,0,0.0065989610739052
2024-11-15 14:00:00,6,0,0,0.005801239516586
2024-11-15 14:15:00,6,0,0,0.0045657702721655
2024-11-15 14:30:00,6,0,0,0.0040532364509999
2024-11-15 14:45:00,6,0,0,0.003752416698262
2024-11-15 15:00:00,6,0,0,0.0032367398962378
2024-11-15 15:15:00,6,0,0,0.003264301456511
2024-11-15 15:30:00,6,0,0,0.0029299149755388
2024-11-15 15:45:00,6,0,0,0.0030873410869389
2024-11-15 16:00:00,6,0,0,0.0026888439897447
2024-11-15 16:15:00,6,0,0,0.0025858874432742
2024-11-15 16:30:00,6,0,0,0.0027195555157959
2024-11-15 16:45:00,6,0,0,0.0029041070956736
2024-11-15 17:00:00,6,0,0,0.0026771980337798
2024-11-15 17:15:00,6,0,0,0.0028678115922957
2024-11-15 17:30:00,6,0,0,0.0034737589303404
2024-11-15 17:45:00,6,0,0,0.0038256279658526
2024-11-15 18:00:00,6,0,0,0.0037643336690962
2024-11-15 18:15:00,6,0,0,0.026634270325303
2024-11-15 18:30:00,6,0,0,0.3274475038051605
2024-11-15 18:45:00,6,0,0,0.4213714003562927
2024-11-15 19:00:00,6,0,0,0.3970644474029541
2024-11-15 19:15:00,6,0,0,0.4089599847793579
2024-11-15 19:30:00,6,0,0,0.2862917482852936
2024-11-15 19:45:00,6,0,0,0.4358899295330047
2024-11-15 20:00:00,6,0,1,0.6473420262336731
2024-11-15 20:15:00,6,0,0,0.4393207430839538
2024-11-15 20:30:00,6,0,0,0.3042415082454681
2024-11-15 20:45:00,6,0,0,0.0717240646481514
2024-11-15 21:00:00,6,0,0,0.0762402638792991
2024-11-15 21:15:00,6,0,0,0.0185335520654916
2024-11-15 21:30:00,6,0,0,0.0088570918887853
2024-11-15 21:45:00,6,0,0,0.004764967598021
2024-11-15 22:00:00,6,0,0,0.0046659680083394
2024-11-15 22:15:00,6,0,0,0.0039241947233676
2024-11-15 22:30:00,6,0,0,0.0034759696573019
2024-11-15 22:45:00,6,0,0,0.0033383269328624
2024-11-15 23:00:00,6,0,0,0.0044418247416615
2024-11-15 23:15:00,6,0,0,0.0046422486193478
2024-11-15 23:30:00,6,0,0,0.0046490845270454
2024-11-15 23:45:00,6,0,0,0.0052649355493485
2024-11-16 00:15:00,6,0,0,0.025676792487502
2024-11-16 00:30:00,6,0,0,0.0254921279847621
2024-11-16 00:45:00,6,0,0,0.0123372012749314
2024-11-16 01:00:00,6,0,0,0.0068047945387661
2024-11-16 01:15:00,6,0,0,0.0087159825488924
2024-11-16 01:30:00,6,0,0,0.006285470444709
2024-11-16 01:45:00,6,0,0,0.0781784430146217
2024-11-16 02:00:00,6,0,0,0.2516619563102722
2024-11-16 02:15:00,6,0,0,0.0463372766971588
2024-11-16 02:30:00,6,0,0,0.1645277589559555
2024-11-16 02:45:00,6,0,0,0.4188210666179657
2024-11-16 03:00:00,6,0,1,0.6132823824882507
2024-11-16 03:15:00,6,0,0,0.4958057701587677
2024-11-16 03:30:00,6,0,0,0.3891251683235168
2024-11-16 03:45:00,6,0,0,0.3823029398918152
2024-11-16 04:00:00,6,0,0,0.4323767125606537
2024-11-16 04:15:00,6,0,0,0.4949080348014831
2024-11-16 04:30:00,6,0,0,0.1825731843709945
2024-11-16 04:45:00,6,0,0,0.0188862010836601
2024-11-16 05:00:00,6,0,0,0.0067262686789035
2024-11-16 05:15:00,6,0,0,0.3004166781902313
2024-11-16 05:30:00,6,0,0,0.4016474485397339
2024-11-16 05:45:00,6,0,0,0.3990599513053894
2024-11-16 06:00:00,6,0,1,0.609094500541687
2024-11-16 06:15:00,6,0,0,0.4632153511047363
2024-11-16 06:30:00,6,0,0,0.3692037761211395
2024-11-16 06:45:00,6,0,0,0.0877458453178405
2024-11-16 07:00:00,6,0,0,0.2368918508291244
2024-11-16 07:15:00,6,0,0,0.1953102499246597
2024-11-16 07:30:00,6,0,0,0.208778366446495
2024-11-16 07:45:00,6,0,0,0.1730307787656784
2024-11-16 08:00:00,6,0,0,0.0707293599843978
2024-11-16 08:15:00,6,0,0,0.022803733125329
2024-11-16 08:30:00,6,0,0,0.1986096501350402
2024-11-16 08:45:00,6,0,0,0.364658385515213
2024-11-16 09:00:00,6,0,0,0.1976940482854843
2024-11-16 09:15:00,6,0,0,0.1075677275657653
2024-11-16 09:30:00,6,0,0,0.0419160686433315
2024-11-16 09:45:00,6,0,0,0.2250328361988067
2024-11-16 10:00:00,6,0,0,0.3420796394348144
2024-11-16 10:15:00,6,0,0,0.3843520283699035
2024-11-16 10:30:00,6,0,0,0.3934199810028076
2024-11-16 10:45:00,6,0,1,0.5605841279029846
2024-11-16 11:00:00,6,0,0,0.1023450642824173
2024-11-16 11:15:00,6,0,0,0.0171804875135421
2024-11-16 11:30:00,6,0,0,0.0048694829456508
2024-11-16 11:45:00,6,0,0,0.0040061338804662
2024-11-16 12:00:00,6,0,0,0.0040252683684229
2024-11-16 12:15:00,6,0,0,0.0038598726969212
2024-11-16 12:30:00,6,0,0,0.0045133945532143
2024-11-16 12:45:00,6,0,0,0.0041439733467996
2024-11-16 13:00:00,6,0,0,0.0037041821051388
2024-11-16 13:15:00,6,0,0,0.0030285322573035
2024-11-16 13:30:00,6,0,0,0.0030539648141711
2024-11-16 13:45:00,6,0,0,0.003636022331193
2024-11-16 14:00:00,6,0,0,0.0040586683899164
2024-11-16 14:15:00,6,0,0,0.0038462507072836
2024-11-16 14:30:00,6,0,0,0.0044273468665778
2024-11-16 14:45:00,6,0,0,0.0046366406604647
2024-11-16 15:00:00,6,0,0,0.0056435321457684
2024-11-16 15:15:00,6,0,0,0.0163715649396181
2024-11-16 15:30:00,6,0,0,0.0232817120850086
2024-11-16 15:45:00,6,0,0,0.0233150590211153
2024-11-16 16:00:00,6,0,0,0.0146778896450996
2024-11-16 16:15:00,6,0,0,0.07289519906044
2024-11-16 16:30:00,6,0,0,0.3173954784870147
2024-11-16 16:45:00,6,1,0,0.4052146673202514
2024-11-16 17:00:00,6,1,0,0.4198756515979767
2024-11-16 17:15:00,6,1,0,0.426559716463089
2024-11-16 17:30:00,6,1,0,0.445846825838089
2024-11-16 17:45:00,6,0,1,0.6967739462852478
2024-11-16 18:00:00,6,1,1,0.7131220102310181
2024-11-16 18:15:00,6,1,1,0.7720863223075867
2024-11-16 18:30:00,6,1,1,0.8305973410606384
2024-11-16 18:45:00,6,1,1,0.8319121599197388
2024-11-16 19:00:00,6,1,1,0.5769959092140198
2024-11-16 19:15:00,6,1,0,0.4681950211524963
2024-11-16 19:30:00,6,1,0,0.3890182077884674
2024-11-16 19:45:00,6,1,0,0.4393316805362701
2024-11-16 20:00:00,6,1,1,0.7030158042907715
2024-11-16 20:15:00,6,1,1,0.7955268621444702
2024-11-16 20:30:00,6,0,1,0.6099587082862854
2024-11-16 20:45:00,6,1,1,0.6550482511520386
2024-11-16 21:00:00,6,0,1,0.8251497149467468
2024-11-16 21:15:00,6,0,1,0.8407439589500427
2024-11-16 21:30:00,6,0,1,0.8345530033111572
2024-11-16 21:45:00,6,1,1,0.8557685017585754
2024-11-16 22:00:00,6,1,1,0.8292583227157593
2024-11-16 22:15:00,6,1,1,0.7701343894004822
2024-11-16 22:30:00,6,0,1,0.5174708962440491
2024-11-16 22:45:00,6,0,0,0.4042416512966156
2024-11-16 23:00:00,6,0,0,0.3210748434066772
2024-11-16 23:15:00,6,0,1,0.5022134780883789
2024-11-16 23:30:00,6,0,1,0.6456428170204163
2024-11-16 23:45:00,6,0,1,0.5992205142974854
2024-11-17 00:15:00,6,0,1,0.51280677318573
2024-11-17 00:30:00,6,0,1,0.5024870038032532
2024-11-17 00:45:00,6,0,0,0.4424685537815094
2024-11-17 01:00:00,6,0,0,0.3942042589187622
2024-11-17 01:15:00,6,0,0,0.4816778600215912
2024-11-17 01:30:00,6,0,1,0.5033988952636719
2024-11-17 01:45:00,6,0,0,0.4972123205661773
2024-11-17 02:00:00,6,0,1,0.5029786229133606
2024-11-17 02:15:00,6,0,1,0.5776758790016174
2024-11-17 02:30:00,6,1,1,0.7959704995155334
2024-11-17 02:45:00,6,1,1,0.7687695026397705
2024-11-17 03:00:00,6,0,1,0.5535292625427246
2024-11-17 03:15:00,6,0,0,0.4825199246406555
2024-11-17 03:30:00,6,0,0,0.3924799859523773
2024-11-17 03:45:00,6,0,0,0.3442763686180115
2024-11-17 04:00:00,6,0,0,0.3147327303886413
2024-11-17 04:15:00,6,0,0,0.3771103322505951
2024-11-17 04:30:00,6,0,1,0.5469800233840942
2024-11-17 04:45:00,6,1,1,0.7176620960235596
2024-11-17 05:00:00,6,1,1,0.7838521003723145
2024-11-17 05:15:00,6,1,1,0.8275007009506226
2024-11-17 05:30:00,6,1,1,0.7497828006744385
2024-11-17 05:45:00,6,1,1,0.6891970634460449
2024-11-17 06:00:00,6,1,1,0.7571923732757568
2024-11-17 06:15:00,6,0,1,0.787415623664856
2024-11-17 06:30:00,6,1,1,0.7017371654510498
2024-11-17 06:45:00,6,1,1,0.8280500173568726
2024-11-17 07:00:00,6,1,1,0.8420926928520203
2024-11-17 07:15:00,6,1,1,0.7883849143981934
2024-11-17 07:30:00,6,0,1,0.5082550644874573
2024-11-17 07:45:00,6,0,0,0.4257428646087646
2024-11-17 08:00:00,6,1,1,0.6262421011924744
2024-11-17 08:15:00,6,0,1,0.599746823310852
2024-11-17 08:30:00,6,0,0,0.4832113087177276
2024-11-17 08:45:00,6,0,1,0.6865195631980896
2024-11-17 09:00:00,6,0,1,0.6805371046066284
2024-11-17 09:15:00,6,0,1,0.7503506541252136
2024-11-17 09:30:00,6,0,1,0.8349719047546387
2024-11-17 09:45:00,6,0,1,0.8332518339157104
2024-11-17 10:00:00,6,0,1,0.8397011160850525
2024-11-17 10:15:00,6,0,1,0.8453166484832764
2024-11-17 10:30:00,6,0,1,0.7913874983787537
2024-11-17 10:45:00,6,0,1,0.5935589075088501
2024-11-17 11:00:00,6,0,0,0.4613783359527588
2024-11-17 11:15:00,6,0,0,0.4015471935272217
2024-11-17 11:30:00,6,0,0,0.3866136372089386
2024-11-17 11:45:00,6,0,1,0.5365111231803894
2024-11-17 12:00:00,6,0,1,0.6041925549507141
2024-11-17 12:15:00,6,0,1,0.5486322045326233
2024-11-17 12:30:00,6,0,0,0.4274924695491791
2024-11-17 12:45:00,6,0,1,0.5130139589309692
2024-11-17 13:00:00,6,0,1,0.5167295932769775
2024-11-17 13:15:00,6,0,0,0.396109402179718
2024-11-17 13:30:00,6,0,0,0.4453416168689728
2024-11-17 13:45:00,6,0,1,0.5207303166389465
2024-11-17 14:00:00,6,0,0,0.4345225393772125
2024-11-17 14:15:00,6,0,0,0.2803073823451996
2024-11-17 14:30:00,6,0,0,0.3207505643367767
2024-11-17 14:45:00,6,0,1,0.5659035444259644
2024-11-17 15:00:00,6,0,1,0.7053027749061584
2024-11-17 15:15:00,6,0,1,0.8172548413276672
2024-11-17 15:30:00,6,0,1,0.8332995176315308
2024-11-17 15:45:00,6,0,1,0.5751080513000488
2024-11-17 16:00:00,6,0,1,0.7986140847206116
2024-11-17 16:15:00,6,0,0,0.4108851850032806
2024-11-17 16:30:00,6,0,0,0.3333921134471893
2024-11-17 16:45:00,6,0,1,0.5280556678771973
2024-11-17 17:00:00,6,0,0,0.4580549001693725
2024-11-17 17:15:00,6,0,0,0.2967138886451721
2024-11-17 17:30:00,6,0,0,0.1664781868457794
2024-11-17 17:45:00,6,0,0,0.4113626182079315
2024-11-17 18:00:00,6,0,0,0.2382964193820953
2024-11-17 18:15:00,6,0,0,0.3411113321781158
2024-11-17 18:30:00,6,0,0,0.4896747171878814
2024-11-17 18:45:00,6,0,1,0.5466861128807068
2024-11-17 19:00:00,6,0,0,0.4551670551300049
2024-11-17 19:15:00,6,0,1,0.5466077923774719
2024-11-17 19:30:00,6,0,1,0.6624642014503479
2024-11-17 19:45:00,6,1,1,0.618850827217102
2024-11-17 20:00:00,6,1,1,0.8182147741317749
2024-11-17 20:15:00,6,1,1,0.6751102209091187
2024-11-17 20:30:00,6,1,1,0.7091381549835205
2024-11-17 20:45:00,6,1,1,0.691328763961792
2024-11-17 21:00:00,6,1,1,0.7502546310424805
2024-11-17 21:15:00,6,1,1,0.6837156414985657
2024-11-17 21:30:00,6,1,1,0.5657085180282593
2024-11-17 21:45:00,6,0,1,0.547311007976532
2024-11-17 22:00:00,6,0,1,0.5112975239753723
2024-11-17 22:15:00,6,0,0,0.3582500517368316
2024-11-17 22:30:00,6,0,1,0.5911480784416199
2024-11-17 22:45:00,6,0,1,0.4973026216030121
2024-11-17 23:00:00,6,0,0,0.3706257939338684
2024-11-17 23:15:00,6,0,0,0.2061772048473358
2024-11-17 23:30:00,6,0,0,0.2800740599632263
2024-11-17 23:45:00,6,0,1,0.5244144201278687
2024-11-18 00:15:00,6,0,1,0.5432604551315308
2024-11-18 00:30:00,6,1,1,0.631233274936676
2024-11-18 00:45:00,6,1,1,0.7104240655899048
2024-11-18 01:00:00,6,0,1,0.8080769181251526
2024-11-18 01:15:00,6,1,1,0.7809967398643494
2024-11-18 01:30:00,6,1,1,0.8411993980407715
2024-11-18 01:45:00,6,1,1,0.8401064872741699
2024-11-18 02:00:00,6,1,1,0.8443112373352051
2024-11-18 02:15:00,6,1,1,0.6447106599807739
2024-11-18 02:30:00,6,1,0,0.4754006862640381
2024-11-18 02:45:00,6,1,1,0.8216334581375122
2024-11-18 03:00:00,6,0,1,0.7998520731925964
2024-11-18 03:15:00,6,0,1,0.6926988363265991
2024-11-18 03:30:00,6,0,1,0.8320944309234619
2024-11-18 03:45:00,6,0,1,0.7209235429763794
2024-11-18 04:00:00,6,0,1,0.6773260831832886
2024-11-18 04:15:00,6,0,1,0.8063610792160034
2024-11-18 04:30:00,6,0,1,0.7917748093605042
2024-11-18 04:45:00,6,0,1,0.7514726519584656
2024-11-18 05:00:00,6,0,1,0.7216896414756775
2024-11-18 05:15:00,6,0,1,0.68977952003479
2024-11-18 05:30:00,6,0,1,0.6115942001342773
2024-11-18 05:45:00,6,0,1,0.5482782125473022
2024-11-18 06:00:00,6,0,1,0.6082428097724915
2024-11-18 06:15:00,6,0,1,0.5898751020431519
2024-11-18 06:30:00,6,0,1,0.5676753520965576
2024-11-18 06:45:00,6,0,1,0.6249419450759888
2024-11-18 07:00:00,6,0,1,0.5668898224830627
2024-11-18 07:15:00,6,0,1,0.5070042610168457
2024-11-18 07:30:00,6,0,0,0.4690687358379364
2024-11-18 07:45:00,6,0,0,0.3767692446708679
2024-11-18 08:00:00,6,0,0,0.3043390214443207
2024-11-18 08:15:00,6,0,0,0.1970239132642746
2024-11-18 08:30:00,6,0,0,0.1063547506928443
2024-11-18 08:45:00,6,0,0,0.028368541970849
2024-11-18 09:00:00,6,0,0,0.0219931546598672
2024-11-18 09:15:00,6,0,0,0.0180960949510335
2024-11-18 09:30:00,6,0,0,0.0071198758669197
2024-11-18 09:45:00,6,0,0,0.0053386949002742
2024-11-18 10:00:00,6,0,0,0.0052021765150129
2024-11-18 10:15:00,6,0,0,0.0050656660459935
2024-11-18 10:30:00,6,0,0,0.0052643739618361
2024-11-18 10:45:00,6,0,0,0.0066352873109281
2024-11-18 11:00:00,6,0,0,0.0080833053216338
2024-11-18 11:15:00,6,0,0,0.0079178037121891
2024-11-18 11:30:00,6,0,0,0.0100336670875549
2024-11-18 11:45:00,6,0,0,0.0061895162798464
2024-11-18 12:00:00,6,0,0,0.0044546062126755
2024-11-18 12:15:00,6,0,0,0.0042499280534684
2024-11-18 12:30:00,6,0,0,0.0058258296921849
2024-11-18 12:45:00,6,0,0,0.0733384042978286
2024-11-18 13:00:00,6,0,0,0.0105060553178191
2024-11-18 13:15:00,6,0,0,0.0163978673517704
2024-11-18 13:30:00,6,0,0,0.0837732106447219
2024-11-18 13:45:00,6,0,0,0.0652520731091499
2024-11-18 14:00:00,6,0,0,0.0390983559191226
2024-11-18 14:15:00,6,0,0,0.0769550427794456
2024-11-18 14:30:00,6,0,0,0.0491915717720985
2024-11-18 14:45:00,6,0,0,0.0427683778107166
2024-11-18 15:00:00,6,0,0,0.0376793406903743
2024-11-18 15:15:00,6,0,0,0.0372459553182125
2024-11-18 15:30:00,6,0,0,0.2905595004558563
2024-11-18 15:45:00,6,0,0,0.1399228721857071
2024-11-18 16:00:00,6,0,0,0.1200786009430885
2024-11-18 16:15:00,6,0,0,0.06931072473526
2024-11-18 16:30:00,6,0,0,0.0966344699263572
2024-11-18 16:45:00,6,0,0,0.0869641378521919
2024-11-18 17:00:00,6,0,0,0.0669469535350799
2024-11-18 17:15:00,6,0,0,0.0475851744413375
2024-11-18 17:30:00,6,0,0,0.0457413755357265
2024-11-18 17:45:00,6,0,0,0.0671475157141685
2024-11-18 18:00:00,6,0,0,0.0164524316787719
2024-11-18 18:15:00,6,0,0,0.033726368099451
2024-11-18 18:30:00,6,0,0,0.0122609809041023
2024-11-18 18:45:00,6,0,0,0.0099804140627384
2024-11-18 19:00:00,6,0,0,0.0070534311234951
2024-11-18 19:15:00,6,0,0,0.0084186978638172
2024-11-18 19:30:00,6,0,0,0.0114075634628534
2024-11-18 19:45:00,6,0,0,0.0137899927794933
2024-11-18 20:00:00,6,0,0,0.0153815411031246
2024-11-18 20:15:00,6,0,0,0.0066411476582288
2024-11-18 20:30:00,6,0,0,0.0070485733449459
2024-11-18 20:45:00,6,0,0,0.0051128938794136
2024-11-18 21:00:00,6,0,0,0.0065078511834144
2024-11-18 21:15:00,6,0,0,0.0074880248866975
2024-11-18 21:30:00,6,0,0,0.0078844800591468
2024-11-18 21:45:00,6,0,0,0.0078670615330338
2024-11-18 22:00:00,6,0,0,0.0097795678302645
2024-11-18 22:15:00,6,0,0,0.0090929334983229
2024-11-18 22:30:00,6,0,0,0.0070768524892628
2024-11-18 22:45:00,6,0,0,0.0061646560207009
2024-11-18 23:00:00,6,0,0,0.0060181533917784
2024-11-18 23:15:00,6,0,0,0.0046906936913728
2024-11-18 23:30:00,6,0,0,0.0050129224546253
2024-11-18 23:45:00,6,0,0,0.0046420940198004
2024-11-19 01:45:00,7,0,0,0.0028944986406713
2024-11-19 02:00:00,7,0,0,0.0033987066708505
2024-11-19 02:15:00,7,0,0,0.0031748006585985
2024-11-19 02:30:00,7,0,0,0.0035408840049058
2024-11-19 02:45:00,7,0,0,0.0020373160950839
2024-11-19 03:00:00,7,0,0,0.0068668853491544
2024-11-19 03:15:00,7,0,0,0.0148084610700607
2024-11-19 03:30:00,7,0,0,0.0201069489121437
2024-11-19 03:45:00,7,0,0,0.0397473946213722
2024-11-19 04:00:00,7,0,0,0.0568733215332031
2024-11-19 04:15:00,7,0,0,0.0696164816617965
2024-11-19 04:30:00,7,0,0,0.111959584057331
2024-11-19 04:45:00,7,0,0,0.2038476914167404
2024-11-19 05:00:00,7,0,0,0.1459399461746215
2024-11-19 05:15:00,7,0,0,0.1620001941919326
2024-11-19 05:30:00,7,0,0,0.0549984201788902
2024-11-19 05:45:00,7,0,0,0.094981625676155
2024-11-19 06:00:00,7,0,0,0.0708236247301101
2024-11-19 06:15:00,7,0,0,0.0493186153471469
2024-11-19 06:30:00,7,0,0,0.0636850669980049
2024-11-19 06:45:00,7,0,0,0.0879224985837936
2024-11-19 07:00:00,7,0,0,0.1111177280545234
2024-11-19 07:15:00,7,0,0,0.0739906281232833
2024-11-19 07:30:00,7,0,0,0.041107352823019
2024-11-19 07:45:00,7,0,0,0.0219990238547325
2024-11-19 08:00:00,7,0,0,0.0198767334222793
2024-11-19 08:15:00,7,0,0,0.0188473276793956
2024-11-19 08:30:00,7,0,0,0.0792182385921478
2024-11-19 08:45:00,7,0,0,0.2191742658615112
2024-11-19 09:00:00,7,0,0,0.2120101451873779
2024-11-19 09:15:00,7,0,0,0.0419498682022094
2024-11-19 09:30:00,7,0,0,0.007197456434369
2024-11-19 09:45:00,7,0,0,0.0039009363390505
2024-11-19 10:00:00,7,0,0,0.0032821821514517
2024-11-19 10:15:00,7,0,0,0.0033679667394608
2024-11-19 10:30:00,7,0,0,0.0033670321572571
2024-11-19 10:45:00,7,0,0,0.0031875623390078
2024-11-19 11:00:00,7,0,0,0.0043563563376665
2024-11-19 11:15:00,7,0,0,0.0061812768690288
2024-11-19 11:30:00,7,0,0,0.0060226954519748
2024-11-19 11:45:00,7,0,0,0.0039675291627645
2024-11-19 12:00:00,7,0,0,0.0032987075392156
2024-11-19 12:15:00,7,0,0,0.0044786278158426
2024-11-19 12:30:00,7,0,0,0.0062836683355271
2024-11-19 12:45:00,7,0,0,0.0119712920859456
2024-11-19 13:00:00,7,0,0,0.0186535399407148
2024-11-19 13:15:00,7,0,0,0.0095072956755757
2024-11-19 13:30:00,7,0,0,0.0105999382212758
2024-11-19 13:45:00,7,0,0,0.0047241835854947
2024-11-19 14:00:00,7,0,0,0.0097239296883344
2024-11-19 14:15:00,7,0,0,0.0062215025536715
2024-11-19 14:30:00,7,0,0,0.0041866512037813
2024-11-19 14:45:00,7,0,0,0.0038883241359144
2024-11-19 15:00:00,7,0,0,0.0420629307627677
2024-11-19 15:15:00,7,0,0,0.039210021495819
2024-11-19 15:30:00,7,0,0,0.0350807346403598
2024-11-19 15:45:00,7,0,0,0.0576569736003875
2024-11-19 16:00:00,7,0,0,0.065427616238594
2024-11-19 16:15:00,7,0,0,0.0144260171800851
2024-11-19 16:30:00,7,0,0,0.0059930398128926
2024-11-19 16:45:00,7,0,0,0.0093814469873905
2024-11-19 17:00:00,7,0,0,0.0177159998565912
2024-11-19 17:15:00,7,0,0,0.0199597906321287
2024-11-19 17:30:00,7,0,0,0.0293516609817743
2024-11-19 17:45:00,7,0,0,0.1190369874238967
2024-11-19 18:00:00,7,0,0,0.2877958118915558
2024-11-19 18:15:00,7,0,0,0.35474693775177
2024-11-19 18:30:00,7,0,0,0.4155676960945129
2024-11-19 18:45:00,7,0,1,0.4797537326812744
2024-11-19 19:00:00,7,0,1,0.4398457407951355
2024-11-19 19:15:00,7,0,1,0.3723586201667785
2024-11-19 19:30:00,7,0,0,0.1872499883174896
2024-11-19 19:45:00,7,0,0,0.1942901164293289
2024-11-19 20:00:00,7,0,0,0.081129066646099
2024-11-19 20:15:00,7,0,0,0.0774362385272979
2024-11-19 20:30:00,7,0,0,0.0891708806157112
2024-11-19 20:45:00,7,0,0,0.0543927140533924
2024-11-19 21:00:00,7,0,0,0.0565502345561981
2024-11-19 21:15:00,7,0,0,0.0357603169977664
2024-11-19 21:30:00,7,0,0,0.0850303918123245
2024-11-19 21:45:00,7,0,0,0.0498822145164012
2024-11-19 22:00:00,7,0,0,0.05690448731184
2024-11-19 22:15:00,7,0,0,0.037304762750864
2024-11-19 22:30:00,7,0,0,0.079460822045803
2024-11-19 22:45:00,7,0,0,0.0215556044131517
2024-11-19 23:00:00,7,0,0,0.0090143028646707
2024-11-19 23:15:00,7,0,0,0.0595970638096332
2024-11-19 23:30:00,7,0,0,0.0844873934984207
2024-11-19 23:45:00,7,0,0,0.0843861624598503
2024-11-20 00:15:00,7,0,0,0.0710728019475936
2024-11-20 00:30:00,7,0,0,0.1841930150985717
2024-11-20 00:45:00,7,0,0,0.0702200829982757
2024-11-20 01:00:00,7,0,0,0.1607649177312851
2024-11-20 01:15:00,7,0,0,0.1178818196058273
2024-11-20 01:30:00,7,0,0,0.1449295431375503
2024-11-20 01:45:00,7,0,0,0.2110699415206909
2024-11-20 02:00:00,7,0,0,0.2117872536182403
2024-11-20 02:15:00,7,0,0,0.3862723410129547
2024-11-20 02:30:00,7,0,1,0.509267270565033
2024-11-20 02:45:00,7,0,1,0.4945535361766815
2024-11-20 03:00:00,7,0,0,0.418598860502243
2024-11-20 03:15:00,7,0,1,0.5503180623054504
2024-11-20 03:30:00,7,0,1,0.5281604528427124
2024-11-20 03:45:00,7,0,1,0.5463807582855225
2024-11-20 04:00:00,7,1,1,0.6542321443557739
2024-11-20 04:15:00,7,1,1,0.7358022928237915
2024-11-20 04:30:00,7,1,1,0.7905210852622986
2024-11-20 04:45:00,7,1,1,0.680392324924469
2024-11-20 05:00:00,7,1,1,0.7674201726913452
2024-11-20 05:15:00,7,1,1,0.744830846786499
2024-11-20 05:30:00,7,1,1,0.7840582132339478
2024-11-20 05:45:00,7,1,1,0.7241963148117065
2024-11-20 06:00:00,7,0,1,0.7068855166435242
2024-11-20 06:15:00,7,0,1,0.6104036569595337
2024-11-20 06:30:00,7,0,0,0.4344285726547241
2024-11-20 06:45:00,7,0,0,0.3058028519153595
2024-11-20 07:00:00,7,0,0,0.3709642589092254
2024-11-20 07:15:00,7,0,0,0.4026472568511963
2024-11-20 07:30:00,7,0,0,0.2682155668735504
2024-11-20 07:45:00,7,0,0,0.4279455840587616
2024-11-20 08:00:00,7,0,0,0.3229854702949524
2024-11-20 08:15:00,7,0,0,0.1170862168073654
2024-11-20 08:30:00,7,0,0,0.0657257884740829
2024-11-20 08:45:00,7,0,0,0.0944132506847381
2024-11-20 09:00:00,7,0,0,0.1186209768056869
2024-11-20 09:15:00,7,0,0,0.0742168650031089
2024-11-20 09:30:00,7,0,0,0.1234804019331932
2024-11-20 09:45:00,7,0,0,0.04368656873703
2024-11-20 10:00:00,7,0,0,0.019366580992937
2024-11-20 10:15:00,7,0,0,0.0222405586391687
2024-11-20 10:30:00,7,0,0,0.0595541335642337
2024-11-20 10:45:00,7,0,0,0.0177713446319103
2024-11-20 11:00:00,7,0,0,0.0154358362779021
2024-11-20 11:15:00,7,0,0,0.0083477022126317
2024-11-20 11:30:00,7,0,0,0.0594455301761627
2024-11-20 11:45:00,7,0,0,0.1986247152090072
2024-11-20 12:00:00,7,0,0,0.2707902789115906
2024-11-20 12:15:00,7,0,0,0.2726069092750549
2024-11-20 12:30:00,7,0,0,0.1965909451246261
2024-11-20 12:45:00,7,0,0,0.3059131801128387
2024-11-20 13:00:00,7,0,0,0.3799460828304291
2024-11-20 13:15:00,7,0,0,0.2694031000137329
2024-11-20 13:30:00,7,0,0,0.4393205046653747
2024-11-20 13:45:00,7,0,0,0.4452143311500549
2024-11-20 14:00:00,7,0,0,0.3478664457798004
2024-11-20 14:15:00,7,0,0,0.2335773110389709
2024-11-20 14:30:00,7,0,0,0.2301327139139175
2024-11-20 14:45:00,7,0,0,0.1613011360168457
2024-11-20 15:00:00,7,0,0,0.0949497744441032
2024-11-20 15:15:00,7,0,0,0.0859163776040077
2024-11-20 15:30:00,7,0,0,0.3589410185813904
2024-11-20 15:45:00,7,0,0,0.152061253786087
2024-11-20 16:00:00,7,0,0,0.2770181596279144
2024-11-20 16:15:00,7,0,0,0.2052230983972549
2024-11-20 16:30:00,7,0,0,0.3524088859558105
2024-11-20 16:45:00,7,0,0,0.1735349595546722
2024-11-20 17:00:00,7,0,0,0.387067049741745
2024-11-20 17:15:00,7,0,1,0.497105985879898
2024-11-20 17:30:00,7,1,1,0.5413217544555664
2024-11-20 17:45:00,7,1,1,0.5610449910163879
2024-11-20 18:00:00,7,1,1,0.5673069357872009
2024-11-20 18:15:00,7,1,1,0.5574822425842285
2024-11-20 18:30:00,7,0,1,0.6649549007415771
2024-11-20 18:45:00,7,1,1,0.5980499982833862
2024-11-20 19:00:00,7,1,1,0.7010497450828552
2024-11-20 19:15:00,7,1,1,0.5578909516334534
2024-11-20 19:30:00,7,1,1,0.5959059000015259
2024-11-20 19:45:00,7,1,1,0.5880812406539917
2024-11-20 20:00:00,7,1,1,0.6845380067825317
2024-11-20 20:15:00,7,1,1,0.5487748384475708
2024-11-20 20:30:00,7,1,0,0.2924413084983825
2024-11-20 20:45:00,7,0,0,0.1598375290632248
2024-11-20 21:00:00,7,1,1,0.53361576795578
2024-11-20 21:15:00,7,1,1,0.7261285781860352
2024-11-20 21:30:00,7,1,1,0.7923880815505981
2024-11-20 21:45:00,7,1,1,0.8302493095397949
2024-11-20 22:00:00,7,1,1,0.8422827124595642
2024-11-20 22:15:00,7,1,1,0.8325769305229187
2024-11-20 22:30:00,7,1,1,0.8330169320106506
2024-11-20 22:45:00,7,1,1,0.8170989751815796
2024-11-20 23:00:00,7,1,1,0.8517053723335266
2024-11-20 23:15:00,7,1,1,0.5513690710067749
2024-11-20 23:30:00,7,0,0,0.4351089596748352
2024-11-20 23:45:00,7,0,1,0.5222783088684082
2024-11-21 00:15:00,7,1,1,0.639228343963623
2024-11-21 00:30:00,7,1,1,0.8425043225288391
2024-11-21 00:45:00,7,1,1,0.8315764665603638
2024-11-21 01:00:00,7,1,1,0.8482317328453064
2024-11-21 01:15:00,7,0,1,0.7669086456298828
2024-11-21 01:30:00,7,0,1,0.5322802066802979
2024-11-21 01:45:00,7,0,1,0.5339356660842896
2024-11-21 02:00:00,7,0,1,0.6385206580162048
2024-11-21 02:15:00,7,0,1,0.5170335173606873
2024-11-21 02:30:00,7,1,1,0.5449663400650024
2024-11-21 02:45:00,7,1,1,0.545837938785553
2024-11-21 03:00:00,7,0,1,0.6009052991867065
2024-11-21 03:15:00,7,1,1,0.4864101409912109
2024-11-21 03:30:00,7,1,1,0.5363867282867432
2024-11-21 03:45:00,7,0,1,0.5898866653442383
2024-11-21 04:00:00,7,0,1,0.6882299780845642
2024-11-21 04:15:00,7,0,1,0.54575115442276
2024-11-21 04:30:00,7,0,1,0.5289013981819153
2024-11-21 04:45:00,7,0,1,0.5975337624549866
2024-11-21 05:00:00,7,0,1,0.644749641418457
2024-11-21 05:15:00,7,1,1,0.6157888174057007
2024-11-21 05:30:00,7,1,1,0.6858323812484741
2024-11-21 05:45:00,7,1,1,0.692642092704773
2024-11-21 06:00:00,7,1,1,0.7381321787834167
2024-11-21 06:15:00,7,1,1,0.6165514588356018
2024-11-21 06:30:00,7,1,1,0.6345066428184509
2024-11-21 06:45:00,7,1,1,0.637309193611145
2024-11-21 07:00:00,7,1,1,0.583464503288269
2024-11-21 07:15:00,7,1,1,0.7179609537124634
2024-11-21 07:30:00,7,1,1,0.5655336976051331
2024-11-21 07:45:00,7,1,1,0.6013008952140808
2024-11-21 08:00:00,7,1,1,0.6175552010536194
2024-11-21 08:15:00,7,1,1,0.6721863150596619
2024-11-21 08:30:00,7,1,1,0.7049700617790222
2024-11-21 08:45:00,7,1,1,0.6984098553657532
2024-11-21 09:00:00,7,1,1,0.7277668714523315
2024-11-21 09:15:00,7,1,1,0.6846851110458374
2024-11-21 09:30:00,7,1,1,0.7069422006607056
2024-11-21 09:45:00,7,1,1,0.7199439406394958
2024-11-21 10:00:00,7,1,1,0.7472745776176453
2024-11-21 10:15:00,7,1,1,0.7117674350738525
2024-11-21 10:30:00,7,1,1,0.7698286771774292
2024-11-21 10:45:00,7,0,1,0.660305917263031
2024-11-21 11:00:00,7,0,1,0.6373570561408997
2024-11-21 11:15:00,7,1,1,0.6079840660095215
2024-11-21 11:30:00,7,0,1,0.5870424509048462
2024-11-21 11:45:00,7,0,1,0.5565604567527771
2024-11-21 12:00:00,7,0,1,0.569069504737854
2024-11-21 12:15:00,7,0,1,0.5696151852607727
2024-11-21 12:30:00,7,1,1,0.6352626085281372
2024-11-21 12:45:00,7,1,1,0.6610642671585083
2024-11-21 13:00:00,7,1,1,0.656406044960022
2024-11-21 13:15:00,7,0,1,0.6439986824989319
2024-11-21 13:30:00,7,1,1,0.5888495445251465
2024-11-21 13:45:00,7,1,1,0.5262511968612671
2024-11-21 14:00:00,7,1,0,0.4825641512870788
2024-11-21 14:15:00,7,0,0,0.4617630243301391
2024-11-21 14:30:00,7,1,0,0.4740912616252899
2024-11-21 14:45:00,7,1,0,0.4774936735630035
2024-11-21 15:00:00,7,1,1,0.5144447684288025
2024-11-21 15:15:00,7,1,0,0.3917773067951202
2024-11-21 15:30:00,7,1,0,0.2415345162153244
2024-11-21 15:45:00,7,1,0,0.2483958601951599
2024-11-21 16:00:00,7,1,0,0.111395463347435
2024-11-21 16:15:00,7,1,0,0.1829338669776916
2024-11-21 16:30:00,7,1,0,0.0526485666632652
2024-11-21 16:45:00,7,1,0,0.0647578388452529
2024-11-21 17:00:00,7,1,0,0.0135729694738984
2024-11-21 17:15:00,7,1,0,0.0157746616750955
2024-11-21 17:30:00,7,1,0,0.0110423881560564
2024-11-21 17:45:00,7,0,0,0.0700370594859123
2024-11-21 18:00:00,7,1,0,0.0109743745997548
2024-11-21 18:15:00,7,0,0,0.010563887655735
2024-11-21 18:30:00,7,0,0,0.0114409681409597
2024-11-21 18:45:00,7,0,0,0.0084662036970257
2024-11-21 19:00:00,7,0,0,0.3054024577140808
2024-11-21 19:15:00,7,0,1,0.5139868855476379
2024-11-21 19:30:00,7,1,1,0.7199331521987915
2024-11-21 19:45:00,7,0,1,0.8457511067390442
2024-11-21 20:00:00,7,0,1,0.8253898620605469
2024-11-21 20:15:00,7,0,1,0.7412133812904358
2024-11-21 20:30:00,7,0,1,0.7688589096069336
2024-11-21 20:45:00,7,0,1,0.7917880415916443
2024-11-21 21:00:00,7,0,1,0.7599799036979675
2024-11-21 21:15:00,7,0,1,0.5704173445701599
2024-11-21 21:30:00,7,0,1,0.6428586840629578
2024-11-21 21:45:00,7,0,1,0.7963016629219055
2024-11-21 22:00:00,7,0,1,0.6124436855316162
2024-11-21 22:15:00,7,0,1,0.7228413224220276
2024-11-21 22:30:00,7,0,1,0.6760580539703369
2024-11-21 22:45:00,7,0,1,0.6734384298324585
2024-11-21 23:00:00,7,0,1,0.593248724937439
2024-11-21 23:15:00,7,0,0,0.4506424069404602
2024-11-21 23:30:00,7,0,0,0.4118719398975372
2024-11-21 23:45:00,7,0,0,0.3819934129714966
2024-11-22 00:15:00,7,0,1,0.5502608418464661
2024-11-22 00:30:00,7,0,1,0.6079127788543701
2024-11-22 00:45:00,7,0,1,0.6692466735839844
2024-11-22 01:00:00,7,0,1,0.8103013038635254
2024-11-22 01:15:00,7,0,1,0.828943133354187
2024-11-22 01:30:00,7,0,1,0.7964906692504883
2024-11-22 01:45:00,7,0,1,0.7655655741691589
2024-11-22 02:00:00,7,0,1,0.7792709469795227
2024-11-22 02:15:00,7,0,1,0.8297378420829773
2024-11-22 02:30:00,7,0,1,0.8274301886558533
2024-11-22 02:45:00,7,0,1,0.8342597484588623
2024-11-22 03:00:00,7,0,1,0.8353528380393982
2024-11-22 03:15:00,7,0,1,0.8457805514335632
2024-11-22 03:30:00,7,0,1,0.853952169418335
2024-11-22 03:45:00,7,0,1,0.8563989996910095
2024-11-22 04:00:00,7,0,1,0.8543696403503418
2024-11-22 04:15:00,7,0,1,0.867002546787262
2024-11-22 04:30:00,7,0,1,0.8672195672988892
2024-11-22 04:45:00,7,0,1,0.8188025951385498
2024-11-22 05:00:00,7,0,1,0.6149298548698425
2024-11-22 05:15:00,7,0,1,0.7325271964073181
2024-11-22 05:30:00,7,0,1,0.8084630966186523
2024-11-22 05:45:00,7,0,1,0.7396945357322693
2024-11-22 06:00:00,7,0,1,0.8240694999694824
2024-11-22 06:15:00,7,0,1,0.8577443957328796
2024-11-22 06:30:00,7,0,1,0.8576235175132751
2024-11-22 06:45:00,7,0,1,0.860678493976593
2024-11-22 07:00:00,7,0,1,0.855859637260437
2024-11-22 07:15:00,7,0,1,0.860149085521698
2024-11-22 07:30:00,7,0,1,0.8565712571144104
2024-11-22 07:45:00,7,0,1,0.8667272329330444
2024-11-22 08:00:00,7,0,1,0.8614639639854431
2024-11-22 08:15:00,7,0,1,0.8615226149559021
2024-11-22 08:30:00,7,0,1,0.8598248958587646
2024-11-22 08:45:00,7,0,1,0.8454506397247314
2024-11-22 09:00:00,7,0,1,0.8202784061431885
2024-11-22 09:15:00,7,0,1,0.810302734375
2024-11-22 09:30:00,7,0,1,0.7008340358734131
2024-11-22 09:45:00,7,0,1,0.6320752501487732
2024-11-22 10:00:00,7,0,1,0.57290118932724
2024-11-22 10:15:00,7,0,1,0.5908041000366211
2024-11-22 10:30:00,7,0,1,0.5960400104522705
2024-11-22 10:45:00,7,0,1,0.5992199182510376
2024-11-22 11:00:00,7,0,1,0.6705482006072998
2024-11-22 11:15:00,7,0,1,0.6011708974838257
2024-11-22 11:30:00,7,0,0,0.4340498447418213
2024-11-22 11:45:00,7,0,0,0.314438134431839
2024-11-22 12:00:00,7,0,0,0.2462113052606582
2024-11-22 12:15:00,7,0,0,0.2985355854034424
2024-11-22 12:30:00,7,0,0,0.3495033085346222
2024-11-22 12:45:00,7,0,1,0.5146607756614685
2024-11-22 13:00:00,7,0,1,0.5660778284072876
2024-11-22 13:15:00,7,0,1,0.6079767346382141
2024-11-22 13:30:00,7,0,1,0.7719972133636475
2024-11-22 13:45:00,7,0,1,0.8206825852394104
2024-11-22 14:00:00,7,0,1,0.7644877433776855
2024-11-22 14:15:00,7,0,1,0.6008748412132263
2024-11-22 14:30:00,7,0,1,0.5336703658103943
2024-11-22 14:45:00,7,0,1,0.5053167939186096
2024-11-22 15:00:00,7,0,1,0.5283066034317017
2024-11-22 15:15:00,7,0,1,0.5788156986236572
2024-11-22 15:30:00,7,0,1,0.6918724179267883
2024-11-22 15:45:00,7,0,1,0.6566567420959473
2024-11-22 16:00:00,7,0,1,0.6272261738777161
2024-11-22 16:15:00,7,0,1,0.5071353316307068
2024-11-22 16:30:00,7,0,1,0.5443537831306458
2024-11-22 16:45:00,7,0,1,0.5306339263916016
2024-11-22 17:00:00,7,0,1,0.5409212708473206
2024-11-22 17:15:00,7,0,1,0.5582129955291748
2024-11-22 17:30:00,7,0,1,0.5891088247299194
2024-11-22 17:45:00,7,0,1,0.7249951958656311
2024-11-22 18:00:00,7,0,1,0.7316156625747681
2024-11-22 18:15:00,7,0,1,0.7049108743667603
2024-11-22 18:30:00,7,0,1,0.806033730506897
2024-11-22 18:45:00,7,0,1,0.8451566100120544
2024-11-22 19:00:00,7,0,1,0.8206551671028137
2024-11-22 19:15:00,7,0,1,0.8337558507919312
2024-11-22 19:30:00,7,0,1,0.8313903212547302
2024-11-22 19:45:00,7,0,1,0.8023949861526489
2024-11-22 20:00:00,7,0,1,0.7100735902786255
2024-11-22 20:15:00,7,0,1,0.7186899185180664
2024-11-22 20:30:00,7,0,1,0.542087972164154
2024-11-22 20:45:00,7,0,0,0.4321582317352295
2024-11-22 21:00:00,7,0,0,0.3406331837177276
2024-11-22 21:15:00,7,0,1,0.6505019664764404
2024-11-22 21:30:00,7,0,0,0.4374612271785736
2024-11-22 21:45:00,7,0,0,0.3428633213043213
2024-11-22 22:00:00,7,0,0,0.2452602982521057
2024-11-22 22:15:00,7,0,0,0.3394379913806915
2024-11-22 22:30:00,7,0,0,0.3831186294555664
2024-11-22 22:45:00,7,0,0,0.4365984201431274
2024-11-22 23:00:00,7,0,1,0.490703284740448
2024-11-22 23:15:00,7,0,0,0.4436817169189453
2024-11-22 23:30:00,7,0,0,0.3094915747642517
2024-11-22 23:45:00,7,0,0,0.2629560232162475
2024-11-23 00:15:00,7,0,0,0.2875295281410217
2024-11-23 00:30:00,7,0,0,0.1461923718452453
2024-11-23 00:45:00,7,0,0,0.3093811571598053
2024-11-23 01:00:00,7,0,0,0.2544891834259033
2024-11-23 01:15:00,7,0,0,0.1840467154979705
2024-11-23 01:30:00,7,0,0,0.1825435310602188
2024-11-23 01:45:00,7,0,1,0.4406217634677887
2024-11-23 02:00:00,7,0,1,0.4362649023532867
2024-11-23 02:15:00,7,0,1,0.4011286497116089
2024-11-23 02:30:00,7,0,0,0.3087048530578613
2024-11-23 02:45:00,7,0,0,0.2733146846294403
2024-11-23 03:00:00,7,0,1,0.5160889625549316
2024-11-23 03:15:00,7,0,0,0.3976613581180572
2024-11-23 03:30:00,7,0,0,0.1739003658294677
2024-11-23 03:45:00,7,0,0,0.0613618977367877
2024-11-23 04:00:00,7,0,0,0.0769931897521019
2024-11-23 04:15:00,7,0,0,0.0080583337694406
2024-11-23 04:30:00,7,0,0,0.0027260098140686
2024-11-23 04:45:00,7,0,0,0.003020575037226
2024-11-23 05:00:00,7,0,0,0.0018028998747467
2024-11-23 05:15:00,7,0,0,0.0018168706446886
2024-11-23 05:30:00,7,0,0,0.0016990974545478
2024-11-23 05:45:00,7,0,0,0.001699989894405
2024-11-23 06:00:00,7,0,0,0.0017926894361153
2024-11-23 06:15:00,7,0,0,0.0017498367233201
2024-11-23 06:30:00,7,0,0,0.0015747286379337
2024-11-23 06:45:00,7,0,0,0.0017709211679175
2024-11-23 07:00:00,7,0,0,0.0018996259896084
2024-11-23 07:15:00,7,0,0,0.001967150485143
2024-11-23 07:30:00,7,0,0,0.001965062925592
2024-11-23 07:45:00,7,0,0,0.0019055525772273
2024-11-23 08:00:00,7,0,0,0.0020116295199841
2024-11-23 08:15:00,7,0,0,0.0021442805882543
2024-11-23 08:30:00,7,0,0,0.0020746893715113
2024-11-23 08:45:00,7,0,0,0.0020746495574712
2024-11-23 09:00:00,7,0,0,0.002141187665984
2024-11-23 09:15:00,7,0,0,0.0021557630971074
2024-11-23 09:30:00,7,0,0,0.0023581411223858
2024-11-23 09:45:00,7,0,0,0.0023563255090266
2024-11-23 10:00:00,7,0,0,0.0028551230207085
2024-11-23 10:15:00,7,0,0,0.0029195074457675
2024-11-23 10:30:00,7,0,0,0.0032789506949484
2024-11-23 10:45:00,7,0,0,0.0034522991627454
2024-11-23 11:00:00,7,0,0,0.0034690052270889
2024-11-23 11:15:00,7,0,0,0.0033131097443401
2024-11-23 11:30:00,7,0,0,0.0031432907562702
2024-11-23 11:45:00,7,0,0,0.0032257551793009
2024-11-23 12:00:00,7,0,0,0.0030231063719838
2024-11-23 12:15:00,7,0,0,0.0030027762986719
2024-11-23 12:30:00,7,0,0,0.0034017185680568
2024-11-23 12:45:00,7,0,0,0.0030974873807281
2024-11-23 13:00:00,7,0,0,0.0032466284465044
2024-11-23 13:15:00,7,0,0,0.0029726410284638
2024-11-23 13:30:00,7,0,0,0.0034599443897604
2024-11-23 13:45:00,7,0,0,0.0034550053533166
2024-11-23 14:00:00,7,0,0,0.0030431298073381
2024-11-23 14:15:00,7,0,0,0.0029971962794661
2024-11-23 14:30:00,7,0,0,0.0028877903241664
2024-11-23 14:45:00,7,0,0,0.0031697116792201
2024-11-23 15:00:00,7,0,0,0.0030307858251035
2024-11-23 15:15:00,7,0,0,0.0028949957340955
2024-11-23 15:30:00,7,0,0,0.002666198182851
2024-11-23 15:45:00,7,0,0,0.0023655463010072
2024-11-23 16:00:00,7,0,0,0.0023147875908762
2024-11-23 16:15:00,7,0,0,0.0021436337847262
2024-11-23 16:30:00,7,0,0,0.0024697184562683
2024-11-23 16:45:00,7,0,0,0.002371052512899
2024-11-23 17:00:00,7,0,0,0.0023461573291569
2024-11-23 17:15:00,7,0,0,0.0022802788298577
2024-11-23 17:30:00,7,0,0,0.0021709485445171
2024-11-23 17:45:00,7,0,0,0.0022726310417056
2024-11-23 18:00:00,7,0,0,0.0021180831827223
2024-11-23 18:15:00,7,0,0,0.0020158740226179
2024-11-23 18:30:00,7,0,0,0.0019166894489899
2024-11-23 18:45:00,7,0,0,0.0019267261959612
2024-11-23 19:00:00,7,0,0,0.0019935499876737
2024-11-23 19:15:00,7,0,0,0.0020147163886576
2024-11-23 19:30:00,7,0,0,0.001994218211621
2024-11-23 19:45:00,7,0,0,0.002022850792855
2024-11-23 20:00:00,7,0,0,0.002060521626845
2024-11-23 20:15:00,7,0,0,0.0024204063229262
2024-11-23 20:30:00,7,0,0,0.0019916843157261
2024-11-23 20:45:00,7,0,0,0.0018708606949076
2024-11-23 21:00:00,7,0,0,0.0017999006668105
2024-11-23 21:15:00,7,0,0,0.0017594266682863
2024-11-23 21:30:00,7,0,0,0.0018111056415364
2024-11-23 21:45:00,7,0,0,0.0018019817071035
2024-11-23 22:00:00,7,0,0,0.0017909507732838
2024-11-23 22:15:00,7,0,0,0.0017633548704907
2024-11-23 22:30:00,7,0,0,0.0018642673967406
2024-11-23 22:45:00,7,0,0,0.0020167608745396
2024-11-23 23:00:00,7,0,0,0.0021332257892936
2024-11-23 23:15:00,7,0,0,0.0021681138314306
2024-11-23 23:30:00,7,0,0,0.0022706156596541
2024-11-23 23:45:00,7,0,0,0.0023157347459346
2024-11-24 00:15:00,7,0,0,0.0026201598811894
2024-11-24 00:30:00,7,0,0,0.0028815791010856
2024-11-24 00:45:00,7,0,0,0.0031238212250173
2024-11-24 01:00:00,7,0,0,0.0031003120820969
2024-11-24 01:15:00,7,0,0,0.0032888762652873
2024-11-24 01:30:00,7,0,0,0.0028562182560563
2024-11-24 01:45:00,7,0,0,0.0033361737150698
2024-11-24 02:00:00,7,0,0,0.0033709611743688
2024-11-24 02:15:00,7,0,0,0.003444358240813
2024-11-24 02:30:00,7,0,0,0.0033469211775809
2024-11-24 02:45:00,7,0,0,0.0034311837516725
2024-11-24 03:00:00,7,0,0,0.0035491506569087
2024-11-24 03:15:00,7,0,0,0.0034732411149889
2024-11-24 03:30:00,7,0,0,0.0029157735407352
2024-11-24 03:45:00,7,0,0,0.0028365743346512
2024-11-24 04:00:00,7,0,0,0.0030795829370617
2024-11-24 04:15:00,7,0,0,0.0028227602597326
2024-11-24 04:30:00,7,0,0,0.0028803367167711
2024-11-24 04:45:00,7,0,0,0.0031967076938599
2024-11-24 05:00:00,7,0,0,0.0031946690287441
2024-11-24 05:15:00,7,0,0,0.0027687710244208
2024-11-24 05:30:00,7,0,0,0.0033982878085225
2024-11-24 05:45:00,7,0,0,0.0030858879908919
2024-11-24 06:00:00,7,0,0,0.0027679514605551
2024-11-24 06:15:00,7,0,0,0.0030120527371764
2024-11-24 06:30:00,7,0,0,0.0031457487493753
2024-11-24 06:45:00,7,0,0,0.0035762726329267
2024-11-24 07:00:00,7,0,0,0.0037368461489677
2024-11-24 07:15:00,7,0,0,0.0029097385704517
2024-11-24 07:30:00,7,0,0,0.0028303090948611
2024-11-24 07:45:00,7,0,0,0.0036616423167288
2024-11-24 08:00:00,7,0,0,0.0042093005031347
2024-11-24 08:15:00,7,0,0,0.0047702477313578
2024-11-24 08:30:00,7,0,0,0.0041085230186581
2024-11-24 08:45:00,7,0,0,0.0036906937602907
2024-11-24 09:00:00,7,0,0,0.0037196932826191
2024-11-24 09:15:00,7,0,0,0.0042982855811715
2024-11-24 09:30:00,7,0,0,0.0049591893330216
2024-11-24 09:45:00,7,0,0,0.005035885144025
2024-11-24 10:00:00,7,0,0,0.0044762496836483
2024-11-24 10:15:00,7,0,0,0.0045270756818354
2024-11-24 10:30:00,7,0,0,0.0048247897066175
2024-11-24 10:45:00,7,0,0,0.0044881398789584
2024-11-24 11:00:00,7,0,0,0.0048809191212058
2024-11-24 11:15:00,7,0,0,0.0049733910709619
2024-11-24 11:30:00,7,0,0,0.0050807460211217
2024-11-24 11:45:00,7,0,0,0.0046146400272846
2024-11-24 12:00:00,7,0,0,0.005830471869558
2024-11-24 12:15:00,7,0,0,0.0453918650746345
2024-11-24 12:30:00,7,0,0,0.3379969596862793
2024-11-24 12:45:00,7,0,0,0.0599164403975009
2024-11-24 13:00:00,7,0,0,0.0108919339254498
2024-11-24 13:15:00,7,0,0,0.005964767653495
2024-11-24 13:30:00,7,0,0,0.0056359921582043
2024-11-24 13:45:00,7,0,0,0.0063006626442074
2024-11-24 14:00:00,7,0,0,0.0065156994387507
2024-11-24 14:15:00,7,0,0,0.0055515901185572
2024-11-24 14:30:00,7,0,0,0.0065096844919025
2024-11-24 14:45:00,7,0,0,0.0069186445325613
2024-11-24 15:00:00,7,0,0,0.0051453751511871
2024-11-24 15:15:00,7,0,0,0.0057072197087109
2024-11-24 15:30:00,7,0,0,0.0058280192315578
2024-11-24 15:45:00,7,0,0,0.0070799253880977
2024-11-24 16:00:00,7,0,0,0.0058093089610338
2024-11-24 16:15:00,7,0,0,0.0066175139509141
2024-11-24 16:30:00,7,0,0,0.0059625846333801
2024-11-24 16:45:00,7,0,0,0.0064230542629957
2024-11-24 17:00:00,7,0,0,0.0054175313562154
2024-11-24 17:15:00,7,0,0,0.0044910092838108
2024-11-24 17:30:00,7,0,0,0.0035888808779418
2024-11-24 17:45:00,7,0,0,0.003484443295747
2024-11-24 18:00:00,7,0,0,0.0026885927654802
2024-11-24 18:15:00,7,0,0,0.0034215480554848
2024-11-24 18:30:00,7,0,0,0.002596610924229
2024-11-24 18:45:00,7,0,0,0.002221840666607
2024-11-24 19:00:00,7,0,0,0.0021607701200991
2024-11-24 19:15:00,7,0,0,0.0019350327784195
2024-11-24 19:30:00,7,0,0,0.0022122871596366
2024-11-24 19:45:00,7,0,0,0.0020192691590636
2024-11-24 20:00:00,7,0,0,0.0018848568433895
2024-11-24 20:15:00,7,0,0,0.0021737900096923
2024-11-24 20:30:00,7,0,0,0.0021886029280722
2024-11-24 20:45:00,7,0,0,0.0020835713949054
2024-11-24 21:00:00,7,0,0,0.0019133397145196
2024-11-24 21:15:00,7,0,0,0.0021732216700911
2024-11-24 21:30:00,7,0,0,0.0020290131215006
2024-11-24 21:45:00,7,0,0,0.0019176367204636
2024-11-24 22:00:00,7,0,0,0.0018293093889951
2024-11-24 22:15:00,7,0,0,0.0020008322317153
2024-11-24 22:30:00,7,0,0,0.001982188783586
2024-11-24 22:45:00,7,0,0,0.0017047763103619
2024-11-24 23:00:00,7,0,0,0.0017930344911292
2024-11-24 23:15:00,7,0,0,0.0017200985457748
2024-11-24 23:30:00,7,0,0,0.0018478368874639
2024-11-24 23:45:00,7,0,0,0.0026036642957478
2024-11-25 00:15:00,7,0,0,0.0022979895584285
2024-11-25 00:30:00,7,0,0,0.002098745200783
2024-11-25 00:45:00,7,0,0,0.0018151049735024
2024-11-25 01:00:00,7,0,0,0.0018866757163777
2024-11-25 01:15:00,7,0,0,0.0019620021339505
2024-11-25 01:30:00,7,0,0,0.0018033940577879
2024-11-25 01:45:00,7,0,0,0.0021201451309025
2024-11-25 02:00:00,7,0,0,0.0022917937021702
2024-11-25 02:15:00,7,0,0,0.0022644416894763
2024-11-25 02:30:00,7,0,0,0.0029091977048665
2024-11-25 02:45:00,7,0,0,0.0033129069488495
2024-11-25 03:00:00,7,0,0,0.0041236313991248
2024-11-25 03:15:00,7,0,0,0.0044343885965645
2024-11-25 03:30:00,7,0,0,0.0218303278088569
2024-11-25 03:45:00,7,0,0,0.0397731624543666
2024-11-25 04:00:00,7,0,0,0.0102874934673309
2024-11-25 04:15:00,7,0,0,0.0050876778550446
2024-11-25 04:30:00,7,0,0,0.0046805716119706
2024-11-25 04:45:00,7,0,0,0.0037762518040835
2024-11-25 05:00:00,7,0,0,0.0035089424345642
2024-11-25 05:15:00,7,0,0,0.0045178206637501
2024-11-25 05:30:00,7,0,0,0.111661821603775
2024-11-25 05:45:00,7,0,0,0.0200579110532999
2024-11-25 06:00:00,7,0,0,0.0179670099169015
2024-11-25 06:15:00,7,0,0,0.1298367083072662
2024-11-25 06:30:00,7,0,0,0.4211979806423187
2024-11-25 06:45:00,7,0,0,0.4373968541622162
2024-11-25 07:00:00,7,0,0,0.1878283321857452
2024-11-25 07:15:00,7,0,0,0.2333167493343353
2024-11-25 07:30:00,7,0,0,0.2750789523124695
2024-11-25 07:45:00,7,0,0,0.3365236520767212
2024-11-25 08:00:00,7,0,0,0.2047458291053772
2024-11-25 08:15:00,7,0,0,0.0876210033893585
2024-11-25 08:30:00,7,0,0,0.2037082612514495
2024-11-25 08:45:00,7,0,0,0.1441865712404251
2024-11-25 09:00:00,7,0,0,0.0446844026446342
2024-11-25 09:15:00,7,0,0,0.0353697165846824
2024-11-25 09:30:00,7,0,0,0.0328802987933158
2024-11-25 09:45:00,7,0,0,0.4665861427783966
2024-11-25 10:00:00,7,0,0,0.0520440377295017
2024-11-25 10:15:00,7,0,0,0.0068686385639011
2024-11-25 10:30:00,7,0,0,0.0059429192915558
2024-11-25 10:45:00,7,0,0,0.0058080423623323
2024-11-25 11:00:00,7,0,0,0.0054758032783865
2024-11-25 11:15:00,7,0,0,0.0050568017177283
2024-11-25 11:30:00,7,0,0,0.0056577860377728
2024-11-25 11:45:00,7,0,0,0.0055352691560983
2024-11-25 12:00:00,7,0,0,0.0057439096271991
2024-11-25 12:15:00,7,0,0,0.0052340351976454
2024-11-25 12:30:00,7,0,0,0.0062435157597064
2024-11-25 12:45:00,7,0,0,0.0056447726674377
2024-11-25 13:00:00,7,0,0,0.0060214144177734
2024-11-25 13:15:00,7,0,0,0.0058388765901327
2024-11-25 13:30:00,7,0,0,0.0063403663225471
2024-11-25 13:45:00,7,0,0,0.0074195945635437
2024-11-25 14:00:00,7,0,0,0.0068697491660714
2024-11-25 14:15:00,7,0,0,0.0062761674635112
2024-11-25 14:30:00,7,0,0,0.0056744404137134
2024-11-25 14:45:00,7,0,0,0.0055303545668721
2024-11-25 15:00:00,7,0,0,0.0059320065192878
2024-11-25 15:15:00,7,0,0,0.005432482343167
2024-11-25 15:30:00,7,0,0,0.0054277181625366
2024-11-25 15:45:00,7,0,0,0.005748467054218
2024-11-25 16:00:00,7,0,0,0.006383684463799
2024-11-25 16:15:00,7,0,0,0.0058106011711061
2024-11-25 16:30:00,7,0,0,0.0066033890470862
2024-11-25 16:45:00,7,0,0,0.0075176684185862
2024-11-25 17:00:00,7,0,0,0.0136025203391909
2024-11-25 17:15:00,7,0,0,0.0780966579914093
2024-11-25 17:30:00,7,0,0,0.2932875156402588
2024-11-25 17:45:00,7,0,1,0.50502610206604
2024-11-25 18:00:00,7,0,1,0.5406261682510376
2024-11-25 18:15:00,7,0,0,0.156139075756073
2024-11-25 18:30:00,7,0,0,0.0121302464976906
2024-11-25 18:45:00,7,0,0,0.0062943268567323
2024-11-25 19:00:00,7,0,0,0.0058600092306733
2024-11-25 19:15:00,7,0,0,0.0055909394286572
2024-11-25 19:30:00,7,0,0,0.005040296819061
2024-11-25 19:45:00,7,0,0,0.0065414900891482
2024-11-25 20:00:00,7,0,0,0.0181788802146911
2024-11-25 20:15:00,7,0,0,0.0232907943427562
2024-11-25 20:30:00,7,0,0,0.0320270769298076
2024-11-25 20:45:00,7,0,0,0.0794350951910018
2024-11-25 21:00:00,7,0,0,0.1399999558925628
2024-11-25 21:15:00,7,0,0,0.0812026560306549
2024-11-25 21:30:00,7,0,0,0.0315634869039058
2024-11-25 21:45:00,7,0,0,0.1003270670771598
2024-11-25 22:00:00,7,0,0,0.0810368061065673
2024-11-25 22:15:00,7,0,0,0.036375131458044
2024-11-25 22:30:00,7,0,0,0.1084275543689727
2024-11-25 22:45:00,7,0,0,0.0259505379945039
2024-11-25 23:00:00,7,0,0,0.1064652130007743
2024-11-25 23:15:00,7,0,0,0.0672765225172042
2024-11-25 23:30:00,7,0,0,0.0519458353519439
2024-11-25 23:45:00,7,0,0,0.1605178266763687
2024-11-26 01:00:00,8,0,1,0.5662423968315125
2024-11-26 01:15:00,8,0,1,0.6443729996681213
2024-11-26 01:30:00,8,0,1,0.5746630430221558
2024-11-26 01:45:00,8,0,1,0.5760068893432617
2024-11-26 02:00:00,8,0,1,0.5008497834205627
2024-11-26 02:15:00,8,0,0,0.4328500926494598
2024-11-26 02:30:00,8,0,0,0.4802355170249939
2024-11-26 02:45:00,8,0,0,0.4464064836502075
2024-11-26 03:00:00,8,0,0,0.4844532012939453
2024-11-26 03:15:00,8,0,0,0.4958677887916565
2024-11-26 03:30:00,8,0,1,0.5464444160461426
2024-11-26 03:45:00,8,0,1,0.605972945690155
2024-11-26 04:00:00,8,0,1,0.5610731244087219
2024-11-26 04:15:00,8,0,0,0.4484414458274841
2024-11-26 04:30:00,8,0,0,0.4239781200885772
2024-11-26 04:45:00,8,0,0,0.4162039756774902
2024-11-26 05:00:00,8,0,0,0.3603116273880005
2024-11-26 05:15:00,8,0,0,0.253754585981369
2024-11-26 05:30:00,8,0,0,0.185908168554306
2024-11-26 05:45:00,8,0,0,0.441923588514328
2024-11-26 06:00:00,8,0,1,0.5883057117462158
2024-11-26 06:15:00,8,0,1,0.7273516654968262
2024-11-26 06:30:00,8,0,1,0.675319254398346
2024-11-26 06:45:00,8,0,1,0.5585954189300537
2024-11-26 07:00:00,8,0,1,0.689343273639679
2024-11-26 07:15:00,8,0,1,0.6274296641349792
2024-11-26 07:30:00,8,0,1,0.6994433999061584
2024-11-26 07:45:00,8,0,1,0.6244485378265381
2024-11-26 08:00:00,8,0,1,0.5666217803955078
2024-11-26 08:15:00,8,0,1,0.4961815476417541
2024-11-26 08:30:00,8,0,0,0.4285972416400909
2024-11-26 08:45:00,8,0,0,0.4058331847190857
2024-11-26 09:00:00,8,0,1,0.492258071899414
2024-11-26 09:15:00,8,0,1,0.5376383066177368
2024-11-26 09:30:00,8,0,1,0.522976815700531
2024-11-26 09:45:00,8,0,0,0.4431769549846649
2024-11-26 10:00:00,8,0,0,0.220664381980896
2024-11-26 10:15:00,8,0,0,0.0963811501860618
2024-11-26 10:30:00,8,0,0,0.1964424699544906
2024-11-26 10:45:00,8,0,0,0.241967499256134
2024-11-26 11:00:00,8,0,0,0.2813502550125122
2024-11-26 11:15:00,8,0,0,0.0473955869674682
2024-11-26 11:30:00,8,0,0,0.0154681140556931
2024-11-26 11:45:00,8,0,0,0.1595426201820373
2024-11-26 12:00:00,8,0,0,0.0906443148851394
2024-11-26 12:15:00,8,0,0,0.0268979407846927
2024-11-26 12:30:00,8,0,0,0.0133168762549757
2024-11-26 12:45:00,8,0,0,0.3294681310653686
2024-11-26 13:00:00,8,0,0,0.0473306402564048
2024-11-26 13:15:00,8,0,0,0.0555596575140953
2024-11-26 13:30:00,8,0,0,0.0829579681158065
2024-11-26 13:45:00,8,0,0,0.2992918491363525
2024-11-26 14:00:00,8,0,0,0.1550585478544235
2024-11-26 14:15:00,8,0,0,0.2645426094532013
2024-11-26 14:30:00,8,0,0,0.1158872917294502
2024-11-26 14:45:00,8,0,0,0.0208467170596122
2024-11-26 15:00:00,8,0,0,0.0070156934671103
2024-11-26 15:15:00,8,0,0,0.0064950915984809
2024-11-26 15:30:00,8,0,0,0.0182855241000652
2024-11-26 15:45:00,8,0,0,0.1054993942379951
2024-11-26 16:00:00,8,0,0,0.2249698638916015
2024-11-26 16:15:00,8,0,0,0.2931301295757293
2024-11-26 16:30:00,8,0,0,0.4297857284545898
2024-11-26 16:45:00,8,0,1,0.508344829082489
2024-11-26 17:00:00,8,1,1,0.5491670966148376
2024-11-26 17:15:00,8,1,1,0.5608762502670288
2024-11-26 17:30:00,8,1,1,0.6073354482650757
2024-11-26 17:45:00,8,1,1,0.6393581628799438
2024-11-26 18:00:00,8,1,1,0.651768684387207
2024-11-26 18:15:00,8,1,1,0.7154762744903564
2024-11-26 18:30:00,8,1,1,0.7860593199729919
2024-11-26 18:45:00,8,1,1,0.8121906518936157
2024-11-26 19:00:00,8,1,1,0.835617184638977
2024-11-26 19:15:00,8,1,1,0.825610876083374
2024-11-26 19:30:00,8,1,1,0.8267647624015808
2024-11-26 19:45:00,8,1,1,0.8419861793518066
2024-11-26 20:00:00,8,1,1,0.8493180871009827
2024-11-26 20:15:00,8,1,1,0.8431854248046875
2024-11-26 20:30:00,8,1,1,0.8466798663139343
2024-11-26 20:45:00,8,1,1,0.8628587126731873
2024-11-26 21:00:00,8,1,1,0.8515034317970276
2024-11-26 21:15:00,8,1,1,0.8416698575019836
2024-11-26 21:30:00,8,1,1,0.8435981273651123
2024-11-26 21:45:00,8,1,1,0.8356009721755981
2024-11-26 22:00:00,8,1,1,0.858324408531189
2024-11-26 22:15:00,8,1,1,0.86461341381073
2024-11-26 22:30:00,8,1,1,0.8422365784645081
2024-11-26 22:45:00,8,1,1,0.8221830725669861
2024-11-26 23:00:00,8,1,1,0.786989152431488
2024-11-26 23:15:00,8,1,1,0.7735067009925842
2024-11-26 23:30:00,8,1,1,0.8056924343109131
2024-11-26 23:45:00,8,1,1,0.7745334506034851
2024-11-27 00:15:00,8,1,1,0.7000012397766113
2024-11-27 00:30:00,8,1,1,0.699262261390686
2024-11-27 00:45:00,8,1,1,0.7309785485267639
2024-11-27 01:00:00,8,1,1,0.684319257736206
2024-11-27 01:15:00,8,1,1,0.6482347249984741
2024-11-27 01:30:00,8,0,1,0.5941607356071472
2024-11-27 01:45:00,8,0,1,0.5399647951126099
2024-11-27 02:00:00,8,0,1,0.540320873260498
2024-11-27 02:15:00,8,0,0,0.4954773187637329
2024-11-27 02:30:00,8,0,1,0.5152236223220825
2024-11-27 02:45:00,8,0,1,0.5215978622436523
2024-11-27 03:00:00,8,0,1,0.5027745962142944
2024-11-27 03:15:00,8,0,1,0.4897140562534332
2024-11-27 03:30:00,8,0,0,0.3997939229011535
2024-11-27 03:45:00,8,0,0,0.2954550087451935
2024-11-27 04:00:00,8,0,0,0.395639955997467
2024-11-27 04:15:00,8,0,0,0.2583919167518616
2024-11-27 04:30:00,8,0,0,0.1984861344099044
2024-11-27 04:45:00,8,0,0,0.1377957761287689
2024-11-27 05:00:00,8,0,0,0.0675264373421669
2024-11-27 05:15:00,8,0,0,0.1268653869628906
2024-11-27 05:30:00,8,0,0,0.0704444870352745
2024-11-27 05:45:00,8,0,0,0.014236832037568
2024-11-27 06:00:00,8,0,0,0.030448704957962
2024-11-27 06:15:00,8,0,0,0.0277975592762231
2024-11-27 06:30:00,8,0,0,0.0463238134980201
2024-11-27 06:45:00,8,0,0,0.0106927454471588
2024-11-27 07:00:00,8,0,0,0.0030795354396104
2024-11-27 07:15:00,8,0,0,0.0055060680024325
2024-11-27 07:30:00,8,0,0,0.0177348386496305
2024-11-27 07:45:00,8,0,0,0.0110484939068555
2024-11-27 08:00:00,8,0,0,0.0249136667698621
2024-11-27 08:15:00,8,0,0,0.0093740709125995
2024-11-27 08:30:00,8,0,0,0.0057669859379529
2024-11-27 08:45:00,8,0,0,0.0091908499598503
2024-11-27 09:00:00,8,0,0,0.0076824850402772
2024-11-27 09:15:00,8,0,0,0.0053305779583752
2024-11-27 09:30:00,8,0,0,0.0059793884865939
2024-11-27 09:45:00,8,0,0,0.0058545838110148
2024-11-27 10:00:00,8,0,0,0.0105753494426608
2024-11-27 10:15:00,8,0,0,0.0037606775294989
2024-11-27 10:30:00,8,0,0,0.0019398592412471
2024-11-27 10:45:00,8,0,0,0.0051581556908786
2024-11-27 11:00:00,8,0,0,0.0058060367591679
2024-11-27 11:15:00,8,0,0,0.0061839492991566
2024-11-27 11:30:00,8,0,0,0.0049896971322596
2024-11-27 11:45:00,8,0,0,0.0033045900054275
2024-11-27 12:00:00,8,0,0,0.0046589262783527
2024-11-27 12:15:00,8,0,0,0.027197228744626
2024-11-27 12:30:00,8,0,0,0.0107142068445682
2024-11-27 12:45:00,8,0,0,0.0044819749891757
2024-11-27 13:00:00,8,0,0,0.0162294525653123
2024-11-27 13:15:00,8,0,0,0.0484624542295932
2024-11-27 13:30:00,8,0,0,0.0423829741775989
2024-11-27 13:45:00,8,0,0,0.154136374592781
2024-11-27 14:00:00,8,0,0,0.070693552494049
2024-11-27 14:15:00,8,0,0,0.0095849782228469
2024-11-27 14:30:00,8,0,0,0.0070380130782723
2024-11-27 14:45:00,8,0,0,0.0294701289385557
2024-11-27 15:00:00,8,0,0,0.0790105536580085
2024-11-27 15:15:00,8,0,0,0.0682099908590316
2024-11-27 15:30:00,8,0,0,0.0627362430095672
2024-11-27 15:45:00,8,0,0,0.1486335396766662
2024-11-27 16:00:00,8,0,0,0.1652324646711349
2024-11-27 16:15:00,8,0,0,0.218485951423645
2024-11-27 16:30:00,8,0,0,0.2021196782588958
2024-11-27 16:45:00,8,0,0,0.0801485255360603
2024-11-27 17:00:00,8,0,0,0.4354780912399292
2024-11-27 17:15:00,8,0,1,0.5659862160682678
2024-11-27 17:30:00,8,0,1,0.5743392109870911
2024-11-27 17:45:00,8,0,1,0.4205855429172516
2024-11-27 18:00:00,8,0,1,0.5048577785491943
2024-11-27 18:15:00,8,1,1,0.6269088983535767
2024-11-27 18:30:00,8,1,1,0.6324253678321838
2024-11-27 18:45:00,8,0,1,0.6268317103385925
2024-11-27 19:00:00,8,0,1,0.5965225696563721
2024-11-27 19:15:00,8,0,1,0.576610803604126
2024-11-27 19:30:00,8,0,1,0.732893168926239
2024-11-27 19:45:00,8,1,1,0.7886725068092346
2024-11-27 20:00:00,8,1,1,0.7498574256896973
2024-11-27 20:15:00,8,1,1,0.7670192718505859
2024-11-27 20:30:00,8,1,1,0.7974603176116943
2024-11-27 20:45:00,8,1,1,0.847468376159668
2024-11-27 21:00:00,8,1,1,0.8555317521095276
2024-11-27 21:15:00,8,1,1,0.8621200323104858
2024-11-27 21:30:00,8,1,1,0.8695846796035767
2024-11-27 21:45:00,8,1,1,0.8593459725379944
2024-11-27 22:00:00,8,1,1,0.8620031476020813
2024-11-27 22:15:00,8,1,1,0.8646488785743713
2024-11-27 22:30:00,8,1,1,0.8660928606987
2024-11-27 22:45:00,8,1,1,0.8626354932785034
2024-11-27 23:00:00,8,1,1,0.8429579734802246
2024-11-27 23:15:00,8,1,1,0.8368380069732666
2024-11-27 23:30:00,8,1,1,0.8461927175521851
2024-11-27 23:45:00,8,1,1,0.8531301617622375
2024-11-28 00:15:00,8,1,1,0.7925223112106323
2024-11-28 00:30:00,8,1,1,0.8438342809677124
2024-11-28 00:45:00,8,1,1,0.8278065323829651
2024-11-28 01:00:00,8,1,1,0.83697509765625
2024-11-28 01:15:00,8,1,1,0.7042884826660156
2024-11-28 01:30:00,8,1,1,0.6660993695259094
2024-11-28 01:45:00,8,1,1,0.5972007513046265
2024-11-28 02:00:00,8,1,1,0.6596173048019409
2024-11-28 02:15:00,8,1,1,0.7391922473907471
2024-11-28 02:30:00,8,1,1,0.7214875817298889
2024-11-28 02:45:00,8,1,1,0.7191910147666931
2024-11-28 03:00:00,8,1,1,0.711081326007843
2024-11-28 03:15:00,8,1,1,0.7265013456344604
2024-11-28 03:30:00,8,1,1,0.7637706398963928
2024-11-28 03:45:00,8,1,1,0.8498631119728088
2024-11-28 04:00:00,8,1,1,0.8229464292526245
2024-11-28 04:15:00,8,1,1,0.8759024739265442
2024-11-28 04:30:00,8,1,1,0.8502272963523865
2024-11-28 04:45:00,8,1,1,0.8169885277748108
2024-11-28 05:00:00,8,1,1,0.7454257011413574
2024-11-28 05:15:00,8,1,1,0.8221991658210754
2024-11-28 05:30:00,8,1,1,0.6580440402030945
2024-11-28 05:45:00,8,1,1,0.7555958032608032
2024-11-28 06:00:00,8,1,1,0.7493407726287842
2024-11-28 06:15:00,8,1,1,0.8266817331314087
2024-11-28 06:30:00,8,1,1,0.7674204707145691
2024-11-28 06:45:00,8,1,1,0.7806147336959839
2024-11-28 07:00:00,8,1,1,0.7500185370445251
2024-11-28 07:15:00,8,1,1,0.7607810497283936
2024-11-28 07:30:00,8,1,1,0.7989737391471863
2024-11-28 07:45:00,8,1,1,0.7519802451133728
2024-11-28 08:00:00,8,1,1,0.7543161511421204
2024-11-28 08:15:00,8,1,1,0.7738310694694519
2024-11-28 08:30:00,8,1,1,0.8070672154426575
2024-11-28 08:45:00,8,1,1,0.8071621060371399
2024-11-28 09:00:00,8,1,1,0.6552395820617676
2024-11-28 09:15:00,8,1,1,0.6841250061988831
2024-11-28 09:30:00,8,1,1,0.5806218385696411
2024-11-28 09:45:00,8,1,1,0.6089704632759094
2024-11-28 10:00:00,8,1,1,0.5976725816726685
2024-11-28 10:15:00,8,1,1,0.6552330255508423
2024-11-28 10:30:00,8,1,1,0.6516597270965576
2024-11-28 10:45:00,8,1,1,0.522739589214325
2024-11-28 11:00:00,8,0,0,0.486156702041626
2024-11-28 11:15:00,8,0,0,0.3792029321193695
2024-11-28 11:30:00,8,0,0,0.2959951758384704
2024-11-28 11:45:00,8,0,0,0.2764785587787628
2024-11-28 12:00:00,8,0,0,0.1613827049732208
2024-11-28 12:15:00,8,0,0,0.1262364536523819
2024-11-28 12:30:00,8,0,0,0.0386183410882949
2024-11-28 12:45:00,8,0,0,0.0155061716213822
2024-11-28 13:00:00,8,0,0,0.0056836451403796
2024-11-28 13:15:00,8,0,0,0.0031322774011641
2024-11-28 13:30:00,8,0,0,0.0022354782558977
2024-11-28 13:45:00,8,0,0,0.0015194560401141
2024-11-28 14:00:00,8,0,0,0.0015079417498782
2024-11-28 14:15:00,8,0,0,0.0014172807568684
2024-11-28 14:30:00,8,0,0,0.0013599053490906
2024-11-28 14:45:00,8,0,0,0.0013908386463299
2024-11-28 15:00:00,8,0,0,0.0015994656132534
2024-11-28 15:15:00,8,0,0,0.0017626471817493
2024-11-28 15:30:00,8,0,0,0.002064783591777
2024-11-28 15:45:00,8,0,0,0.0021292634773999
2024-11-28 16:00:00,8,0,0,0.0019446472870185
2024-11-28 16:15:00,8,0,0,0.1295955330133438
2024-11-28 16:30:00,8,0,0,0.1930718421936035
2024-11-28 16:45:00,8,0,0,0.2626144886016845
2024-11-28 17:00:00,8,0,0,0.2431878447532653
2024-11-28 17:15:00,8,0,0,0.4312661290168762
2024-11-28 17:30:00,8,0,0,0.4219171106815338
2024-11-28 17:45:00,8,0,0,0.3244858980178833
2024-11-28 18:00:00,8,0,0,0.1505889743566513
2024-11-28 18:15:00,8,0,0,0.0942609459161758
2024-11-28 18:30:00,8,0,0,0.0151771223172545
2024-11-28 18:45:00,8,0,0,0.0066339974291622
2024-11-28 19:00:00,8,0,0,0.0087156342342495
2024-11-28 19:15:00,8,0,0,0.0043393820524215
2024-11-28 19:30:00,8,0,0,0.0029010893777012
2024-11-28 19:45:00,8,0,0,0.0015454745152965
2024-11-28 20:00:00,8,0,0,0.001418127445504
2024-11-28 20:15:00,8,0,0,0.0012328043812885
2024-11-28 20:30:00,8,0,0,0.0012307267170399
2024-11-28 20:45:00,8,0,0,0.0011596573749557
2024-11-28 21:00:00,8,0,0,0.0011732976417988
2024-11-28 21:15:00,8,0,0,0.0011581014841794
2024-11-28 21:30:00,8,0,0,0.0013208070304244
2024-11-28 21:45:00,8,0,0,0.0016168467700481
2024-11-28 22:00:00,8,0,0,0.0012530400417745
2024-11-28 22:15:00,8,0,0,0.0011721671326085
2024-11-28 22:30:00,8,0,0,0.0012288509169593
2024-11-28 22:45:00,8,0,0,0.0012751234462484
2024-11-28 23:00:00,8,0,0,0.0012856962857767
2024-11-28 23:15:00,8,0,0,0.0013132031308487
2024-11-28 23:30:00,8,0,0,0.0499217137694358
2024-11-28 23:45:00,8,0,0,0.0807439386844635
2024-11-29 00:15:00,8,0,0,0.0396298319101333
2024-11-29 00:30:00,8,0,0,0.011502081528306
2024-11-29 00:45:00,8,0,0,0.0034905096981674
2024-11-29 01:00:00,8,0,0,0.0071666128933429
2024-11-29 01:15:00,8,0,0,0.0072166435420513
2024-11-29 01:30:00,8,0,0,0.0032130186446011
2024-11-29 01:45:00,8,0,0,0.0239304136484861
2024-11-29 02:00:00,8,0,0,0.0315687172114849
2024-11-29 02:15:00,8,0,0,0.0028546219691634
2024-11-29 02:30:00,8,0,0,0.001716551487334
2024-11-29 02:45:00,8,0,0,0.0020779210608452
2024-11-29 03:00:00,8,0,0,0.0020625928882509
2024-11-29 03:15:00,8,0,0,0.0015061817830428
2024-11-29 03:30:00,8,0,0,0.0019628575537353
2024-11-29 03:45:00,8,0,0,0.0013249100884422
2024-11-29 04:00:00,8,0,0,0.0012251590378582
2024-11-29 04:15:00,8,0,0,0.0012597737368196
2024-11-29 04:30:00,8,0,0,0.0013900221092626
2024-11-29 04:45:00,8,0,0,0.0074528683908283
2024-11-29 05:00:00,8,0,0,0.0218845345079898
2024-11-29 05:15:00,8,0,0,0.0027800840325653
2024-11-29 05:30:00,8,0,0,0.0014733501011505
2024-11-29 05:45:00,8,0,0,0.002003101631999
2024-11-29 06:00:00,8,0,0,0.002183805918321
2024-11-29 06:15:00,8,0,0,0.0012700745137408
2024-11-29 06:30:00,8,0,0,0.0013168614823371
2024-11-29 06:45:00,8,0,0,0.0013069898122921
2024-11-29 07:00:00,8,0,0,0.0013234431389719
2024-11-29 07:15:00,8,0,0,0.0011881472310051
2024-11-29 07:30:00,8,0,0,0.0012020920403301
2024-11-29 07:45:00,8,0,0,0.0011958489194512
2024-11-29 08:00:00,8,0,0,0.0014376562321558
2024-11-29 08:15:00,8,0,0,0.0013542379019781
2024-11-29 08:30:00,8,0,0,0.0012344128917902
2024-11-29 08:45:00,8,0,0,0.0013169317971915
2024-11-29 09:00:00,8,0,0,0.0014864938566461
2024-11-29 09:15:00,8,0,0,0.0015159463509917
2024-11-29 09:30:00,8,0,0,0.0014994770754128
2024-11-29 09:45:00,8,0,0,0.001471241004765
2024-11-29 10:00:00,8,0,0,0.0016713704681023
2024-11-29 10:15:00,8,0,0,0.0015950916567817
2024-11-29 10:30:00,8,0,0,0.0015913695096969
2024-11-29 10:45:00,8,0,0,0.0017404309473931
2024-11-29 11:00:00,8,0,0,0.0017951185582205
2024-11-29 11:15:00,8,0,0,0.0016937957843765
2024-11-29 11:30:00,8,0,0,0.0016341984737664
2024-11-29 11:45:00,8,0,0,0.0016876441659405
2024-11-29 12:00:00,8,0,0,0.0018692921148613
2024-11-29 12:15:00,8,0,0,0.0016509711276739
2024-11-29 12:30:00,8,0,0,0.0015359504614025
2024-11-29 12:45:00,8,0,0,0.0015915740514174
2024-11-29 13:00:00,8,0,0,0.0015512756071984
2024-11-29 13:15:00,8,0,0,0.0016584739787504
2024-11-29 13:30:00,8,0,0,0.0015964074991643
2024-11-29 13:45:00,8,0,0,0.0015975033165886
2024-11-29 14:00:00,8,0,0,0.0015996327856555
2024-11-29 14:15:00,8,0,0,0.0015387353487312
2024-11-29 14:30:00,8,0,0,0.0015064649051055
2024-11-29 14:45:00,8,0,0,0.0014223484322428
2024-11-29 15:00:00,8,0,0,0.0014613557141274
2024-11-29 15:15:00,8,0,0,0.0014678671723231
2024-11-29 15:30:00,8,0,0,0.0014293197309598
2024-11-29 15:45:00,8,0,0,0.001423890935257
2024-11-29 16:00:00,8,0,0,0.0014049336314201
2024-11-29 16:15:00,8,0,0,0.0014181946171447
2024-11-29 16:30:00,8,0,0,0.0015143555356189
2024-11-29 16:45:00,8,0,0,0.0015137661248445
2024-11-29 17:00:00,8,0,0,0.0015367269515991
2024-11-29 17:15:00,8,0,0,0.0014283854980021
2024-11-29 17:30:00,8,0,0,0.0014858664944767
2024-11-29 17:45:00,8,0,0,0.001438166713342
2024-11-29 18:00:00,8,0,0,0.0015220324276015
2024-11-29 18:15:00,8,0,0,0.0015957184368744
2024-11-29 18:30:00,8,0,0,0.0014802170917391
2024-11-29 18:45:00,8,0,0,0.0014151446521282
2024-11-29 19:00:00,8,0,0,0.0014917505905032
2024-11-29 19:15:00,8,0,0,0.0014996115351095
2024-11-29 19:30:00,8,0,0,0.0014181645819917
2024-11-29 19:45:00,8,0,0,0.00148857163731
2024-11-29 20:00:00,8,0,0,0.0014458121731877
2024-11-29 20:15:00,8,0,0,0.0014162436127662
2024-11-29 20:30:00,8,0,0,0.0014425301924347
2024-11-29 20:45:00,8,0,0,0.0015294471522793
2024-11-29 21:00:00,8,0,0,0.0013687235768884
2024-11-29 21:15:00,8,0,0,0.0015191164566203
2024-11-29 21:30:00,8,0,0,0.0014595816610381
2024-11-29 21:45:00,8,0,0,0.0014961622655391
2024-11-29 22:00:00,8,0,0,0.0014587654732167
2024-11-29 22:15:00,8,0,0,0.0014335692394524
2024-11-29 22:30:00,8,0,0,0.0014315259177237
2024-11-29 22:45:00,8,0,0,0.0014463159022852
2024-11-29 23:00:00,8,0,0,0.001453167758882
2024-11-29 23:15:00,8,0,0,0.0014414129545912
2024-11-29 23:30:00,8,0,0,0.001341245137155
2024-11-29 23:45:00,8,0,0,0.001373226637952
2024-11-30 00:15:00,8,0,0,0.001506217289716
2024-11-30 00:30:00,8,0,0,0.0015434173401445
2024-11-30 00:45:00,8,0,0,0.0014931715559214
2024-11-30 01:00:00,8,0,0,0.0014110477641224
2024-11-30 01:15:00,8,0,0,0.0014254049165174
2024-11-30 01:30:00,8,0,0,0.0014129467308521
2024-11-30 01:45:00,8,0,0,0.0014853490283712
2024-11-30 02:00:00,8,0,0,0.0014272765256464
2024-11-30 02:15:00,8,0,0,0.0013473798753693
2024-11-30 02:30:00,8,0,0,0.0014082012930884
2024-11-30 02:45:00,8,0,0,0.001405402785167
2024-11-30 03:00:00,8,0,0,0.0013545586261898
2024-11-30 03:15:00,8,0,0,0.0013271867064759
2024-11-30 03:30:00,8,0,0,0.0013916424941271
2024-11-30 03:45:00,8,0,0,0.001329569495283
2024-11-30 04:00:00,8,0,0,0.0013785938499495
2024-11-30 04:15:00,8,0,0,0.0013834467390552
2024-11-30 04:30:00,8,0,0,0.001439701183699
2024-11-30 04:45:00,8,0,0,0.0013267559697851
2024-11-30 05:00:00,8,0,0,0.0013241143897175
2024-11-30 05:15:00,8,0,0,0.0013522710651159
2024-11-30 05:30:00,8,0,0,0.0013179539237171
2024-11-30 05:45:00,8,0,0,0.0013578054495155
2024-11-30 06:00:00,8,0,0,0.001333384308964
2024-11-30 06:15:00,8,0,0,0.00134395994246
2024-11-30 06:30:00,8,0,0,0.0013366831699386
2024-11-30 06:45:00,8,0,0,0.0013549375580623
2024-11-30 07:00:00,8,0,0,0.0014097715029492
2024-11-30 07:15:00,8,0,0,0.0013805443886667
2024-11-30 07:30:00,8,0,0,0.0013501739595085
2024-11-30 07:45:00,8,0,0,0.0013357787393033
2024-11-30 08:00:00,8,0,0,0.0013184631243348
2024-11-30 08:15:00,8,0,0,0.0013379867887124
2024-11-30 08:30:00,8,0,0,0.0013405457139015
2024-11-30 08:45:00,8,0,0,0.0013065766543149
2024-11-30 09:00:00,8,0,0,0.0013194289058446
2024-11-30 09:15:00,8,0,0,0.0013287374749779
2024-11-30 09:30:00,8,0,0,0.0013499150518327
2024-11-30 09:45:00,8,0,0,0.0013793158577755
2024-11-30 10:00:00,8,0,0,0.0013818677980452
2024-11-30 10:15:00,8,0,0,0.0014168736524879
2024-11-30 10:30:00,8,0,0,0.0013895806623622
2024-11-30 10:45:00,8,0,0,0.001523203565739
2024-11-30 11:00:00,8,0,0,0.0014535741647705
2024-11-30 11:15:00,8,0,0,0.0015587507514283
2024-11-30 11:30:00,8,0,0,0.0014419395010918
2024-11-30 11:45:00,8,0,0,0.0014648039359599
2024-11-30 12:00:00,8,0,0,0.0014069488970562
2024-11-30 12:15:00,8,0,0,0.001415008213371
2024-11-30 12:30:00,8,0,0,0.0014249719679355
2024-11-30 12:45:00,8,0,0,0.0015367817832157
2024-11-30 13:00:00,8,0,0,0.0014701901236549
2024-11-30 13:15:00,8,0,0,0.001474074088037
2024-11-30 13:30:00,8,0,0,0.0013258676044642
2024-11-30 13:45:00,8,0,0,0.0013548241695389
2024-11-30 14:00:00,8,0,0,0.0013839481398463
2024-11-30 14:15:00,8,0,0,0.0014312387211248
2024-11-30 14:30:00,8,0,0,0.0014506285078823
2024-11-30 14:45:00,8,0,0,0.0014173262752592
2024-11-30 15:00:00,8,0,0,0.0013518196064978
2024-11-30 15:15:00,8,0,0,0.0013440633192658
2024-11-30 15:30:00,8,0,0,0.0013037306489422
2024-11-30 15:45:00,8,0,0,0.001270503969863
2024-11-30 16:00:00,8,0,0,0.0012672368902713
2024-11-30 16:15:00,8,0,0,0.0013149190926924
2024-11-30 16:30:00,8,0,0,0.0012541650794446
2024-11-30 16:45:00,8,0,0,0.0012823650613427
2024-11-30 17:00:00,8,0,0,0.0012988192029297
2024-11-30 17:15:00,8,0,0,0.0013399648014456
2024-11-30 17:30:00,8,0,0,0.0013211899204179
2024-11-30 17:45:00,8,0,0,0.0012934848200529
2024-11-30 18:00:00,8,0,0,0.0013136423658579
2024-11-30 18:15:00,8,0,0,0.0013041181955486
2024-11-30 18:30:00,8,0,0,0.0013422521296888
2024-11-30 18:45:00,8,0,0,0.0013447330566123
2024-11-30 19:00:00,8,0,0,0.0013795031700283
2024-11-30 19:15:00,8,0,0,0.0013627299340441
2024-11-30 19:30:00,8,0,0,0.0014161262661218
2024-11-30 19:45:00,8,0,0,0.0015460326103493
2024-11-30 20:00:00,8,0,0,0.0016555234324187
2024-11-30 20:15:00,8,0,0,0.0015105038182809
2024-11-30 20:30:00,8,0,0,0.0014830734580755
2024-11-30 20:45:00,8,0,0,0.0015278126811608
2024-11-30 21:00:00,8,0,0,0.0015851914649829
2024-11-30 21:15:00,8,0,0,0.0015665028477087
2024-11-30 21:30:00,8,0,0,0.0015130322426557
2024-11-30 21:45:00,8,0,0,0.0015520261367782
2024-11-30 22:00:00,8,0,0,0.001615842571482
2024-11-30 22:15:00,8,0,0,0.0016689652111381
2024-11-30 22:30:00,8,0,0,0.0016230073524639
2024-11-30 22:45:00,8,0,0,0.0016447816742584
2024-11-30 23:00:00,8,0,0,0.0017022100510075
2024-11-30 23:15:00,8,0,0,0.0017605940811336
2024-11-30 23:30:00,8,0,0,0.0020304825156927
2024-11-30 23:45:00,8,0,0,0.0018138424493372
2024-12-01 00:15:00,8,0,0,0.0017586590256541
2024-12-01 00:30:00,8,0,0,0.0017892469186335
2024-12-01 00:45:00,8,0,0,0.0018043178133666
2024-12-01 01:00:00,8,0,0,0.0019292010692879
2024-12-01 01:15:00,8,0,0,0.0018245483515784
2024-12-01 01:30:00,8,0,0,0.0017068616580218
2024-12-01 01:45:00,8,0,0,0.0018669717246666
2024-12-01 02:00:00,8,0,0,0.0019920920021831
2024-12-01 02:15:00,8,0,0,0.0019920330960303
2024-12-01 02:30:00,8,0,0,0.0017971188062801
2024-12-01 02:45:00,8,0,0,0.0017393720336258
2024-12-01 03:00:00,8,0,0,0.0018318135989829
2024-12-01 03:15:00,8,0,0,0.001795734046027
2024-12-01 03:30:00,8,0,0,0.0017258335137739
2024-12-01 03:45:00,8,0,0,0.0015978857409209
2024-12-01 04:00:00,8,0,0,0.001672648708336
2024-12-01 04:15:00,8,0,0,0.0016052188584581
2024-12-01 04:30:00,8,0,0,0.0017617732519283
2024-12-01 04:45:00,8,0,0,0.0016468187095597
2024-12-01 05:00:00,8,0,0,0.001738911611028
2024-12-01 05:15:00,8,0,0,0.0015576488804072
2024-12-01 05:30:00,8,0,0,0.0016042354982346
2024-12-01 05:45:00,8,0,0,0.0016037557506933
2024-12-01 06:00:00,8,0,0,0.0014325144002214
2024-12-01 06:15:00,8,0,0,0.0015337408985942
2024-12-01 06:30:00,8,0,0,0.0015161067713052
2024-12-01 06:45:00,8,0,0,0.0015424331650137
2024-12-01 07:00:00,8,0,0,0.001548180473037
2024-12-01 07:15:00,8,0,0,0.0015825253212824
2024-12-01 07:30:00,8,0,0,0.0015094871632754
2024-12-01 07:45:00,8,0,0,0.0014906517462804
2024-12-01 08:00:00,8,0,0,0.0018264719983562
2024-12-01 08:15:00,8,0,0,0.001837667892687
2024-12-01 08:30:00,8,0,0,0.0015224303351715
2024-12-01 08:45:00,8,0,0,0.0014036083593964
2024-12-01 09:00:00,8,0,0,0.0013684123987331
2024-12-01 09:15:00,8,0,0,0.00150613556616
2024-12-01 09:30:00,8,0,0,0.0016712669748812
2024-12-01 09:45:00,8,0,0,0.002136819763109
2024-12-01 10:00:00,8,0,0,0.0035619649570435
2024-12-01 10:15:00,8,0,0,0.0039791553281247
2024-12-01 10:30:00,8,0,0,0.0023115314543247
2024-12-01 10:45:00,8,0,0,0.0013089197454974
2024-12-01 11:00:00,8,0,0,0.0012543171178549
2024-12-01 11:15:00,8,0,0,0.0013122691307216
2024-12-01 11:30:00,8,0,0,0.0013289779890328
2024-12-01 11:45:00,8,0,0,0.0013171788305044
2024-12-01 12:00:00,8,0,0,0.0013525437097996
2024-12-01 12:15:00,8,0,0,0.0013520891079679
2024-12-01 12:30:00,8,0,0,0.0013425031211227
2024-12-01 12:45:00,8,0,0,0.0013489691773429
2024-12-01 13:00:00,8,0,0,0.0014364345697686
2024-12-01 13:15:00,8,0,0,0.0017110338667407
2024-12-01 13:30:00,8,0,0,0.0020715107675641
2024-12-01 13:45:00,8,0,0,0.0023667917121201
2024-12-01 14:00:00,8,0,0,0.0021576208528131
2024-12-01 14:15:00,8,0,0,0.001772329211235
2024-12-01 14:30:00,8,0,0,0.0016582693206146
2024-12-01 14:45:00,8,0,0,0.0014882328687235
2024-12-01 15:00:00,8,0,0,0.0014742664061486
2024-12-01 15:15:00,8,0,0,0.0013526558177545
2024-12-01 15:30:00,8,0,0,0.0012931881938129
2024-12-01 15:45:00,8,0,0,0.0013016323791816
2024-12-01 16:00:00,8,0,0,0.0013396664289757
2024-12-01 16:15:00,8,0,0,0.0012735372874885
2024-12-01 16:30:00,8,0,0,0.0012588415993377
2024-12-01 16:45:00,8,0,0,0.0014217314310371
2024-12-01 17:00:00,8,0,0,0.0012494061375036
2024-12-01 17:15:00,8,0,0,0.0012390109477564
2024-12-01 17:30:00,8,0,0,0.0014417052734643
2024-12-01 17:45:00,8,0,0,0.0013332939706742
2024-12-01 18:00:00,8,0,0,0.0013334596296772
2024-12-01 18:15:00,8,0,0,0.0014459869125857
2024-12-01 18:30:00,8,0,0,0.0013807726791128
2024-12-01 18:45:00,8,0,0,0.0012196113821119
2024-12-01 19:00:00,8,0,0,0.0015771504258736
2024-12-01 19:15:00,8,0,0,0.0015594279393553
2024-12-01 19:30:00,8,0,0,0.0023955281358212
2024-12-01 19:45:00,8,0,0,0.0022602523677051
2024-12-01 20:00:00,8,0,0,0.0020610128995031
2024-12-01 20:15:00,8,0,0,0.0019572984892874
2024-12-01 20:30:00,8,0,0,0.0013518371852114
2024-12-01 20:45:00,8,0,0,0.0013201726833358
2024-12-01 21:00:00,8,0,0,0.0013962105149403
2024-12-01 21:15:00,8,0,0,0.0018190825358033
2024-12-01 21:30:00,8,0,0,0.0019244558643549
2024-12-01 21:45:00,8,0,0,0.0023221964947879
2024-12-01 22:00:00,8,0,0,0.0023000659421086
2024-12-01 22:15:00,8,0,0,0.0022644142154604
2024-12-01 22:30:00,8,0,0,0.002115701790899
2024-12-01 22:45:00,8,0,0,0.0017166431061923
2024-12-01 23:00:00,8,0,0,0.0016484970692545
2024-12-01 23:15:00,8,0,0,0.0015759298112243
2024-12-01 23:30:00,8,0,0,0.0014864935074001
2024-12-01 23:45:00,8,0,0,0.0012999972095713
2024-12-02 00:15:00,8,0,0,0.0013508142437785
2024-12-02 00:30:00,8,0,0,0.0013470142148435
2024-12-02 00:45:00,8,0,0,0.0019502019276842
2024-12-02 01:00:00,8,0,0,0.0029263645410537
2024-12-02 01:15:00,8,0,0,0.0094130868092179
2024-12-02 01:30:00,8,0,0,0.4149788320064544
2024-12-02 01:45:00,8,0,0,0.4636179506778717
2024-12-02 02:00:00,8,0,0,0.0944618806242942
2024-12-02 02:15:00,8,0,0,0.0079084420576691
2024-12-02 02:30:00,8,0,0,0.003571268171072
2024-12-02 02:45:00,8,0,0,0.0051879426464438
2024-12-02 03:00:00,8,0,0,0.0037929674144834
2024-12-02 03:15:00,8,0,0,0.0051285848021507
2024-12-02 03:30:00,8,0,0,0.0038778714369982
2024-12-02 03:45:00,8,0,0,0.0022482920903712
2024-12-02 04:00:00,8,0,0,0.0015649086562916
2024-12-02 04:15:00,8,0,0,0.0015419225674122
2024-12-02 04:30:00,8,0,0,0.0015813785139471
2024-12-02 04:45:00,8,0,0,0.0016032747225835
2024-12-02 05:00:00,8,0,0,0.0019365987973287
2024-12-02 05:15:00,8,0,0,0.0023338855244219
2024-12-02 05:30:00,8,0,0,0.0028345827013254
2024-12-02 05:45:00,8,0,0,0.0111655015498399
2024-12-02 06:00:00,8,0,0,0.0043238732032477
2024-12-02 06:15:00,8,0,0,0.0205747820436954
2024-12-02 06:30:00,8,0,0,0.4417210817337036
2024-12-02 06:45:00,8,0,1,0.563433051109314
2024-12-02 07:00:00,8,0,1,0.5194473266601562
2024-12-02 07:15:00,8,0,0,0.301221638917923
2024-12-02 07:30:00,8,0,0,0.2070469409227371
2024-12-02 07:45:00,8,0,0,0.2910209596157074
2024-12-02 08:00:00,8,0,0,0.2896270155906677
2024-12-02 08:15:00,8,0,0,0.4741517901420593
2024-12-02 08:30:00,8,0,1,0.5338634252548218
2024-12-02 08:45:00,8,0,0,0.4872596561908722
2024-12-02 09:00:00,8,0,0,0.3259192407131195
2024-12-02 09:15:00,8,0,0,0.0963099598884582
2024-12-02 09:30:00,8,0,0,0.0130203915759921
2024-12-02 09:45:00,8,0,0,0.0056135887280106
2024-12-02 10:00:00,8,0,0,0.0044444580562412
2024-12-02 10:15:00,8,0,0,0.0051357354968786
2024-12-02 10:30:00,8,0,0,0.0058620786294341
2024-12-02 10:45:00,8,0,0,0.0044086384586989
2024-12-02 11:00:00,8,0,0,0.0058971885591745
2024-12-02 11:15:00,8,0,0,0.2601296901702881
2024-12-02 11:30:00,8,0,0,0.1202459931373596
2024-12-02 11:45:00,8,0,0,0.0116742579266428
2024-12-02 12:00:00,8,0,0,0.017573058605194
2024-12-02 12:15:00,8,0,0,0.1312648952007293
2024-12-02 12:30:00,8,0,0,0.4133427441120147
2024-12-02 12:45:00,8,0,0,0.326179027557373
2024-12-02 13:00:00,8,1,0,0.238043799996376
2024-12-02 13:15:00,8,1,0,0.2018855512142181
2024-12-02 13:30:00,8,0,0,0.0071973600424826
2024-12-02 13:45:00,8,0,0,0.0031881688628345
2024-12-02 14:00:00,8,0,0,0.0035245469771325
2024-12-02 14:15:00,8,0,0,0.003229510737583
2024-12-02 14:30:00,8,0,0,0.003492826828733
2024-12-02 14:45:00,8,0,0,0.002311764517799
2024-12-02 15:00:00,8,0,0,0.0083462884649634
2024-12-02 15:15:00,8,0,0,0.003587911138311
2024-12-02 15:30:00,8,0,0,0.0025320157874375
2024-12-02 15:45:00,8,0,0,0.002833197126165
2024-12-02 16:00:00,8,0,0,0.0054116356186568
2024-12-02 16:15:00,8,0,0,0.0062000397592782
2024-12-02 16:30:00,8,0,0,0.0042376047931611
2024-12-02 16:45:00,8,0,0,0.0031668895389884
2024-12-02 17:00:00,8,0,0,0.0039709876291453
2024-12-02 17:15:00,8,0,0,0.0018784867133945
2024-12-02 17:30:00,8,0,0,0.0020089698955416
2024-12-02 17:45:00,8,0,0,0.0027955402620136
2024-12-02 18:00:00,8,0,0,0.0040922323241829
2024-12-02 18:15:00,8,0,0,0.0047505875118076
2024-12-02 18:30:00,8,0,0,0.0046967966482043
2024-12-02 18:45:00,8,0,0,0.0051454766653478
2024-12-02 19:00:00,8,0,0,0.0081524467095732
2024-12-02 19:15:00,8,0,0,0.0170590709894895
2024-12-02 19:30:00,8,0,0,0.0152894239872694
2024-12-02 19:45:00,8,0,0,0.1182343363761901
2024-12-02 20:00:00,8,0,0,0.1280295848846435
2024-12-02 20:15:00,8,0,0,0.0961250215768814
2024-12-02 20:30:00,8,0,0,0.1294365227222442
2024-12-02 20:45:00,8,0,0,0.3747336566448211
2024-12-02 21:00:00,8,0,0,0.4507082998752594
2024-12-02 21:15:00,8,0,0,0.4218544065952301
2024-12-02 21:30:00,8,0,0,0.4560195207595825
2024-12-02 21:45:00,8,0,1,0.5241895318031311
2024-12-02 22:00:00,8,1,1,0.5911806225776672
2024-12-02 22:15:00,8,0,1,0.5931752920150757
2024-12-02 22:30:00,8,1,1,0.5968115925788879
2024-12-02 22:45:00,8,1,1,0.7638068199157715
2024-12-02 23:00:00,8,1,1,0.7794906497001648
2024-12-02 23:15:00,8,1,1,0.784464955329895
2024-12-02 23:30:00,8,1,1,0.8125742673873901
2024-12-02 23:45:00,8,0,1,0.8345699310302734
2024-12-03 01:00:00,9,1,1,0.7836989760398865
2024-12-03 01:15:00,9,1,1,0.7080539464950562
2024-12-03 01:30:00,9,1,1,0.5211538076400757
2024-12-03 01:45:00,9,0,1,0.5959060192108154
2024-12-03 02:00:00,9,0,1,0.646575391292572
2024-12-03 02:15:00,9,1,1,0.8608115911483765
2024-12-03 02:30:00,9,1,1,0.8547691702842712
2024-12-03 02:45:00,9,1,1,0.849007785320282
2024-12-03 03:00:00,9,1,1,0.827307939529419
2024-12-03 03:15:00,9,0,1,0.7853424549102783
2024-12-03 03:30:00,9,0,1,0.7598217129707336
2024-12-03 03:45:00,9,1,1,0.6841750144958496
2024-12-03 04:00:00,9,1,1,0.5237794518470764
2024-12-03 04:15:00,9,1,1,0.5512639284133911
2024-12-03 04:30:00,9,1,1,0.6816737055778503
2024-12-03 04:45:00,9,1,1,0.496742695569992
2024-12-03 05:00:00,9,1,1,0.7243671417236328
2024-12-03 05:15:00,9,0,1,0.7523836493492126
2024-12-03 05:30:00,9,1,1,0.6807863712310791
2024-12-03 05:45:00,9,1,1,0.7336441874504089
2024-12-03 06:00:00,9,1,1,0.6941797733306885
2024-12-03 06:15:00,9,1,1,0.608588695526123
2024-12-03 06:30:00,9,1,1,0.629813551902771
2024-12-03 06:45:00,9,1,1,0.6918840408325195
2024-12-03 07:00:00,9,1,1,0.777764618396759
2024-12-03 07:15:00,9,1,1,0.7265803813934326
2024-12-03 07:30:00,9,1,0,0.3894370794296264
2024-12-03 07:45:00,9,1,1,0.5518515110015869
2024-12-03 08:00:00,9,0,0,0.2320885062217712
2024-12-03 08:15:00,9,0,0,0.0711836442351341
2024-12-03 08:30:00,9,0,0,0.0463497973978519
2024-12-03 08:45:00,9,0,0,0.0406907759606838
2024-12-03 09:00:00,9,0,0,0.0074190273880958
2024-12-03 09:15:00,9,0,0,0.0032244157046079
2024-12-03 10:45:00,9,0,0,0.0019453060813248
2024-12-03 11:00:00,9,0,0,0.0008410251466557
2024-12-03 11:15:00,9,0,0,0.0007074842578731
2024-12-03 11:30:00,9,0,0,0.0005170982331037
2024-12-03 11:45:00,9,0,0,0.0006333494093269
2024-12-03 12:00:00,9,0,0,0.0005132037913426
2024-12-03 12:15:00,9,0,0,0.0004961398662999
2024-12-03 12:30:00,9,0,0,0.0009246545960195
2024-12-03 12:45:00,9,0,0,0.0008176763658411
2024-12-03 13:00:00,9,0,0,0.0007614952046424
2024-12-03 13:15:00,9,0,0,0.0018407144816592
2024-12-03 13:30:00,9,0,0,0.0025360963772982
2024-12-03 13:45:00,9,0,0,0.00444689206779
2024-12-03 14:00:00,9,0,0,0.056654255837202
2024-12-03 14:15:00,9,0,0,0.019954515621066
2024-12-03 14:30:00,9,0,0,0.0083563635125756
2024-12-03 14:45:00,9,0,0,0.0104221571236848
2024-12-03 15:00:00,9,0,0,0.022307937964797
2024-12-03 15:15:00,9,0,0,0.2499298155307769
2024-12-03 15:30:00,9,0,0,0.409901887178421
2024-12-03 15:45:00,9,0,1,0.5862599015235901
2024-12-03 16:00:00,9,0,1,0.6274892687797546
2024-12-03 16:15:00,9,0,0,0.4549887776374817
2024-12-03 16:30:00,9,0,1,0.4829285442829132
2024-12-03 16:45:00,9,0,0,0.4788903594017029
2024-12-03 17:00:00,9,0,1,0.5216407775878906
2024-12-03 17:15:00,9,0,0,0.4667317569255829
2024-12-03 17:30:00,9,0,1,0.5707448720932007
2024-12-03 17:45:00,9,0,0,0.3785396814346313
2024-12-03 18:00:00,9,0,0,0.4349627494812011
2024-12-03 18:15:00,9,0,0,0.4440731704235077
2024-12-03 18:30:00,9,0,0,0.4017257988452911
2024-12-03 18:45:00,9,0,0,0.4261258840560913
2024-12-03 19:00:00,9,0,1,0.6193816065788269
2024-12-03 19:15:00,9,0,1,0.7693578004837036
2024-12-03 19:30:00,9,0,1,0.7591056823730469
2024-12-03 19:45:00,9,0,1,0.7693076729774475
2024-12-03 20:00:00,9,0,1,0.5582464933395386
2024-12-03 20:15:00,9,0,1,0.5580911636352539
2024-12-03 20:30:00,9,0,1,0.6128233671188354
2024-12-03 20:45:00,9,0,1,0.5219603180885315
2024-12-03 21:00:00,9,0,1,0.5611069798469543
2024-12-03 21:15:00,9,0,1,0.5218775868415833
2024-12-03 21:30:00,9,0,1,0.5240558385848999
2024-12-03 21:45:00,9,0,0,0.1602761298418045
2024-12-03 22:00:00,9,0,0,0.0266541521996259
2024-12-03 22:15:00,9,0,0,0.0102145541459321
2024-12-03 22:30:00,9,0,0,0.0037729190662503
2024-12-03 22:45:00,9,0,0,0.290007472038269
2024-12-03 23:00:00,9,0,1,0.5078242421150208
2024-12-03 23:15:00,9,0,0,0.096430093050003
2024-12-03 23:30:00,9,0,0,0.0074632251635193
2024-12-03 23:45:00,9,0,0,0.001607051002793
2024-12-04 00:15:00,9,0,0,0.256596177816391
2024-12-04 00:30:00,9,0,0,0.0406959354877471
2024-12-04 00:45:00,9,0,0,0.0020504549611359
2024-12-04 01:00:00,9,0,0,0.0010493678273633
2024-12-04 01:15:00,9,0,0,0.0009056687704287
2024-12-04 01:30:00,9,0,0,0.0018724786350503
2024-12-04 01:45:00,9,0,0,0.3391341269016266
2024-12-04 02:00:00,9,0,1,0.4436152279376983
2024-12-04 02:15:00,9,0,0,0.3053677678108215
2024-12-04 02:30:00,9,0,0,0.2192001491785049
2024-12-04 02:45:00,9,0,0,0.0601888075470924
2024-12-04 03:00:00,9,0,0,0.0032339978497475
2024-12-04 03:15:00,9,0,0,0.0071567283011972
2024-12-04 03:30:00,9,0,0,0.284234881401062
2024-12-04 03:45:00,9,0,0,0.3468287587165832
2024-12-04 04:00:00,9,0,0,0.3391126990318298
2024-12-04 04:15:00,9,0,0,0.1659936755895614
2024-12-04 04:30:00,9,0,0,0.2519105076789856
2024-12-04 04:45:00,9,0,0,0.3988525867462158
2024-12-04 05:00:00,9,0,0,0.0970346182584762
2024-12-04 05:15:00,9,0,0,0.0090028243139386
2024-12-04 05:30:00,9,0,0,0.0080379610881209
2024-12-04 05:45:00,9,0,0,0.0717485696077346
2024-12-04 06:00:00,9,0,0,0.087246797978878
2024-12-04 06:15:00,9,0,0,0.2883316576480865
2024-12-04 06:30:00,9,0,0,0.2894515991210937
2024-12-04 06:45:00,9,0,0,0.2711033523082733
2024-12-04 07:00:00,9,0,0,0.1634463965892791
2024-12-04 07:15:00,9,0,0,0.0425851941108703
2024-12-04 07:30:00,9,0,0,0.0460341535508632
2024-12-04 07:45:00,9,0,0,0.0265315808355808
2024-12-04 08:00:00,9,0,0,0.048883106559515
2024-12-04 08:15:00,9,0,0,0.0277598109096288
2024-12-04 08:30:00,9,0,0,0.0623442493379116
2024-12-04 08:45:00,9,0,0,0.2126707136631012
2024-12-04 09:00:00,9,0,0,0.2409321516752243
2024-12-04 09:15:00,9,0,0,0.0499148108065128
2024-12-04 09:30:00,9,0,0,0.0023650825023651
2024-12-04 09:45:00,9,0,0,0.0013318180572241
2024-12-04 10:00:00,9,0,0,0.0039556841365993
2024-12-04 10:15:00,9,0,0,0.0012348341988399
2024-12-04 10:30:00,9,0,0,0.0009319332893937
2024-12-04 10:45:00,9,0,0,0.0006188387633301
2024-12-04 11:00:00,9,0,0,0.0006402342696674
2024-12-04 11:15:00,9,0,0,0.0008200543234124
2024-12-04 11:30:00,9,0,0,0.0010242833523079
2024-12-04 11:45:00,9,0,0,0.0013013613643124
2024-12-04 12:00:00,9,0,0,0.0007268538465723
2024-12-04 12:15:00,9,0,0,0.0004827972443308
2024-12-04 12:30:00,9,0,0,0.0006064396584406
2024-12-04 12:45:00,9,0,0,0.0006221582880243
2024-12-04 13:00:00,9,0,0,0.0004342675383668
2024-12-04 13:15:00,9,0,0,0.0004938427591696
2024-12-04 13:30:00,9,0,0,0.0005643007461912
2024-12-04 13:45:00,9,0,0,0.0005203268956393
2024-12-04 14:00:00,9,0,0,0.000552004086785
2024-12-04 14:15:00,9,0,0,0.0005179410218261
2024-12-04 14:30:00,9,0,0,0.0006475286791101
2024-12-04 14:45:00,9,0,0,0.0006318711675703
2024-12-04 15:00:00,9,0,0,0.0004471811698749
2024-12-04 15:15:00,9,0,0,0.0004791183455381
2024-12-04 15:30:00,9,0,0,0.0006073919939808
2024-12-04 15:45:00,9,0,0,0.0006443940219469
2024-12-04 16:00:00,9,0,0,0.0009063710458576
2024-12-04 16:15:00,9,0,0,0.0007611710461787
2024-12-04 16:30:00,9,0,0,0.0005511141498573
2024-12-04 16:45:00,9,0,0,0.0005432643229141
2024-12-04 17:00:00,9,0,0,0.0004348432412371
2024-12-04 17:15:00,9,0,0,0.0004502791562117
2024-12-04 17:30:00,9,0,0,0.0004205681034363
2024-12-04 17:45:00,9,0,0,0.0003790904593188
2024-12-04 18:00:00,9,0,0,0.0003959180612582
2024-12-04 18:15:00,9,0,0,0.0003991728590335
2024-12-04 18:30:00,9,0,0,0.0003732898621819
2024-12-04 18:45:00,9,0,0,0.000417517410824
2024-12-04 19:00:00,9,0,0,0.0003559719480108
2024-12-04 19:15:00,9,0,0,0.0003509185044094
2024-12-04 19:30:00,9,0,0,0.0003713657788466
2024-12-04 19:45:00,9,0,0,0.0003942078619729
2024-12-04 20:00:00,9,0,0,0.0003965864598285
2024-12-04 20:15:00,9,0,0,0.0003662863455247
2024-12-04 20:30:00,9,0,0,0.0003649469290394
2024-12-04 20:45:00,9,0,0,0.000356982985977
2024-12-04 21:00:00,9,0,0,0.0003589836123865
2024-12-04 21:15:00,9,0,0,0.0003739890526048
2024-12-04 21:30:00,9,0,0,0.0003670243895612
2024-12-04 21:45:00,9,0,0,0.0003569978580344
2024-12-04 22:00:00,9,0,0,0.0003602648503147
2024-12-04 22:15:00,9,0,0,0.0003526171203702
2024-12-04 22:30:00,9,0,0,0.0003483637119643
2024-12-04 22:45:00,9,0,0,0.000349548907252
2024-12-04 23:00:00,9,0,0,0.0003533575800247
2024-12-04 23:15:00,9,0,0,0.000342267594533
2024-12-04 23:30:00,9,0,0,0.0003429894859436
2024-12-04 23:45:00,9,0,0,0.0003622347430791
2024-12-05 00:15:00,9,0,0,0.0003507730434648
2024-12-05 00:30:00,9,0,0,0.0003528515517245
2024-12-05 00:45:00,9,0,0,0.0003671890590339
2024-12-05 01:00:00,9,0,0,0.0003996591258328
2024-12-05 01:15:00,9,0,0,0.0003679839719552
2024-12-05 01:30:00,9,0,0,0.000358258606866
2024-12-05 01:45:00,9,0,0,0.0003471432137303
2024-12-05 02:00:00,9,0,0,0.0003768604365177
2024-12-05 02:15:00,9,0,0,0.000411524932133
2024-12-05 02:30:00,9,0,0,0.0004166570142842
2024-12-05 02:45:00,9,0,0,0.0004014144360553
2024-12-05 03:00:00,9,0,0,0.0003850921348202
2024-12-05 03:15:00,9,0,0,0.0003741826803889
2024-12-05 03:30:00,9,0,0,0.0003748141461983
2024-12-05 03:45:00,9,0,0,0.000378888886189
2024-12-05 04:00:00,9,0,0,0.0003768946917261
2024-12-05 04:15:00,9,0,0,0.0004027654940728
2024-12-05 04:30:00,9,0,0,0.0004021916829515
2024-12-05 04:45:00,9,0,0,0.0004118119250051
2024-12-05 05:00:00,9,0,0,0.0004037028993479
2024-12-05 05:15:00,9,0,0,0.0004259478591848
2024-12-05 05:30:00,9,0,0,0.000445662997663
2024-12-05 05:45:00,9,0,0,0.0004824703210033
2024-12-05 06:00:00,9,0,0,0.0006558678578585
2024-12-05 06:15:00,9,0,0,0.0779663249850273
2024-12-05 06:30:00,9,0,0,0.4115976691246032
2024-12-05 06:45:00,9,0,0,0.4658399224281311
2024-12-05 07:00:00,9,0,1,0.5527727007865906
2024-12-05 07:15:00,9,0,1,0.5711621046066284
2024-12-05 07:30:00,9,0,1,0.5365867018699646
2024-12-05 07:45:00,9,0,1,0.5635470747947693
2024-12-05 08:00:00,9,1,1,0.5856621861457825
2024-12-05 08:15:00,9,1,1,0.5523427128791809
2024-12-05 08:30:00,9,1,1,0.6513408422470093
2024-12-05 08:45:00,9,1,1,0.6937545537948608
2024-12-05 09:00:00,9,1,1,0.5093031525611877
2024-12-05 09:15:00,9,1,0,0.32309690117836
2024-12-05 09:30:00,9,1,0,0.4263786971569061
2024-12-05 09:45:00,9,1,1,0.5068509578704834
2024-12-05 10:00:00,9,1,0,0.4838789105415344
2024-12-05 10:15:00,9,0,0,0.4958169758319855
2024-12-05 10:30:00,9,0,0,0.0195332951843738
2024-12-05 10:45:00,9,0,0,0.0042049451731145
2024-12-05 11:00:00,9,0,0,0.0035673480015248
2024-12-05 11:15:00,9,0,0,0.002279823180288
2024-12-05 11:30:00,9,0,0,0.0015458851121366
2024-12-05 11:45:00,9,0,0,0.0006762336706742
2024-12-05 12:00:00,9,0,0,0.0005110342171974
2024-12-05 12:15:00,9,0,0,0.0005032193730585
2024-12-05 12:30:00,9,0,0,0.0005644778721034
2024-12-05 12:45:00,9,0,0,0.0006666948320344
2024-12-05 13:00:00,9,0,0,0.0012886933982372
2024-12-05 13:15:00,9,0,0,0.0012866671895608
2024-12-05 13:30:00,9,0,0,0.0010188556043431
2024-12-05 13:45:00,9,0,0,0.0009331597830168
2024-12-05 14:00:00,9,0,0,0.0008900696993805
2024-12-05 14:15:00,9,0,0,0.0010170332388952
2024-12-05 14:30:00,9,0,0,0.0007588441367261
2024-12-05 14:45:00,9,0,0,0.000699135416653
2024-12-05 15:00:00,9,0,0,0.0006268769502639
2024-12-05 15:15:00,9,0,0,0.0005856028292328
2024-12-05 15:30:00,9,0,0,0.0005095720989629
2024-12-05 15:45:00,9,0,0,0.0005041460390202
2024-12-05 16:00:00,9,0,0,0.0004141893004998
2024-12-05 16:15:00,9,0,0,0.0004945764667354
2024-12-05 16:30:00,9,0,0,0.00058575195726
2024-12-05 16:45:00,9,0,0,0.0072231721132993
2024-12-05 17:00:00,9,0,0,0.0103357024490833
2024-12-05 17:15:00,9,0,0,0.0568429082632064
2024-12-05 17:30:00,9,0,0,0.0473938398063182
2024-12-05 17:45:00,9,0,0,0.0753237232565879
2024-12-05 18:00:00,9,0,0,0.0685003399848938
2024-12-05 18:15:00,9,0,0,0.0416367910802364
2024-12-05 18:30:00,9,0,0,0.0862031802535057
2024-12-05 18:45:00,9,0,0,0.0132368551567196
2024-12-05 19:00:00,9,0,0,0.0080845039337873
2024-12-05 19:15:00,9,0,0,0.005746538285166
2024-12-05 19:30:00,9,0,0,0.0048388689756393
2024-12-05 19:45:00,9,0,0,0.0035168770700693
2024-12-05 20:00:00,9,0,0,0.0029302225448191
2024-12-05 20:15:00,9,0,0,0.0026701129972934
2024-12-05 20:30:00,9,0,0,0.0022603280376642
2024-12-05 20:45:00,9,0,0,0.0023502674885094
2024-12-05 21:00:00,9,0,0,0.0034761317074298
2024-12-05 21:15:00,9,0,0,0.0066377273760735
2024-12-05 21:30:00,9,0,0,0.0027476516552269
2024-12-05 21:45:00,9,0,0,0.003381323069334
2024-12-05 22:00:00,9,0,0,0.0024437664542347
2024-12-05 22:15:00,9,0,0,0.0023880945518612
2024-12-05 22:30:00,9,0,0,0.0024406632874161
2024-12-05 22:45:00,9,0,0,0.0033589934464544
2024-12-05 23:00:00,9,0,0,0.0031712963245809
2024-12-05 23:15:00,9,0,0,0.002470573876053
2024-12-05 23:30:00,9,0,0,0.002015134319663
2024-12-05 23:45:00,9,0,0,0.0020953186322003
2024-12-06 00:15:00,9,0,0,0.0021652479190379
2024-12-06 00:30:00,9,0,0,0.0020225413609296
2024-12-06 00:45:00,9,0,0,0.0013957188930362
2024-12-06 01:00:00,9,0,0,0.0010228591272607
2024-12-06 01:15:00,9,0,0,0.0011651897802948
2024-12-06 01:30:00,9,0,0,0.0022532483562827
2024-12-06 01:45:00,9,0,0,0.0010814289562404
2024-12-06 02:00:00,9,0,0,0.00086402206216
2024-12-06 02:15:00,9,0,0,0.0011600676225498
2024-12-06 02:30:00,9,0,0,0.0011196890845894
2024-12-06 02:45:00,9,0,0,0.0015037767589092
2024-12-06 03:00:00,9,0,0,0.0021022614091634
2024-12-06 03:15:00,9,0,0,0.0018869837513193
2024-12-06 03:30:00,9,0,0,0.0020661666058003
2024-12-06 03:45:00,9,0,0,0.0018725075060501
2024-12-06 04:00:00,9,0,0,0.0016521292272955
2024-12-06 04:15:00,9,0,0,0.0011411047307774
2024-12-06 04:30:00,9,0,0,0.0012681386433541
2024-12-06 04:45:00,9,0,0,0.0013612300390377
2024-12-06 05:00:00,9,0,0,0.0016355281695723
2024-12-06 05:15:00,9,0,0,0.0013624739367514
2024-12-06 05:30:00,9,0,0,0.0013901786878705
2024-12-06 05:45:00,9,0,0,0.0013212582562118
2024-12-06 06:00:00,9,0,0,0.0012310849269852
2024-12-06 06:15:00,9,0,0,0.0014589339261874
2024-12-06 06:30:00,9,0,0,0.0011793496087193
2024-12-06 06:45:00,9,0,0,0.0012721549719572
2024-12-06 07:00:00,9,0,0,0.0028210983145982
2024-12-06 07:15:00,9,0,0,0.0016837533330544
2024-12-06 07:30:00,9,0,0,0.0747735053300857
2024-12-06 07:45:00,9,1,0,0.0071292668581008
2024-12-06 08:00:00,9,0,0,0.0052870293147861
2024-12-06 08:15:00,9,0,0,0.0027578279841691
2024-12-06 08:30:00,9,1,0,0.0024266687687486
2024-12-06 08:45:00,9,0,0,0.3997803628444671
2024-12-06 09:00:00,9,0,0,0.4247520565986633
2024-12-06 09:15:00,9,0,1,0.5797220468521118
2024-12-06 09:30:00,9,0,1,0.5418209433555603
2024-12-06 09:45:00,9,0,0,0.2467294186353683
2024-12-06 10:00:00,9,0,0,0.0259425807744264
2024-12-06 10:15:00,9,0,0,0.176264688372612
2024-12-06 10:30:00,9,0,0,0.3330497443675995
2024-12-06 10:45:00,9,0,1,0.6389512419700623
2024-12-06 11:00:00,9,0,0,0.2978758513927459
2024-12-06 11:15:00,9,0,0,0.2477699071168899
2024-12-06 11:30:00,9,0,0,0.0813068002462387
2024-12-06 11:45:00,9,0,0,0.4286025166511535
2024-12-06 12:00:00,9,0,0,0.2312702983617782
2024-12-06 12:15:00,9,0,0,0.0032870029099285
2024-12-06 12:30:00,9,0,0,0.0024602592457085
2024-12-06 12:45:00,9,0,0,0.0016833211993798
2024-12-06 13:00:00,9,0,0,0.0014507059240713
2024-12-06 13:15:00,9,0,0,0.0011756593594327
2024-12-06 13:30:00,9,0,0,0.0007687489851377
2024-12-06 13:45:00,9,0,0,0.0006750576430931
2024-12-06 14:00:00,9,0,0,0.0007034445297904
2024-12-06 14:15:00,9,0,0,0.0005649529048241
2024-12-06 14:30:00,9,0,0,0.0005625510821118
2024-12-06 14:45:00,9,0,0,0.0006903264438733
2024-12-06 15:00:00,9,0,0,0.0008548942278139
2024-12-06 15:15:00,9,0,0,0.000689962238539
2024-12-06 15:30:00,9,0,0,0.0007731281802989
2024-12-06 15:45:00,9,0,0,0.0006570341647602
2024-12-06 16:00:00,9,0,0,0.0004647761816158
2024-12-06 16:15:00,9,0,0,0.0005325272795744
2024-12-06 16:30:00,9,0,0,0.000633219780866
2024-12-06 16:45:00,9,0,0,0.0005861392710357
2024-12-06 17:00:00,9,0,0,0.0004535318003036
2024-12-06 17:15:00,9,0,0,0.0004062715161126
2024-12-06 17:30:00,9,0,0,0.0003899820731021
2024-12-06 17:45:00,9,0,0,0.000364889652701
2024-12-06 18:00:00,9,0,0,0.0003718235529959
2024-12-06 18:15:00,9,0,0,0.0003498953883536
2024-12-06 18:30:00,9,0,0,0.0003482721513137
2024-12-06 18:45:00,9,0,0,0.0003530859248712
2024-12-06 19:00:00,9,0,0,0.0003599282354116
2024-12-06 19:15:00,9,0,0,0.0003586107923183
2024-12-06 19:30:00,9,0,0,0.0003947732038795
2024-12-06 19:45:00,9,0,0,0.0004391824477352
2024-12-06 20:00:00,9,0,0,0.0004197729576844
2024-12-06 20:15:00,9,0,0,0.0004143351106904
2024-12-06 20:30:00,9,0,0,0.0004781700845342
2024-12-06 20:45:00,9,0,0,0.0004735764523502
2024-12-06 21:00:00,9,0,0,0.0003776458615902
2024-12-06 21:15:00,9,0,0,0.0003828177868854
2024-12-06 21:30:00,9,0,0,0.0003948455268982
2024-12-06 21:45:00,9,0,0,0.0003635751199908
2024-12-06 22:00:00,9,0,0,0.0003900598094332
2024-12-06 22:15:00,9,0,0,0.0003471203090157
2024-12-06 22:30:00,9,0,0,0.0003456720151007
2024-12-06 22:45:00,9,0,0,0.0003384235023986
2024-12-06 23:00:00,9,0,0,0.00034192649764
2024-12-06 23:15:00,9,0,0,0.0003502964391373
2024-12-06 23:30:00,9,0,0,0.0003532175032887
2024-12-06 23:45:00,9,0,0,0.0003549628017935
2024-12-07 00:15:00,9,0,0,0.0003703123657032
2024-12-07 00:30:00,9,0,0,0.0003782728454098
2024-12-07 00:45:00,9,0,0,0.0004141294048167
2024-12-07 01:00:00,9,0,0,0.0004900480853393
2024-12-07 01:15:00,9,0,0,0.0004338827275205
2024-12-07 01:30:00,9,0,0,0.0005076981615275
2024-12-07 01:45:00,9,0,0,0.0005947924801148
2024-12-07 02:00:00,9,0,0,0.0006695694755762
2024-12-07 02:15:00,9,0,0,0.0006869857897982
2024-12-07 02:30:00,9,0,0,0.0007552102324552
2024-12-07 02:45:00,9,0,0,0.0007787883514538
2024-12-07 03:00:00,9,0,0,0.0010909668635576
2024-12-07 03:15:00,9,0,0,0.001100794179365
2024-12-07 03:30:00,9,0,0,0.0011444601695984
2024-12-07 03:45:00,9,0,0,0.0010612156474962
2024-12-07 04:00:00,9,0,0,0.0008337218896485
2024-12-07 04:15:00,9,0,0,0.0007574121118523
2024-12-07 04:30:00,9,0,0,0.0007647753227502
2024-12-07 04:45:00,9,0,0,0.0007895890157669
2024-12-07 05:00:00,9,0,0,0.0011092741042375
2024-12-07 05:15:00,9,0,0,0.0021943773608654
2024-12-07 05:30:00,9,0,0,0.002102937316522
2024-12-07 05:45:00,9,0,0,0.0016054405132308
2024-12-07 06:00:00,9,0,0,0.0066199507564306
2024-12-07 06:15:00,9,0,0,0.0036962865851819
2024-12-07 06:30:00,9,0,0,0.0024687370751053
2024-12-07 06:45:00,9,0,0,0.0020172512158751
2024-12-07 07:00:00,9,0,0,0.0019781314767897
2024-12-07 07:15:00,9,0,0,0.0020590987987816
2024-12-07 07:30:00,9,0,0,0.0016090263379737
2024-12-07 07:45:00,9,0,0,0.0015966473147273
2024-12-07 08:00:00,9,0,0,0.0014592248480767
2024-12-07 08:15:00,9,0,0,0.0016718178521841
2024-12-07 08:30:00,9,0,0,0.0017356575699523
2024-12-07 08:45:00,9,0,0,0.0017136479727923
2024-12-07 09:00:00,9,0,0,0.0013980290386825
2024-12-07 09:15:00,9,0,0,0.0011086992453783
2024-12-07 09:30:00,9,0,0,0.0010556997731328
2024-12-07 09:45:00,9,0,0,0.0010672420030459
2024-12-07 10:00:00,9,0,0,0.0010606601135805
2024-12-07 10:15:00,9,0,0,0.0010202496778219
2024-12-07 10:30:00,9,0,0,0.0006981901824474
2024-12-07 10:45:00,9,0,0,0.0007826658547855
2024-12-07 11:00:00,9,0,0,0.0005715722218155
2024-12-07 11:15:00,9,0,0,0.0005754815647378
2024-12-07 11:30:00,9,0,0,0.00054880278185
2024-12-07 11:45:00,9,0,0,0.0004621485422831
2024-12-07 12:00:00,9,0,0,0.0004877301689703
2024-12-07 12:15:00,9,0,0,0.0005077001987956
2024-12-07 12:30:00,9,0,0,0.0005252340924926
2024-12-07 12:45:00,9,0,0,0.0004285862087272
2024-12-07 13:00:00,9,0,0,0.0004242515133228
2024-12-07 13:15:00,9,0,0,0.0004445542581379
2024-12-07 13:30:00,9,0,0,0.0004120652156416
2024-12-07 13:45:00,9,0,0,0.0004771063104271
2024-12-07 14:00:00,9,0,0,0.0004440413322299
2024-12-07 14:15:00,9,0,0,0.0004232490027789
2024-12-07 14:30:00,9,0,0,0.0005281889461912
2024-12-07 14:45:00,9,0,0,0.0005821801023557
2024-12-07 15:00:00,9,0,0,0.0005882819532416
2024-12-07 15:15:00,9,0,0,0.0005835444899275
2024-12-07 15:30:00,9,0,0,0.0005630226223729
2024-12-07 15:45:00,9,0,0,0.0005669737001881
2024-12-07 16:00:00,9,0,0,0.0004563979455269
2024-12-07 16:15:00,9,0,0,0.0004553493345156
2024-12-07 16:30:00,9,0,0,0.0004400342295411
2024-12-07 16:45:00,9,0,0,0.0004422832571435
2024-12-07 17:00:00,9,0,0,0.0004489912826102
2024-12-07 17:15:00,9,0,0,0.0004740594886243
2024-12-07 17:30:00,9,0,0,0.0004946768749505
2024-12-07 17:45:00,9,0,0,0.0005010301829315
2024-12-07 18:00:00,9,0,0,0.0004680417769122
2024-12-07 18:15:00,9,0,0,0.0004819523601327
2024-12-07 18:30:00,9,0,0,0.0005088422913104
2024-12-07 18:45:00,9,0,0,0.0006115082651376
2024-12-07 19:00:00,9,0,0,0.0005906809237785
2024-12-07 19:15:00,9,0,0,0.0006313907797448
2024-12-07 19:30:00,9,0,0,0.0006866157636977
2024-12-07 19:45:00,9,0,0,0.0007119079818949
2024-12-07 20:00:00,9,0,0,0.0006371485069394
2024-12-07 20:15:00,9,0,0,0.0006439131684601
2024-12-07 20:30:00,9,0,0,0.0006179633783176
2024-12-07 20:45:00,9,0,0,0.0006476670969277
2024-12-07 21:00:00,9,0,0,0.0006373532232828
2024-12-07 21:15:00,9,0,0,0.0006993167335167
2024-12-07 21:30:00,9,0,0,0.0007012215792201
2024-12-07 21:45:00,9,0,0,0.0006467496859841
2024-12-07 22:00:00,9,0,0,0.0006405820604413
2024-12-07 22:15:00,9,0,0,0.0005992970545776
2024-12-07 22:30:00,9,0,0,0.0006347524467855
2024-12-07 22:45:00,9,0,0,0.0007156059145927
2024-12-07 23:00:00,9,0,0,0.0007956547196954
2024-12-07 23:15:00,9,0,0,0.0006236760527826
2024-12-07 23:30:00,9,0,0,0.0005953151267021
2024-12-07 23:45:00,9,0,0,0.0005444671842269
2024-12-08 00:15:00,9,0,0,0.000608512724284
2024-12-08 00:30:00,9,0,0,0.0006802051211707
2024-12-08 00:45:00,9,0,0,0.0006949912640266
2024-12-08 01:00:00,9,0,0,0.0007462728535756
2024-12-08 01:15:00,9,0,0,0.0006262155948206
2024-12-08 01:30:00,9,0,0,0.0005168574280105
2024-12-08 01:45:00,9,0,0,0.0004338052822276
2024-12-08 02:00:00,9,0,0,0.0004414363065734
2024-12-08 02:15:00,9,0,0,0.0005852502654306
2024-12-08 02:30:00,9,0,0,0.0005878282245248
2024-12-08 02:45:00,9,0,0,0.0006718411459587
2024-12-08 03:00:00,9,0,0,0.000700460630469
2024-12-08 03:15:00,9,0,0,0.0006797185051254
2024-12-08 03:30:00,9,0,0,0.0006345062283799
2024-12-08 03:45:00,9,0,0,0.0006451405351981
2024-12-08 04:00:00,9,0,0,0.0007380270399153
2024-12-08 04:15:00,9,0,0,0.0007056040340103
2024-12-08 04:30:00,9,0,0,0.0007245599408634
2024-12-08 04:45:00,9,0,0,0.0005097118555568
2024-12-08 05:00:00,9,0,0,0.0006159835029393
2024-12-08 05:15:00,9,0,0,0.0005733294528909
2024-12-08 05:30:00,9,0,0,0.0006202732911333
2024-12-08 05:45:00,9,0,0,0.0007185496506281
2024-12-08 06:00:00,9,0,0,0.0007460445049218
2024-12-08 06:15:00,9,0,0,0.000797985761892
2024-12-08 06:30:00,9,0,0,0.0008105088490992
2024-12-08 06:45:00,9,0,0,0.0006947247311472
2024-12-08 07:00:00,9,0,0,0.0008166203624568
2024-12-08 07:15:00,9,0,0,0.0007778995786793
2024-12-08 07:30:00,9,0,0,0.0007446955423802
2024-12-08 07:45:00,9,0,0,0.0007105998811312
2024-12-08 08:00:00,9,0,0,0.0006638313643634
2024-12-08 08:15:00,9,0,0,0.0007431903504766
2024-12-08 08:30:00,9,0,0,0.0008437377982772
2024-12-08 08:45:00,9,0,0,0.0008350049611181
2024-12-08 09:00:00,9,0,0,0.0007728434284217
2024-12-08 09:15:00,9,0,0,0.0006793811917304
2024-12-08 09:30:00,9,0,0,0.0006582476780749
2024-12-08 09:45:00,9,0,0,0.0006784021388739
2024-12-08 10:00:00,9,0,0,0.0006095604621805
2024-12-08 10:15:00,9,0,0,0.0005465552094392
2024-12-08 10:30:00,9,0,0,0.0005642992909997
2024-12-08 10:45:00,9,0,0,0.0005722970236092
2024-12-08 11:00:00,9,0,0,0.0006086492794565
2024-12-08 11:15:00,9,0,0,0.0006262651295401
2024-12-08 11:30:00,9,0,0,0.0005814518081024
2024-12-08 11:45:00,9,0,0,0.000598398677539
2024-12-08 12:00:00,9,0,0,0.0006035959813743
2024-12-08 12:15:00,9,0,0,0.0005990978097543
2024-12-08 12:30:00,9,0,0,0.0006030984804965
2024-12-08 12:45:00,9,0,0,0.0006571834674105
2024-12-08 13:00:00,9,0,0,0.0006639542407356
2024-12-08 13:15:00,9,0,0,0.0005802817759104
2024-12-08 13:30:00,9,0,0,0.0005916253430768
2024-12-08 13:45:00,9,0,0,0.0006000304711051
2024-12-08 14:00:00,9,0,0,0.000445418554591
2024-12-08 14:15:00,9,0,0,0.0004354216798674
2024-12-08 14:30:00,9,0,0,0.0004553455510176
2024-12-08 14:45:00,9,0,0,0.0004915192839689
2024-12-08 15:00:00,9,0,0,0.0004969926085323
2024-12-08 15:15:00,9,0,0,0.0004675198288168
2024-12-08 15:30:00,9,0,0,0.000454075547168
2024-12-08 15:45:00,9,0,0,0.0004438286123331
2024-12-08 16:00:00,9,0,0,0.0004539626243058
2024-12-08 16:15:00,9,0,0,0.0004581274988595
2024-12-08 16:30:00,9,0,0,0.0004670988419093
2024-12-08 16:45:00,9,0,0,0.0004805973439943
2024-12-08 17:00:00,9,0,0,0.0005067965830676
2024-12-08 17:15:00,9,0,0,0.0005908412276767
2024-12-08 17:30:00,9,0,0,0.0006649977876804
2024-12-08 17:45:00,9,0,0,0.0007973771425895
2024-12-08 18:00:00,9,0,0,0.0007696372922509
2024-12-08 18:15:00,9,0,0,0.0008575696847401
2024-12-08 18:30:00,9,0,0,0.0009832441573962
2024-12-08 18:45:00,9,0,0,0.0012048318749293
2024-12-08 19:00:00,9,0,0,0.0011045954888686
2024-12-08 19:15:00,9,0,0,0.0010889506665989
2024-12-08 19:30:00,9,0,0,0.0010230496991425
2024-12-08 19:45:00,9,0,0,0.0005118414410389
2024-12-08 20:00:00,9,0,0,0.0006228853599168
2024-12-08 20:15:00,9,0,0,0.0006382084684446
2024-12-08 20:30:00,9,0,0,0.0005858510849066
2024-12-08 20:45:00,9,0,0,0.0004509318969212
2024-12-08 21:00:00,9,0,0,0.000466470606625
2024-12-08 21:15:00,9,0,0,0.0004639955586753
2024-12-08 21:30:00,9,0,0,0.0004992447793483
2024-12-08 21:45:00,9,0,0,0.000562181463465
2024-12-08 22:00:00,9,0,0,0.0006067622452974
2024-12-08 22:15:00,9,0,0,0.0005414093611761
2024-12-08 22:30:00,9,0,0,0.0006158575415611
2024-12-08 22:45:00,9,0,0,0.0006402651779353
2024-12-08 23:00:00,9,0,0,0.0006719077937304
2024-12-08 23:15:00,9,0,0,0.0005374909378588
2024-12-08 23:30:00,9,0,0,0.0006786205340176
2024-12-08 23:45:00,9,0,0,0.0009208485716953
2024-12-09 00:15:00,9,0,0,0.000675015442539
2024-12-09 00:30:00,9,0,0,0.0005143868620507
2024-12-09 00:45:00,9,0,0,0.0004660580598283
2024-12-09 01:00:00,9,0,0,0.0006148490938358
2024-12-09 01:15:00,9,0,0,0.0005400099325925
2024-12-09 01:30:00,9,0,0,0.0006550358957611
2024-12-09 01:45:00,9,0,0,0.0008511955966241
2024-12-09 02:00:00,9,0,0,0.0014355678576976
2024-12-09 02:15:00,9,0,0,0.0007435348234139
2024-12-09 02:30:00,9,0,0,0.0007335736881941
2024-12-09 02:45:00,9,0,0,0.0007907400140538
2024-12-09 03:00:00,9,0,0,0.001124384929426
2024-12-09 03:15:00,9,0,0,0.0011544149601832
2024-12-09 03:30:00,9,0,0,0.0005610965308733
2024-12-09 03:45:00,9,0,0,0.0007177991792559
2024-12-09 04:00:00,9,0,0,0.0005611453088931
2024-12-09 04:15:00,9,0,0,0.0005236419965513
2024-12-09 04:30:00,9,0,0,0.0005077483947388
2024-12-09 04:45:00,9,0,0,0.0004683661682065
2024-12-09 05:00:00,9,0,0,0.0004429148393683
2024-12-09 05:15:00,9,0,0,0.0004399206372909
2024-12-09 05:30:00,9,0,0,0.0004752080130856
2024-12-09 05:45:00,9,0,0,0.0005670264945365
2024-12-09 06:00:00,9,0,0,0.0005245620850473
2024-12-09 06:15:00,9,0,0,0.000542840512935
2024-12-09 06:30:00,9,0,0,0.0006325235590338
2024-12-09 06:45:00,9,0,0,0.00076996703865
2024-12-09 07:00:00,9,0,0,0.0008336166501976
2024-12-09 07:15:00,9,0,0,0.0005793461459688
2024-12-09 07:30:00,9,0,0,0.0005467282026074
2024-12-09 07:45:00,9,0,0,0.0003943544870708
2024-12-09 08:00:00,9,0,0,0.00041187700117
2024-12-09 08:15:00,9,0,0,0.0004188667226117
2024-12-09 08:30:00,9,0,0,0.0003662001690827
2024-12-09 08:45:00,9,0,0,0.0003714727354235
2024-12-09 09:00:00,9,0,0,0.0003745114081539
2024-12-09 09:15:00,9,0,0,0.0003589772095438
2024-12-09 09:30:00,9,0,0,0.000355728843715
2024-12-09 09:45:00,9,0,0,0.0003635715402197
2024-12-09 10:00:00,9,0,0,0.0003620851493906
2024-12-09 10:15:00,9,0,0,0.0003671110025607
2024-12-09 10:30:00,9,0,0,0.0003626551188062
2024-12-09 10:45:00,9,0,0,0.0003699171938933
2024-12-09 11:00:00,9,0,0,0.0003793180221691
2024-12-09 11:15:00,9,0,0,0.000365488231182
2024-12-09 11:30:00,9,0,0,0.0003636379551608
2024-12-09 11:45:00,9,0,0,0.0003509277303237
2024-12-09 12:00:00,9,0,0,0.0003503433254081
2024-12-09 12:15:00,9,0,0,0.0003617274924181
2024-12-09 12:30:00,9,0,0,0.0003591147833503
2024-12-09 12:45:00,9,0,0,0.0003604170051403
2024-12-09 13:00:00,9,0,0,0.0003579006297513
2024-12-09 13:15:00,9,0,0,0.000352156086592
2024-12-09 13:30:00,9,0,0,0.0003518242738209
2024-12-09 13:45:00,9,0,0,0.0003627631231211
2024-12-09 14:00:00,9,0,0,0.0003683720715343
2024-12-09 14:15:00,9,0,0,0.0003839205019176
2024-12-09 14:30:00,9,0,0,0.0004028786788694
2024-12-09 14:45:00,9,0,0,0.0004250008205417
2024-12-09 15:00:00,9,0,0,0.0004134855989832
2024-12-09 15:15:00,9,0,0,0.0004055083263665
2024-12-09 15:30:00,9,0,0,0.0003814340161625
2024-12-09 15:45:00,9,0,0,0.0003732609911821
2024-12-09 16:00:00,9,0,0,0.0003769003669731
2024-12-09 16:15:00,9,0,0,0.000403203535825
2024-12-09 16:30:00,9,0,0,0.000372277223505
2024-12-09 16:45:00,9,0,0,0.0003710485761985
2024-12-09 17:00:00,9,0,0,0.0003764762950595
2024-12-09 17:15:00,9,0,0,0.0003803305153269
2024-12-09 17:30:00,9,0,0,0.0004177588562015
2024-12-09 17:45:00,9,0,0,0.0004455031303223
2024-12-09 18:00:00,9,0,0,0.0004254697123542
2024-12-09 18:15:00,9,0,0,0.0003970637044403
2024-12-09 18:30:00,9,0,0,0.0003928985097445
2024-12-09 18:45:00,9,0,0,0.0004017589089926
2024-12-09 19:00:00,9,0,0,0.0004512276500463
2024-12-09 19:15:00,9,0,0,0.0004240053531248
2024-12-09 19:30:00,9,0,0,0.0004177839145995
2024-12-09 19:45:00,9,0,0,0.0004272395744919
2024-12-09 20:00:00,9,0,0,0.0004123776452615
2024-12-09 20:15:00,9,0,0,0.0004036399768665
2024-12-09 20:30:00,9,0,0,0.0004096154298167
2024-12-09 20:45:00,9,0,0,0.0004181889817118
2024-12-09 21:00:00,9,0,0,0.0004312470264267
2024-12-09 21:15:00,9,0,0,0.0004342456231825
2024-12-09 21:30:00,9,0,0,0.0004256105457898
2024-12-09 21:45:00,9,0,0,0.0004140910459682
2024-12-09 22:00:00,9,0,0,0.0004247043398208
2024-12-09 22:15:00,9,0,0,0.0004341352032497
2024-12-09 22:30:00,9,0,0,0.0004197778180241
2024-12-09 22:45:00,9,0,0,0.000437505019363
2024-12-09 23:00:00,9,0,0,0.0004819357709493
2024-12-09 23:15:00,9,0,0,0.0004606912552844
2024-12-09 23:30:00,9,0,0,0.0004828195960726
2024-12-09 23:45:00,9,0,0,0.0004387246153783
2024-12-10 01:00:00,10,0,0,0.001868951250799
2024-12-10 01:15:00,10,0,0,0.0018743852851912
2024-12-10 01:30:00,10,0,0,0.0018425498856231
2024-12-10 01:45:00,10,0,0,0.0018178620375692
2024-12-10 02:00:00,10,0,0,0.0019765691831707
2024-12-10 02:15:00,10,0,0,0.0018893873784691
2024-12-10 02:30:00,10,0,0,0.0018528082873672
2024-12-10 02:45:00,10,0,0,0.0018198783509433
2024-12-10 03:00:00,10,0,0,0.0018470074282959
2024-12-10 03:15:00,10,0,0,0.0020196235273033
2024-12-10 03:30:00,10,0,0,0.0020268757361918
2024-12-10 03:45:00,10,0,0,0.0018588585080578
2024-12-10 04:00:00,10,0,0,0.0020150803029537
2024-12-10 04:15:00,10,0,0,0.0020666779018938
2024-12-10 04:30:00,10,0,0,0.0020908908918499
2024-12-10 04:45:00,10,0,0,0.0024677335750311
2024-12-10 05:00:00,10,0,0,0.0024660285562276
2024-12-10 05:15:00,10,0,0,0.002722225850448
2024-12-10 05:30:00,10,0,0,0.0028052991256117
2024-12-10 05:45:00,10,0,0,0.0021917901467531
2024-12-10 06:00:00,10,0,0,0.0022652703337371
2024-12-10 06:15:00,10,0,0,0.0025765425525605
2024-12-10 06:30:00,10,0,0,0.0024389165919274
2024-12-10 06:45:00,10,0,0,0.0021110440138727
2024-12-10 07:00:00,10,0,0,0.0023400322534143
2024-12-10 07:15:00,10,0,0,0.0027712674345821
2024-12-10 07:30:00,10,0,0,0.002835843944922
2024-12-10 07:45:00,10,0,0,0.0028489304240792
2024-12-10 08:00:00,10,0,0,0.0028500230982899
2024-12-10 08:15:00,10,0,0,0.0027028124313801
2024-12-10 08:30:00,10,0,0,0.0034671409521251
2024-12-10 08:45:00,10,0,0,0.0034728990867733
2024-12-10 09:00:00,10,0,0,0.003871286753565
2024-12-10 09:15:00,10,0,0,0.0042436178773641
2024-12-10 09:30:00,10,0,0,0.0040738494135439
2024-12-10 09:45:00,10,0,0,0.0041701341979205
2024-12-10 10:00:00,10,0,0,0.0047906641848385
2024-12-10 10:15:00,10,0,0,0.0042258999310433
2024-12-10 10:30:00,10,0,0,0.0049777533859014
2024-12-10 10:45:00,10,0,0,0.0050547732971608
2024-12-10 11:00:00,10,0,0,0.0061123613268136
2024-12-10 11:15:00,10,0,0,0.0060236686840653
2024-12-10 11:30:00,10,0,0,0.0053231194615364
2024-12-10 11:45:00,10,0,0,0.004993780516088
2024-12-10 12:00:00,10,0,0,0.0044244797900319
2024-12-10 12:15:00,10,0,0,0.0045105130411684
2024-12-10 12:30:00,10,0,0,0.0043024336919188
2024-12-10 12:45:00,10,0,0,0.0042399917729198
2024-12-10 13:00:00,10,0,0,0.0038167559541761
2024-12-10 13:15:00,10,0,0,0.003061284776777
2024-12-10 13:30:00,10,0,0,0.0020924997515976
2024-12-10 13:45:00,10,0,0,0.0026000132784247
2024-12-10 14:00:00,10,0,0,0.0020863045938313
2024-12-10 14:15:00,10,0,0,0.0022007466759532
2024-12-10 14:30:00,10,0,0,0.0018373775528743
2024-12-10 14:45:00,10,0,0,0.00212296214886
2024-12-10 15:00:00,10,0,0,0.0019483990035951
2024-12-10 15:15:00,10,0,0,0.0021022874861955
2024-12-10 15:30:00,10,0,0,0.0020371270366013
2024-12-10 15:45:00,10,0,0,0.0020685030613094
2024-12-10 16:00:00,10,0,0,0.0018793072085827
2024-12-10 16:15:00,10,0,0,0.0019240049878135
2024-12-10 16:30:00,10,0,0,0.0017955915536731
2024-12-10 16:45:00,10,0,0,0.0018859844421967
2024-12-10 17:00:00,10,0,0,0.0017380595672875
2024-12-10 17:15:00,10,0,0,0.0016817221185192
2024-12-10 17:30:00,10,0,0,0.0019920938648283
2024-12-10 17:45:00,10,0,0,0.0017292955890297
2024-12-10 18:00:00,10,0,0,0.0014161899453029
2024-12-10 18:15:00,10,0,0,0.0014569197082892
2024-12-10 18:30:00,10,0,0,0.0013112481683492
2024-12-10 18:45:00,10,0,0,0.0015095409471541
2024-12-10 19:00:00,10,0,0,0.0014856193447485
2024-12-10 19:15:00,10,0,0,0.0013589123263955
2024-12-10 19:30:00,10,0,0,0.0014526073355227
2024-12-10 19:45:00,10,0,0,0.0014720467152073
2024-12-10 20:00:00,10,0,0,0.0013356227427721
2024-12-10 20:15:00,10,0,0,0.0014815159374848
2024-12-10 20:30:00,10,0,0,0.0014686626382172
2024-12-10 20:45:00,10,0,0,0.0015371723566204
2024-12-10 21:00:00,10,0,0,0.0022494785953313
2024-12-10 21:15:00,10,0,0,0.0030583462212234
2024-12-10 21:30:00,10,0,0,0.0026444790419191
2024-12-10 21:45:00,10,0,0,0.0026045946869999
2024-12-10 22:00:00,10,0,0,0.0026510637253522
2024-12-10 22:15:00,10,0,0,0.0227142460644245
2024-12-10 22:30:00,10,0,0,0.0018759629456326
2024-12-10 23:00:00,10,0,0,0.0027177310548722
2024-12-10 23:15:00,10,0,0,0.0022272551432251
2024-12-10 23:30:00,10,0,0,0.003539198776707
2024-12-10 23:45:00,10,0,0,0.0024590610992163
2024-12-11 00:15:00,10,0,0,0.002036292804405
2024-12-11 00:30:00,10,0,0,0.0016640413086861
2024-12-11 00:45:00,10,0,0,0.0029164324514567
2024-12-11 01:00:00,10,0,0,0.0031656550709158
2024-12-11 01:15:00,10,0,0,0.0128394393250346
2024-12-11 01:30:00,10,0,0,0.0032085995189845
2024-12-11 01:45:00,10,0,0,0.0148534523323178
2024-12-11 02:00:00,10,0,0,0.0040456284768879
2024-12-11 02:15:00,10,0,0,0.0032635403331369
2024-12-11 02:30:00,10,0,0,0.0027564668562263
2024-12-11 02:45:00,10,0,0,0.0027449366170912
2024-12-11 03:00:00,10,0,0,0.0019102323567494
2024-12-11 03:15:00,10,0,0,0.0040765115991234
2024-12-11 03:30:00,10,0,0,0.0021224881056696
2024-12-11 03:45:00,10,0,0,0.001860023709014
2024-12-11 04:00:00,10,0,0,0.0025204850826412
2024-12-11 04:15:00,10,0,0,0.0021637044847011
2024-12-11 04:30:00,10,0,0,0.0028087021782994
2024-12-11 04:45:00,10,0,0,0.0021197183523327
2024-12-11 05:00:00,10,0,0,0.0014565559104084
2024-12-11 05:15:00,10,0,0,0.0013104313984513
2024-12-11 05:30:00,10,0,0,0.0014092612545937
2024-12-11 05:45:00,10,0,0,0.0014637904241681
2024-12-11 06:00:00,10,0,0,0.0014538490213453
2024-12-11 06:15:00,10,0,0,0.0015274146571755
2024-12-11 06:30:00,10,0,0,0.0015106201171875
2024-12-11 06:45:00,10,0,0,0.0019325711764395
2024-12-11 07:00:00,10,0,0,0.0015020951395854
2024-12-11 07:15:00,10,0,0,0.0013929350534453
2024-12-11 07:30:00,10,0,0,0.0013733378145843
2024-12-11 07:45:00,10,0,0,0.0014498708769679
2024-12-11 08:00:00,10,0,0,0.0018478400306776
2024-12-11 08:15:00,10,0,0,0.0016928074182942
2024-12-11 08:30:00,10,0,0,0.0023797119501978
2024-12-11 08:45:00,10,0,0,0.0017504768911749
2024-12-11 09:00:00,10,0,0,0.0014325949596241
2024-12-11 09:15:00,10,0,0,0.0016507970867678
2024-12-11 09:30:00,10,0,0,0.0016451692208647
2024-12-11 09:45:00,10,0,0,0.0016361606540158
2024-12-11 10:00:00,10,0,0,0.0022506606765091
2024-12-11 10:15:00,10,0,0,0.0017612647498026
2024-12-11 10:30:00,10,0,0,0.0018408301984891
2024-12-11 10:45:00,10,0,0,0.0015383048448711
2024-12-11 11:00:00,10,0,0,0.0016187849687412
2024-12-11 11:15:00,10,0,0,0.0015367675805464
2024-12-11 11:30:00,10,0,0,0.0019193085609003
2024-12-11 11:45:00,10,0,0,0.0017392891459167
2024-12-11 12:00:00,10,0,0,0.0014764660736545
2024-12-11 12:15:00,10,0,0,0.001560686272569
2024-12-11 12:30:00,10,0,0,0.0017018868820741
2024-12-11 12:45:00,10,0,0,0.0014766528038308
2024-12-11 13:00:00,10,0,0,0.0014562627766281
2024-12-11 13:15:00,10,0,0,0.0016804873012006
2024-12-11 13:30:00,10,0,0,0.0014414041070267
2024-12-11 13:45:00,10,0,0,0.0015666084364056
2024-12-11 14:00:00,10,0,0,0.0015300796367228
2024-12-11 14:15:00,10,0,0,0.00136018183548
2024-12-11 14:30:00,10,0,0,0.0013947276165708
2024-12-11 14:45:00,10,0,0,0.0015440464485436
2024-12-11 15:00:00,10,0,0,0.0016265955055132
2024-12-11 15:15:00,10,0,0,0.0014209884684532
2024-12-11 15:30:00,10,0,0,0.0013736439868807
2024-12-11 15:45:00,10,0,0,0.0013574756449088
2024-12-11 16:00:00,10,0,0,0.0013655282091349
2024-12-11 16:15:00,10,0,0,0.0012922800378873
2024-12-11 16:30:00,10,0,0,0.0013187786098569
2024-12-11 16:45:00,10,0,0,0.0014032428152859
2024-12-11 17:00:00,10,0,0,0.0017521838890388
2024-12-11 17:15:00,10,0,0,0.0063623026944696
2024-12-11 17:30:00,10,0,0,0.0036564201582223
2024-12-11 17:45:00,10,0,0,0.0071771964430809
2024-12-11 18:00:00,10,0,0,0.0223648659884929
2024-12-11 18:15:00,10,0,0,0.0122513575479388
2024-12-11 18:30:00,10,0,0,0.0063428366556763
2024-12-11 18:45:00,10,0,0,0.0041306763887405
2024-12-11 19:00:00,10,0,0,0.0369750149548053
2024-12-11 19:15:00,10,0,0,0.0268583092838525
2024-12-11 19:30:00,10,0,0,0.0176537670195102
2024-12-11 19:45:00,10,0,0,0.0078307343646883
2024-12-11 20:00:00,10,0,0,0.0191412102431058
2024-12-11 20:15:00,10,0,0,0.0052550151012837
2024-12-11 20:30:00,10,0,0,0.0070019653066992
2024-12-11 20:45:00,10,0,0,0.007094285916537
2024-12-11 21:00:00,10,0,0,0.0319740362465381
2024-12-11 21:15:00,10,0,0,0.0134359989315271
2024-12-11 21:30:00,10,0,0,0.0221524368971586
2024-12-11 21:45:00,10,0,0,0.0111611559987068
2024-12-11 22:00:00,10,0,0,0.0150246759876608
2024-12-11 22:15:00,10,0,0,0.010502683930099
2024-12-11 22:30:00,10,0,0,0.0130059653893113
2024-12-11 22:45:00,10,0,0,0.0379545800387859
2024-12-11 23:00:00,10,0,0,0.3685030341148376
2024-12-11 23:15:00,10,0,0,0.1267656236886978
2024-12-11 23:30:00,10,0,0,0.339701384305954
2024-12-11 23:45:00,10,0,0,0.324722021818161
2024-12-12 00:15:00,10,0,1,0.4851181209087372
2024-12-12 00:30:00,10,0,1,0.4671797156333923
2024-12-12 00:45:00,10,0,1,0.431096464395523
2024-12-12 01:00:00,10,0,0,0.4051810801029205
2024-12-12 01:15:00,10,0,1,0.5091856718063354
2024-12-12 01:30:00,10,0,1,0.5134678483009338
2024-12-12 01:45:00,10,0,1,0.4776282608509063
2024-12-12 02:00:00,10,0,1,0.5172953605651855
2024-12-12 02:15:00,10,0,1,0.4456969201564789
2024-12-12 02:30:00,10,0,1,0.4073724746704101
2024-12-12 02:45:00,10,0,1,0.5336011648178101
2024-12-12 03:00:00,10,0,1,0.5250467658042908
2024-12-12 03:15:00,10,0,1,0.530399739742279
2024-12-12 03:30:00,10,0,1,0.5348314642906189
2024-12-12 03:45:00,10,0,1,0.4850264489650726
2024-12-12 04:00:00,10,0,1,0.4834814369678497
2024-12-12 04:15:00,10,0,1,0.4379947781562805
2024-12-12 04:30:00,10,0,1,0.5030943751335144
2024-12-12 04:45:00,10,0,1,0.5150830149650574
2024-12-12 05:00:00,10,0,1,0.539946973323822
2024-12-12 05:15:00,10,0,1,0.5469598770141602
2024-12-12 05:30:00,10,0,1,0.5485875010490417
2024-12-12 05:45:00,10,0,1,0.545513391494751
2024-12-12 06:00:00,10,0,1,0.5442245006561279
2024-12-12 06:15:00,10,0,1,0.4601511061191559
2024-12-12 06:30:00,10,0,1,0.5156888365745544
2024-12-12 06:45:00,10,0,1,0.5339056849479675
2024-12-12 07:00:00,10,0,1,0.5161370635032654
2024-12-12 07:15:00,10,0,1,0.4458169639110565
2024-12-12 07:30:00,10,0,0,0.3499557673931122
2024-12-12 07:45:00,10,0,0,0.359258770942688
2024-12-12 08:00:00,10,0,0,0.329224020242691
2024-12-12 08:15:00,10,0,0,0.3178883790969848
2024-12-12 08:30:00,10,0,0,0.3055457472801208
2024-12-12 08:45:00,10,0,0,0.4037785828113556
2024-12-12 09:00:00,10,0,0,0.4028165638446808
2024-12-12 09:15:00,10,0,0,0.3654402792453766
2024-12-12 09:30:00,10,0,0,0.3285029828548431
2024-12-12 09:45:00,10,0,0,0.1956736743450164
2024-12-12 10:00:00,10,0,0,0.3493508696556091
2024-12-12 10:15:00,10,0,0,0.368548572063446
2024-12-12 10:30:00,10,0,0,0.3848251104354858
2024-12-12 10:45:00,10,0,1,0.5035614371299744
2024-12-12 11:00:00,10,0,1,0.5266199111938477
2024-12-12 11:15:00,10,0,1,0.5278307199478149
2024-12-12 11:30:00,10,0,1,0.4876811802387237
2024-12-12 11:45:00,10,0,1,0.5037029981613159
2024-12-12 12:00:00,10,0,1,0.5516246557235718
2024-12-12 12:15:00,10,0,1,0.4853257536888122
2024-12-12 12:30:00,10,0,0,0.4271538257598877
2024-12-12 12:45:00,10,0,1,0.5496997833251953
2024-12-12 13:00:00,10,0,0,0.4132764935493469
2024-12-12 13:15:00,10,0,0,0.2273172438144683
2024-12-12 13:30:00,10,0,0,0.1617101579904556
2024-12-12 13:45:00,10,0,0,0.1104871109127998
2024-12-12 14:00:00,10,0,0,0.0154984155669808
2024-12-12 14:15:00,10,0,0,0.0014559600967913
2024-12-12 14:30:00,10,0,0,0.0013718589907512
2024-12-12 14:45:00,10,0,0,0.0014791527064517
2024-12-12 15:00:00,10,0,0,0.0012212212895974
2024-12-12 15:15:00,10,0,0,0.0012992975534871
2024-12-12 15:30:00,10,0,0,0.0013054846785962
2024-12-12 15:45:00,10,0,0,0.0012347268639132
2024-12-12 16:00:00,10,0,0,0.0015918627614155
2024-12-12 16:15:00,10,0,0,0.0018662823131307
2024-12-12 16:30:00,10,0,0,0.0015137175796553
2024-12-12 16:45:00,10,0,0,0.0012964280322194
2024-12-12 17:00:00,10,0,0,0.0015466028125956
2024-12-12 17:15:00,10,0,0,0.0013278431724756
2024-12-12 17:30:00,10,0,0,0.0022839475423097
2024-12-12 17:45:00,10,0,0,0.0018528471700847
2024-12-12 18:00:00,10,0,0,0.0023012591991573
2024-12-12 18:15:00,10,0,0,0.005748244933784
2024-12-12 18:30:00,10,0,0,0.0091761890798807
2024-12-12 18:45:00,10,0,0,0.0167579185217618
2024-12-12 19:00:00,10,0,0,0.0175407603383064
2024-12-12 19:15:00,10,0,0,0.0368642844259738
2024-12-12 19:30:00,10,0,0,0.0481889098882675
2024-12-12 19:45:00,10,0,0,0.0426879599690437
2024-12-12 20:00:00,10,0,0,0.0296065062284469
2024-12-12 20:15:00,10,0,0,0.0654116943478584
2024-12-12 20:30:00,10,0,0,0.0240178238600492
2024-12-12 20:45:00,10,0,0,0.0273934546858072
2024-12-12 21:00:00,10,0,0,0.0052768914029002
2024-12-12 21:15:00,10,0,0,0.0042999079450964
2024-12-12 21:30:00,10,0,0,0.0042139780707657
2024-12-12 21:45:00,10,0,0,0.0042449156753718
2024-12-12 22:00:00,10,0,0,0.002708675339818
2024-12-12 22:15:00,10,0,0,0.0018663258524611
2024-12-12 22:30:00,10,0,0,0.0017038695514202
2024-12-12 23:00:00,10,0,0,0.0016067813849076
2024-12-12 23:15:00,10,0,0,0.001735363388434
2024-12-12 23:30:00,10,0,0,0.0027048054616898
2024-12-12 23:45:00,10,0,0,0.0038442516233772
2024-12-13 00:15:00,10,0,0,0.1575312316417694
2024-12-13 00:30:00,10,0,0,0.1679057031869888
2024-12-13 00:45:00,10,0,0,0.1387483030557632
2024-12-13 01:00:00,10,0,0,0.0279609337449073
2024-12-13 01:15:00,10,0,0,0.0134188421070575
2024-12-13 01:30:00,10,0,0,0.007758195977658
2024-12-13 01:45:00,10,0,0,0.006081995088607
2024-12-13 02:00:00,10,0,0,0.0045844134874641
2024-12-13 02:15:00,10,0,0,0.0033811789471656
2024-12-13 02:30:00,10,0,0,0.0057906522415578
2024-12-13 02:45:00,10,0,0,0.015090674161911
2024-12-13 03:00:00,10,0,0,0.0362058915197849
2024-12-13 03:15:00,10,0,0,0.1084058359265327
2024-12-13 03:30:00,10,0,0,0.1669923216104507
2024-12-13 03:45:00,10,0,0,0.1961655020713806
2024-12-13 04:00:00,10,0,0,0.0592215470969677
2024-12-13 04:15:00,10,0,0,0.1759816110134124
2024-12-13 04:30:00,10,0,0,0.2223983258008957
2024-12-13 04:45:00,10,0,1,0.4882448613643646
2024-12-13 05:00:00,10,1,1,0.532313346862793
2024-12-13 05:15:00,10,1,1,0.4788073599338531
2024-12-13 05:30:00,10,1,1,0.5163294672966003
2024-12-13 05:45:00,10,1,1,0.4812667369842529
2024-12-13 06:00:00,10,1,1,0.5261411666870117
2024-12-13 06:15:00,10,1,0,0.4452809691429138
2024-12-13 06:30:00,10,1,1,0.5430523157119751
2024-12-13 06:45:00,10,1,1,0.5253887176513672
2024-12-13 07:00:00,10,1,1,0.5102280378341675
2024-12-13 07:15:00,10,1,1,0.5209081768989563
2024-12-13 07:30:00,10,1,1,0.5015183091163635
2024-12-13 07:45:00,10,1,1,0.5648015141487122
2024-12-13 08:00:00,10,1,1,0.5761200785636902
2024-12-13 08:15:00,10,1,1,0.56119704246521
2024-12-13 08:30:00,10,0,1,0.5574259161949158
2024-12-13 08:45:00,10,0,1,0.53702312707901
2024-12-13 09:00:00,10,0,1,0.5069432258605957
2024-12-13 09:15:00,10,1,0,0.474976509809494
2024-12-13 09:30:00,10,0,0,0.4179138541221618
2024-12-13 09:45:00,10,0,0,0.3373759984970093
2024-12-13 10:00:00,10,0,0,0.316351979970932
2024-12-13 10:15:00,10,0,0,0.1986797749996185
2024-12-13 10:30:00,10,0,0,0.1683743000030517
2024-12-13 10:45:00,10,0,0,0.0273016169667243
2024-12-13 11:00:00,10,0,0,0.1410392671823501
2024-12-13 11:15:00,10,0,0,0.0358741283416748
2024-12-13 11:30:00,10,0,0,0.0278727225959301
2024-12-13 11:45:00,10,0,0,0.0125161977484822
2024-12-13 12:00:00,10,0,0,0.0126195289194583
2024-12-13 12:15:00,10,0,0,0.0068809688091278
2024-12-13 12:30:00,10,0,0,0.0068857828155159
2024-12-13 12:45:00,10,0,0,0.0133721893653273
2024-12-13 13:00:00,10,0,0,0.0042261849157512
2024-12-13 13:15:00,10,0,0,0.0082988552749156
2024-12-13 13:30:00,10,0,0,0.0027785687707364
2024-12-13 13:45:00,10,0,0,0.0025650358293205
2024-12-13 14:00:00,10,0,0,0.3790536522865295
2024-12-13 14:15:00,10,0,0,0.4733757674694061
2024-12-13 14:30:00,10,0,1,0.5584306716918945
2024-12-13 14:45:00,10,1,1,0.5918564200401306
2024-12-13 15:00:00,10,0,1,0.6627278327941895
2024-12-13 15:15:00,10,1,1,0.5500577688217163
2024-12-13 15:30:00,10,1,0,0.4770636558532715
2024-12-13 15:45:00,10,1,0,0.3867080807685852
2024-12-13 16:00:00,10,1,0,0.2865106165409088
2024-12-13 16:15:00,10,1,0,0.4203386008739471
2024-12-13 16:30:00,10,1,0,0.3174445629119873
2024-12-13 16:45:00,10,1,0,0.3891256749629974
2024-12-13 17:00:00,10,1,1,0.4865534007549286
2024-12-13 17:15:00,10,0,1,0.5180215835571289
2024-12-13 17:30:00,10,0,1,0.5497787594795227
2024-12-13 17:45:00,10,1,1,0.5742815136909485
2024-12-13 18:00:00,10,1,1,0.6039493083953857
2024-12-13 18:15:00,10,1,1,0.6365169882774353
2024-12-13 18:30:00,10,1,1,0.619155764579773
2024-12-13 18:45:00,10,1,1,0.6438116431236267
2024-12-13 19:00:00,10,1,1,0.668344259262085
2024-12-13 19:15:00,10,1,1,0.6949779391288757
2024-12-13 19:30:00,10,1,1,0.6943120956420898
2024-12-13 19:45:00,10,1,1,0.6554558873176575
2024-12-13 20:00:00,10,1,1,0.654734194278717
2024-12-13 20:15:00,10,1,1,0.6345646977424622
2024-12-13 20:30:00,10,1,1,0.6365616917610168
2024-12-13 20:45:00,10,1,1,0.6267140507698059
2024-12-13 21:00:00,10,1,1,0.6491623520851135
2024-12-13 21:15:00,10,1,1,0.6511604189872742
2024-12-13 21:30:00,10,1,1,0.60345858335495
2024-12-13 21:45:00,10,1,1,0.6116915345191956
2024-12-13 22:00:00,10,1,1,0.5775512456893921
2024-12-13 22:15:00,10,1,1,0.5444043874740601
2024-12-13 22:30:00,10,1,1,0.5798197984695435
2024-12-13 22:45:00,10,1,1,0.6143490076065063
2024-12-13 23:00:00,10,1,1,0.6326545476913452
2024-12-13 23:15:00,10,1,1,0.6818891763687134
2024-12-13 23:30:00,10,1,1,0.6586924195289612
2024-12-13 23:45:00,10,1,1,0.6421450972557068
2024-12-14 00:15:00,10,0,1,0.5878823399543762
2024-12-14 00:30:00,10,0,1,0.6127346754074097
2024-12-14 00:45:00,10,0,1,0.6454823613166809
2024-12-14 01:00:00,10,1,1,0.6398521065711975
2024-12-14 01:15:00,10,1,1,0.6026788949966431
2024-12-14 01:30:00,10,1,1,0.6036912202835083
2024-12-14 01:45:00,10,1,1,0.6090049147605896
2024-12-14 02:00:00,10,1,1,0.5649833083152771
2024-12-14 02:15:00,10,1,1,0.595910370349884
2024-12-14 02:30:00,10,1,1,0.6180293560028076
2024-12-14 02:45:00,10,1,1,0.5938454866409302
2024-12-14 03:00:00,10,1,1,0.6051476001739502
2024-12-14 03:15:00,10,1,1,0.5806710720062256
2024-12-14 03:30:00,10,1,1,0.5428919196128845
2024-12-14 03:45:00,10,1,1,0.5439587235450745
2024-12-14 04:00:00,10,1,1,0.5449084043502808
2024-12-14 04:15:00,10,1,1,0.5121464133262634
2024-12-14 04:30:00,10,1,0,0.4955405592918396
2024-12-14 04:45:00,10,1,0,0.4954634606838226
2024-12-14 05:00:00,10,1,1,0.5124737024307251
2024-12-14 05:15:00,10,1,0,0.4739305973052978
2024-12-14 05:30:00,10,1,0,0.4637576043605804
2024-12-14 05:45:00,10,0,0,0.489010751247406
2024-12-14 06:00:00,10,0,0,0.4731118083000183
2024-12-14 06:15:00,10,1,1,0.5006855726242065
2024-12-14 06:30:00,10,1,1,0.5272555351257324
2024-12-14 06:45:00,10,1,1,0.5495370030403137
2024-12-14 07:00:00,10,1,1,0.5511460900306702
2024-12-14 07:15:00,10,1,1,0.5470997095108032
2024-12-14 07:30:00,10,1,1,0.5660674571990967
2024-12-14 07:45:00,10,1,1,0.5848737359046936
2024-12-14 08:00:00,10,1,1,0.5696161389350891
2024-12-14 08:15:00,10,1,1,0.5641103386878967
2024-12-14 08:30:00,10,1,1,0.5720859169960022
2024-12-14 08:45:00,10,1,1,0.5702087879180908
2024-12-14 09:00:00,10,1,1,0.5836585760116577
2024-12-14 09:15:00,10,1,1,0.6084094047546387
2024-12-14 09:30:00,10,1,1,0.613548755645752
2024-12-14 09:45:00,10,1,1,0.590891420841217
2024-12-14 10:00:00,10,1,1,0.5801172256469727
2024-12-14 10:15:00,10,1,1,0.5847467184066772
2024-12-14 10:30:00,10,1,1,0.5891665816307068
2024-12-14 10:45:00,10,1,1,0.563302755355835
2024-12-14 11:00:00,10,1,1,0.5393255949020386
2024-12-14 11:15:00,10,1,1,0.5459337830543518
2024-12-14 11:30:00,10,1,1,0.5259028077125549
2024-12-14 11:45:00,10,1,1,0.5063201189041138
2024-12-14 12:00:00,10,1,1,0.5045631527900696
2024-12-14 12:15:00,10,1,1,0.5106114149093628
2024-12-14 12:30:00,10,1,1,0.546630859375
2024-12-14 12:45:00,10,1,1,0.5044373869895935
2024-12-14 13:00:00,10,0,0,0.461865097284317
2024-12-14 13:15:00,10,1,1,0.520476758480072
2024-12-14 13:30:00,10,1,1,0.5731579661369324
2024-12-14 13:45:00,10,1,1,0.5865198969841003
2024-12-14 14:00:00,10,1,1,0.5871068835258484
2024-12-14 14:15:00,10,1,1,0.5878311991691589
2024-12-14 14:30:00,10,1,1,0.593612015247345
2024-12-14 14:45:00,10,1,1,0.5976430177688599
2024-12-14 15:00:00,10,1,1,0.5920126438140869
2024-12-14 15:15:00,10,1,1,0.6165921688079834
2024-12-14 15:30:00,10,1,1,0.6709546446800232
2024-12-14 15:45:00,10,1,1,0.647143542766571
2024-12-14 16:00:00,10,1,1,0.6645560264587402
2024-12-14 16:15:00,10,1,1,0.6888190507888794
2024-12-14 16:30:00,10,1,1,0.6807191967964172
2024-12-14 16:45:00,10,1,1,0.6692602038383484
2024-12-14 17:00:00,10,1,1,0.6478387713432312
2024-12-14 17:15:00,10,1,1,0.6484743356704712
2024-12-14 17:30:00,10,1,1,0.6415477395057678
2024-12-14 17:45:00,10,1,1,0.6165667772293091
2024-12-14 18:00:00,10,1,1,0.5978732705116272
2024-12-14 18:15:00,10,1,1,0.597957968711853
2024-12-14 18:30:00,10,1,1,0.6056609749794006
2024-12-14 18:45:00,10,1,1,0.6007239818572998
2024-12-14 19:00:00,10,1,1,0.5901976227760315
2024-12-14 19:15:00,10,1,1,0.5866012573242188
2024-12-14 19:30:00,10,1,1,0.574510395526886
2024-12-14 19:45:00,10,1,1,0.5792296528816223
2024-12-14 20:00:00,10,1,1,0.5804483890533447
2024-12-14 20:15:00,10,1,1,0.6008618474006653
2024-12-14 20:30:00,10,0,1,0.562497079372406
2024-12-14 20:45:00,10,0,1,0.5411229729652405
2024-12-14 21:00:00,10,0,1,0.5130580067634583
2024-12-14 21:15:00,10,0,1,0.5102247595787048
2024-12-14 21:30:00,10,0,0,0.4621978402137756
2024-12-14 21:45:00,10,0,0,0.4693304300308227
2024-12-14 22:00:00,10,0,0,0.485566109418869
2024-12-14 22:15:00,10,0,1,0.5140055418014526
2024-12-14 22:30:00,10,0,1,0.5234602093696594
2024-12-14 22:45:00,10,0,1,0.5283053517341614
2024-12-14 23:00:00,10,0,0,0.4649722278118133
2024-12-14 23:15:00,10,0,1,0.5130281448364258
2024-12-14 23:30:00,10,0,1,0.5377064943313599
2024-12-14 23:45:00,10,0,1,0.5371989011764526
2024-12-15 00:15:00,10,0,1,0.5230239629745483
2024-12-15 00:30:00,10,0,1,0.5497881174087524
2024-12-15 00:45:00,10,0,1,0.5866461992263794
2024-12-15 01:00:00,10,0,1,0.5650386810302734
2024-12-15 01:15:00,10,0,1,0.5603830218315125
2024-12-15 01:30:00,10,0,1,0.6202511787414551
2024-12-15 01:45:00,10,1,1,0.6459625363349915
2024-12-15 02:00:00,10,1,1,0.650129497051239
2024-12-15 02:15:00,10,1,1,0.6343802809715271
2024-12-15 02:30:00,10,1,1,0.7004740834236145
2024-12-15 02:45:00,10,1,1,0.6937330365180969
2024-12-15 03:00:00,10,1,1,0.658545196056366
2024-12-15 03:15:00,10,1,1,0.6428821682929993
2024-12-15 03:30:00,10,1,1,0.6353393793106079
2024-12-15 03:45:00,10,1,1,0.6068171262741089
2024-12-15 04:00:00,10,1,1,0.6002163290977478
2024-12-15 04:15:00,10,1,1,0.5843705534934998
2024-12-15 04:30:00,10,1,1,0.5643966197967529
2024-12-15 04:45:00,10,1,1,0.5469954013824463
2024-12-15 05:00:00,10,1,1,0.516650915145874
2024-12-15 05:15:00,10,1,1,0.4996169209480285
2024-12-15 05:30:00,10,0,0,0.4717528223991394
2024-12-15 05:45:00,10,0,0,0.4731792509555816
2024-12-15 06:00:00,10,0,0,0.466310977935791
2024-12-15 06:15:00,10,0,0,0.4760902225971222
2024-12-15 06:30:00,10,1,0,0.4915375113487243
2024-12-15 06:45:00,10,1,0,0.4825688004493713
2024-12-15 07:00:00,10,0,0,0.4491166174411773
2024-12-15 07:15:00,10,0,0,0.4304966032505035
2024-12-15 07:30:00,10,1,1,0.5427170991897583
2024-12-15 07:45:00,10,1,1,0.5788994431495667
2024-12-15 08:00:00,10,1,1,0.6398141384124756
2024-12-15 08:15:00,10,1,1,0.6672830581665039
2024-12-15 08:30:00,10,1,1,0.6680086851119995
2024-12-15 08:45:00,10,1,1,0.7300302386283875
2024-12-15 09:00:00,10,1,1,0.7264319658279419
2024-12-15 09:15:00,10,1,1,0.6678674221038818
2024-12-15 09:30:00,10,1,1,0.6375980973243713
2024-12-15 09:45:00,10,0,1,0.7122235894203186
2024-12-15 10:00:00,10,0,1,0.6984509229660034
2024-12-15 10:15:00,10,0,1,0.6725157499313354
2024-12-15 10:30:00,10,0,1,0.6546895503997803
2024-12-15 10:45:00,10,0,1,0.6712214946746826
2024-12-15 11:00:00,10,0,1,0.6413589119911194
2024-12-15 11:15:00,10,0,1,0.5701980590820312
2024-12-15 11:30:00,10,0,1,0.5767760872840881
2024-12-15 11:45:00,10,1,1,0.5586604475975037
2024-12-15 12:00:00,10,1,1,0.5506731867790222
2024-12-15 12:15:00,10,1,1,0.5558200478553772
2024-12-15 12:30:00,10,0,1,0.5933308601379395
2024-12-15 12:45:00,10,0,1,0.6010622978210449
2024-12-15 13:00:00,10,1,1,0.5894912481307983
2024-12-15 13:15:00,10,1,1,0.5821617245674133
2024-12-15 13:30:00,10,0,1,0.5964089632034302
2024-12-15 13:45:00,10,0,1,0.5698816180229187
2024-12-15 14:00:00,10,0,1,0.5666846036911011
2024-12-15 14:15:00,10,0,1,0.5714524984359741
2024-12-15 14:30:00,10,0,1,0.5729856491088867
2024-12-15 14:45:00,10,0,1,0.5859087705612183
2024-12-15 15:00:00,10,0,1,0.6004652976989746
2024-12-15 15:15:00,10,0,1,0.620114803314209
2024-12-15 15:30:00,10,0,1,0.5381535887718201
2024-12-15 15:45:00,10,0,1,0.5603957772254944
2024-12-15 16:00:00,10,0,1,0.5762885808944702
2024-12-15 16:15:00,10,0,1,0.5277158617973328
2024-12-15 16:30:00,10,0,1,0.5570281147956848
2024-12-15 16:45:00,10,0,0,0.471388429403305
2024-12-15 17:00:00,10,0,0,0.4182045459747314
2024-12-15 17:15:00,10,0,0,0.3685137927532196
2024-12-15 17:30:00,10,0,0,0.3567205369472503
2024-12-15 17:45:00,10,0,0,0.4193438589572906
2024-12-15 18:00:00,10,0,1,0.5629674792289734
2024-12-15 18:15:00,10,0,0,0.4531585872173309
2024-12-15 18:30:00,10,0,0,0.2060896903276443
2024-12-15 18:45:00,10,0,0,0.1840646266937255
2024-12-15 19:00:00,10,0,0,0.1164740696549415
2024-12-15 19:15:00,10,0,0,0.0605892725288867
2024-12-15 19:30:00,10,0,0,0.2062484622001648
2024-12-15 19:45:00,10,0,0,0.191940501332283
2024-12-15 20:00:00,10,0,0,0.0463736020028591
2024-12-15 20:15:00,10,0,0,0.0284354705363512
2024-12-15 20:30:00,10,0,0,0.03339833766222
2024-12-15 20:45:00,10,0,0,0.0152418743818998
2024-12-15 21:00:00,10,0,0,0.0096707763150334
2024-12-15 21:15:00,10,0,0,0.0053134239278733
2024-12-15 21:30:00,10,0,0,0.0052742450498044
2024-12-15 21:45:00,10,0,0,0.0080356150865554
2024-12-15 22:00:00,10,0,0,0.0059533198364079
2024-12-15 22:15:00,10,0,0,0.0084224501624703
2024-12-15 22:30:00,10,0,0,0.0436674579977989
2024-12-15 22:45:00,10,0,0,0.1120364069938659
2024-12-15 23:00:00,10,0,0,0.2441637068986892
2024-12-15 23:15:00,10,0,0,0.4477913379669189
2024-12-15 23:30:00,10,0,0,0.4936150908470154
2024-12-15 23:45:00,10,0,1,0.5340273976325989
2024-12-16 00:15:00,10,0,1,0.5095185041427612
2024-12-16 00:30:00,10,0,0,0.4290416240692138
2024-12-16 00:45:00,10,0,1,0.5545428991317749
2024-12-16 01:00:00,10,0,1,0.6108267903327942
2024-12-16 01:15:00,10,0,1,0.61801677942276
2024-12-16 01:30:00,10,0,1,0.6158716678619385
2024-12-16 01:45:00,10,0,1,0.6504259705543518
2024-12-16 02:00:00,10,0,1,0.6763636469841003
2024-12-16 02:15:00,10,0,1,0.6757853031158447
2024-12-16 02:30:00,10,0,1,0.5436636209487915
2024-12-16 02:45:00,10,0,1,0.5363352298736572
2024-12-16 03:00:00,10,0,1,0.582223117351532
2024-12-16 03:15:00,10,0,1,0.612140417098999
2024-12-16 03:30:00,10,0,1,0.5497576594352722
2024-12-16 03:45:00,10,0,0,0.4056018888950348
2024-12-16 04:00:00,10,0,0,0.3553139269351959
2024-12-16 04:15:00,10,0,0,0.3462311029434204
2024-12-16 04:30:00,10,0,0,0.3795798420906067
2024-12-16 04:45:00,10,0,0,0.4236554205417633
2024-12-16 05:00:00,10,0,0,0.273614764213562
2024-12-16 05:15:00,10,0,0,0.2608327865600586
2024-12-16 05:30:00,10,0,0,0.3654991090297699
2024-12-16 05:45:00,10,0,0,0.4840052425861358
2024-12-16 06:00:00,10,0,0,0.2810842394828796
2024-12-16 06:15:00,10,0,0,0.0930605009198188
2024-12-16 06:30:00,10,0,0,0.0330858156085014
2024-12-16 06:45:00,10,0,0,0.0304491091519594
2024-12-16 07:00:00,10,0,0,0.033845093101263
2024-12-16 07:15:00,10,0,0,0.337005466222763
2024-12-16 07:30:00,10,0,1,0.5238322019577026
2024-12-16 07:45:00,10,0,0,0.3237035274505615
2024-12-16 08:00:00,10,0,0,0.0992965921759605
2024-12-16 08:15:00,10,0,0,0.0254432503134012
2024-12-16 08:30:00,10,0,0,0.01260931417346
2024-12-16 08:45:00,10,0,0,0.1047327518463134
2024-12-16 09:00:00,10,0,0,0.3394408226013183
2024-12-16 09:15:00,10,0,0,0.4390655755996704
2024-12-16 09:30:00,10,0,1,0.5529634952545166
2024-12-16 09:45:00,10,0,1,0.5554880499839783
2024-12-16 10:00:00,10,0,0,0.250508189201355
2024-12-16 10:15:00,10,0,0,0.1837491691112518
2024-12-16 10:30:00,10,0,0,0.1107236221432685
2024-12-16 10:45:00,10,0,0,0.2798298299312591
2024-12-16 11:00:00,10,0,0,0.2387921959161758
2024-12-16 11:15:00,10,0,0,0.0666487589478492
2024-12-16 11:30:00,10,0,0,0.029890488833189
2024-12-16 11:45:00,10,0,0,0.0890050753951072
2024-12-16 12:00:00,10,0,0,0.2320266515016555
2024-12-16 12:15:00,10,0,0,0.2513665556907654
2024-12-16 12:30:00,10,0,0,0.3709899485111236
2024-12-16 12:45:00,10,0,0,0.2479092925786972
2024-12-16 13:00:00,10,0,0,0.12669737637043
2024-12-16 13:15:00,10,0,0,0.2538374960422516
2024-12-16 13:30:00,10,0,0,0.4331432580947876
2024-12-16 13:45:00,10,0,0,0.3939246535301208
2024-12-16 14:00:00,10,0,0,0.4607444703578949
2024-12-16 14:15:00,10,0,1,0.5582194924354553
2024-12-16 14:30:00,10,0,1,0.5892376899719238
2024-12-16 14:45:00,10,0,0,0.4290007650852203
2024-12-16 15:00:00,10,0,0,0.2994792461395263
2024-12-16 15:15:00,10,0,0,0.154840350151062
2024-12-16 15:30:00,10,0,0,0.0745591223239898
2024-12-16 15:45:00,10,0,0,0.0905570089817047
2024-12-16 16:00:00,10,0,0,0.1883058398962021
2024-12-16 16:15:00,10,0,0,0.2294463068246841
2024-12-16 16:30:00,10,0,0,0.1563708484172821
2024-12-16 16:45:00,10,0,0,0.1760259866714477
2024-12-16 17:00:00,10,0,0,0.2057727724313736
2024-12-16 17:15:00,10,0,0,0.3087553381919861
2024-12-16 17:30:00,10,0,0,0.1965329796075821
2024-12-16 17:45:00,10,0,0,0.0634735673666
2024-12-16 18:00:00,10,0,0,0.0874898731708526
2024-12-16 18:15:00,10,0,0,0.0352168940007686
2024-12-16 18:30:00,10,0,0,0.0115602687001228
2024-12-16 18:45:00,10,0,0,0.0093203745782375
2024-12-16 19:00:00,10,0,0,0.0099620344117283
2024-12-16 19:15:00,10,0,0,0.004164692480117
2024-12-16 19:30:00,10,0,0,0.0042381812818348
2024-12-16 19:45:00,10,0,0,0.0047438172623515
2024-12-16 20:00:00,10,0,0,0.0131557174026966
2024-12-16 20:15:00,10,0,0,0.0269486773759126
2024-12-16 20:30:00,10,0,0,0.0518429465591907
2024-12-16 20:45:00,10,0,0,0.0219125635921955
2024-12-16 21:00:00,10,0,0,0.0120536554604768
2024-12-16 21:15:00,10,0,0,0.017141044139862
2024-12-16 21:30:00,10,0,0,0.0095539595931768
2024-12-16 21:45:00,10,0,0,0.0058049652725458
2024-12-16 22:00:00,10,0,0,0.0068887239322066
2024-12-16 22:15:00,10,0,0,0.025152426213026
2024-12-16 22:30:00,10,0,0,0.0198576170951128
2024-12-16 22:45:00,10,0,0,0.0182848554104566
2024-12-16 23:00:00,10,0,0,0.0251417718827724
2024-12-16 23:15:00,10,0,0,0.0938801690936088
2024-12-16 23:30:00,10,0,0,0.0643122345209121
2024-12-16 23:45:00,10,0,0,0.0261188130825757
2024-12-17 01:00:00,11,0,0,0.0069074085913598
2024-12-17 01:15:00,11,0,0,0.0044560660608112
2024-12-17 01:30:00,11,0,0,0.0035337784793227
2024-12-17 01:45:00,11,0,0,0.0041641993448138
2024-12-17 02:00:00,11,0,0,0.0062354248948395
2024-12-17 02:15:00,11,0,0,0.0047281295992434
2024-12-17 02:30:00,11,0,0,0.0051998007111251
2024-12-17 02:45:00,11,0,0,0.0076266718097031
2024-12-17 03:00:00,11,0,0,0.0071787135675549
2024-12-17 03:15:00,11,0,0,0.0063114506192505
2024-12-17 03:30:00,11,0,0,0.0067560127936303
2024-12-17 03:45:00,11,0,0,0.0076490407809615
2024-12-17 04:00:00,11,0,0,0.0125460959970951
2024-12-17 04:15:00,11,0,0,0.008180727250874
2024-12-17 04:30:00,11,0,0,0.008178780786693
2024-12-17 04:45:00,11,0,0,0.0165440794080495
2024-12-17 05:00:00,11,0,0,0.0191866438835859
2024-12-17 05:15:00,11,0,0,0.0180654302239418
2024-12-17 05:30:00,11,0,0,0.0059244814328849
2024-12-17 05:45:00,11,0,0,0.0046855797991156
2024-12-17 06:00:00,11,0,0,0.0036627848166972
2024-12-17 06:15:00,11,0,0,0.0035251455847173
2024-12-17 06:30:00,11,0,0,0.0035202936269342
2024-12-17 06:45:00,11,0,0,0.0036487150937318
2024-12-17 07:00:00,11,0,0,0.0033993045799434
2024-12-17 07:15:00,11,0,0,0.0025816310662776
2024-12-17 07:30:00,11,0,0,0.0025639990344643
2024-12-17 07:45:00,11,0,0,0.0025985417887568
2024-12-17 08:00:00,11,0,0,0.0025330940261483
2024-12-17 08:15:00,11,0,0,0.0022361860610544
2024-12-17 08:30:00,11,0,0,0.0021470070350915
2024-12-17 11:00:00,11,0,0,0.0020175129175186
2024-12-17 11:15:00,11,0,0,0.0019704019650816
2024-12-17 11:30:00,11,0,0,0.0019261861452832
2024-12-17 11:45:00,11,0,0,0.0018685093382373
2024-12-17 12:00:00,11,0,0,0.002025369554758
2024-12-17 12:15:00,11,0,0,0.002119593322277
2024-12-17 12:30:00,11,0,0,0.002172582084313
2024-12-17 12:45:00,11,0,0,0.0021238175686448
2024-12-17 13:00:00,11,0,0,0.0021640332415699
2024-12-17 13:15:00,11,0,0,0.0021596723236143
2024-12-17 13:30:00,11,0,0,0.0022659911774098
2024-12-17 13:45:00,11,0,0,0.0023316191509366
2024-12-17 14:00:00,11,0,0,0.0022843775805085
2024-12-17 14:15:00,11,0,0,0.0022525324020534
2024-12-17 14:30:00,11,0,0,0.002164370380342
2024-12-17 14:45:00,11,0,0,0.0022366675548255
2024-12-17 15:00:00,11,0,0,0.0023372764699161
2024-12-17 15:15:00,11,0,0,0.0021634749136865
2024-12-17 15:30:00,11,0,0,0.0022562483791261
2024-12-17 15:45:00,11,0,0,0.0023648077622056
2024-12-17 16:00:00,11,0,0,0.0025668854359537
2024-12-17 16:15:00,11,0,0,0.0023675223346799
2024-12-17 16:30:00,11,0,0,0.0026687693316489
2024-12-17 16:45:00,11,0,0,0.0025339049752801
2024-12-17 17:00:00,11,0,0,0.0028284601867198
2024-12-17 17:15:00,11,0,0,0.0025491642300039
2024-12-17 17:30:00,11,0,0,0.0027535997796803
2024-12-17 17:45:00,11,0,0,0.0024144831113517
2024-12-17 18:00:00,11,0,0,0.0024065473116934
2024-12-17 18:15:00,11,0,0,0.0023796267341822
2024-12-17 18:30:00,11,0,0,0.0023845275864005
2024-12-17 18:45:00,11,0,0,0.0023689726367592
2024-12-17 19:00:00,11,0,0,0.002126753795892
2024-12-17 19:15:00,11,0,0,0.0021297526545822
2024-12-17 19:30:00,11,0,0,0.0021477870177477
2024-12-17 19:45:00,11,0,0,0.0021338541992008
2024-12-17 20:00:00,11,0,0,0.0021179413888603
2024-12-17 20:15:00,11,0,0,0.0024197231978178
2024-12-17 20:30:00,11,0,0,0.002209602156654
2024-12-17 20:45:00,11,0,0,0.0022298428229987
2024-12-17 21:00:00,11,0,0,0.0021626478992402
2024-12-17 21:15:00,11,0,0,0.0021862180437892
2024-12-17 21:30:00,11,0,0,0.0022167805582284
2024-12-17 21:45:00,11,0,0,0.0022025702055543
2024-12-17 22:00:00,11,0,0,0.0022479624021798
2024-12-17 22:15:00,11,0,0,0.0022049257531762
2024-12-17 22:30:00,11,0,0,0.0023825475946068
2024-12-17 22:45:00,11,0,0,0.0024183532223105
2024-12-17 23:00:00,11,0,0,0.0023623160086572
2024-12-17 23:15:00,11,0,0,0.0022307857871055
2024-12-17 23:30:00,11,0,0,0.0022848024964332
2024-12-17 23:45:00,11,0,0,0.0022170697338879
2024-12-18 00:15:00,11,0,0,0.0022117304615676
2024-12-18 00:30:00,11,0,0,0.0023011672310531
2024-12-18 00:45:00,11,0,0,0.0022482245694845
2024-12-18 01:00:00,11,0,0,0.0022601091768592
2024-12-18 01:15:00,11,0,0,0.002212869701907
2024-12-18 01:30:00,11,0,0,0.0022723795846104
2024-12-18 01:45:00,11,0,0,0.0022615639027208
2024-12-18 02:00:00,11,0,0,0.0022365243639796
2024-12-18 02:15:00,11,0,0,0.0023022191599011
2024-12-18 02:30:00,11,0,0,0.002304068300873
2024-12-18 02:45:00,11,0,0,0.0023065169807523
2024-12-18 03:00:00,11,0,0,0.0024001440033316
2024-12-18 03:15:00,11,0,0,0.0024454451631754
2024-12-18 03:30:00,11,0,0,0.0024343433324247
2024-12-18 03:45:00,11,0,0,0.0022411933168768
2024-12-18 04:00:00,11,0,0,0.0022274139337241
2024-12-18 04:15:00,11,0,0,0.0024260992649942
2024-12-18 04:30:00,11,0,0,0.0025137888733297
2024-12-18 04:45:00,11,0,0,0.0023920924868434
2024-12-18 05:00:00,11,0,0,0.002468827413395
2024-12-18 05:15:00,11,0,0,0.0028123841620981
2024-12-18 05:30:00,11,0,0,0.0028103964868932
2024-12-18 05:45:00,11,0,0,0.0030602577608078
2024-12-18 06:00:00,11,0,0,0.003086140146479
2024-12-18 06:15:00,11,0,0,0.003168849973008
2024-12-18 06:30:00,11,0,0,0.0032922574318945
2024-12-18 06:45:00,11,0,0,0.0033901929855346
2024-12-18 07:00:00,11,0,0,0.0038103084079921
2024-12-18 07:15:00,11,0,0,0.006497639697045
2024-12-18 07:30:00,11,0,0,0.0110394665971398
2024-12-18 07:45:00,11,0,0,0.0051909820176661
2024-12-18 08:00:00,11,0,0,0.0060046357102692
2024-12-18 08:15:00,11,0,0,0.00924077257514
2024-12-18 08:30:00,11,0,0,0.0127237858250737
2024-12-18 08:45:00,11,0,0,0.0129842795431613
2024-12-18 09:00:00,11,0,0,0.0444321669638156
2024-12-18 09:15:00,11,0,0,0.1339759975671768
2024-12-18 09:30:00,11,0,0,0.2712678611278534
2024-12-18 09:45:00,11,0,0,0.2573210299015045
2024-12-18 10:00:00,11,0,0,0.2906025648117065
2024-12-18 10:15:00,11,0,0,0.3073405623435974
2024-12-18 10:30:00,11,0,0,0.2136108428239822
2024-12-18 10:45:00,11,0,0,0.1798554360866546
2024-12-18 11:00:00,11,0,0,0.1619477272033691
2024-12-18 11:15:00,11,0,0,0.1187596917152404
2024-12-18 11:30:00,11,0,0,0.1718113124370575
2024-12-18 11:45:00,11,0,0,0.271311342716217
2024-12-18 12:00:00,11,0,0,0.1690138429403305
2024-12-18 12:15:00,11,0,0,0.2319365888833999
2024-12-18 12:30:00,11,0,0,0.2543933689594269
2024-12-18 12:45:00,11,0,0,0.3094425797462463
2024-12-18 13:00:00,11,0,0,0.3993183672428131
2024-12-18 13:15:00,11,0,0,0.4296869933605194
2024-12-18 13:30:00,11,0,0,0.3750571608543396
2024-12-18 13:45:00,11,0,0,0.4600222408771515
2024-12-18 14:00:00,11,0,1,0.5102560520172119
2024-12-18 14:15:00,11,0,1,0.5326893925666809
2024-12-18 14:30:00,11,0,1,0.575709342956543
2024-12-18 14:45:00,11,1,1,0.5870193243026733
2024-12-18 15:00:00,11,0,1,0.5150408744812012
2024-12-18 15:15:00,11,0,0,0.4867295026779175
2024-12-18 15:30:00,11,0,0,0.4499642252922058
2024-12-18 15:45:00,11,0,0,0.3015860617160797
2024-12-18 16:00:00,11,0,0,0.1452662646770477
2024-12-18 16:15:00,11,0,0,0.1207227706909179
2024-12-18 16:30:00,11,0,0,0.0912789329886436
2024-12-18 16:45:00,11,0,0,0.0551755875349044
2024-12-18 17:00:00,11,0,0,0.0373959727585315
2024-12-18 17:15:00,11,0,0,0.0296308193355798
2024-12-18 17:30:00,11,0,0,0.0259706825017929
2024-12-18 17:45:00,11,0,0,0.0250247251242399
2024-12-18 18:00:00,11,0,0,0.0168987233191728
2024-12-18 18:15:00,11,0,0,0.0136965736746788
2024-12-18 18:30:00,11,0,0,0.028389012441039
2024-12-18 18:45:00,11,0,0,0.0442609712481498
2024-12-18 19:00:00,11,0,0,0.2274825125932693
2024-12-18 19:15:00,11,0,1,0.5297353267669678
2024-12-18 19:30:00,11,1,1,0.457199364900589
2024-12-18 19:45:00,11,0,0,0.4055133461952209
2024-12-18 20:00:00,11,0,1,0.4624296128749847
2024-12-18 20:15:00,11,0,0,0.385824054479599
2024-12-18 20:30:00,11,0,0,0.2731860876083374
2024-12-18 20:45:00,11,0,0,0.2312034666538238
2024-12-18 21:00:00,11,0,0,0.1295608282089233
2024-12-18 21:15:00,11,0,0,0.2309686690568924
2024-12-18 21:30:00,11,0,0,0.2013434618711471
2024-12-18 21:45:00,11,0,0,0.0699977651238441
2024-12-18 22:00:00,11,0,0,0.0162473525851964
2024-12-18 22:15:00,11,0,0,0.0074671716429293
2024-12-18 22:30:00,11,0,0,0.0072618229314684
2024-12-18 22:45:00,11,0,0,0.0062787234783172
2024-12-18 23:00:00,11,0,0,0.0057738893665373
2024-12-18 23:15:00,11,0,0,0.0081686777994036
2024-12-18 23:30:00,11,0,0,0.007414435967803
2024-12-18 23:45:00,11,0,0,0.0160269923508167
2024-12-19 00:15:00,11,0,0,0.050159640610218
2024-12-19 00:30:00,11,0,0,0.0597123056650161
2024-12-19 00:45:00,11,0,0,0.0813818573951721
2024-12-19 01:00:00,11,0,0,0.0635357648134231
2024-12-19 01:15:00,11,0,0,0.0588121861219406
2024-12-19 01:30:00,11,0,0,0.1198718249797821
2024-12-19 01:45:00,11,0,0,0.2532103657722473
2024-12-19 02:00:00,11,0,0,0.3211193680763244
2024-12-19 02:15:00,11,0,0,0.4035750031471252
2024-12-19 02:30:00,11,0,0,0.4790486097335815
2024-12-19 02:45:00,11,0,0,0.483605295419693
2024-12-19 03:00:00,11,0,0,0.4913055300712585
2024-12-19 03:15:00,11,0,0,0.4380844533443451
2024-12-19 03:30:00,11,0,0,0.2320248186588287
2024-12-19 03:45:00,11,0,0,0.1339612007141113
2024-12-19 04:00:00,11,0,0,0.0709610283374786
2024-12-19 04:15:00,11,0,0,0.2053645104169845
2024-12-19 04:30:00,11,0,0,0.16165092587471
2024-12-19 04:45:00,11,0,0,0.2232459038496017
2024-12-19 05:00:00,11,0,0,0.3865271806716919
2024-12-19 05:15:00,11,0,1,0.4996613264083862
2024-12-19 05:30:00,11,0,1,0.5145885348320007
2024-12-19 05:45:00,11,0,0,0.4822515249252319
2024-12-19 06:00:00,11,0,0,0.4105934202671051
2024-12-19 06:15:00,11,0,0,0.3546770811080932
2024-12-19 06:30:00,11,0,0,0.4102615118026733
2024-12-19 06:45:00,11,0,0,0.2208081632852554
2024-12-19 07:00:00,11,0,0,0.1210950091481208
2024-12-19 07:15:00,11,0,0,0.3304283320903778
2024-12-19 07:30:00,11,0,0,0.463312417268753
2024-12-19 07:45:00,11,1,0,0.3947591483592987
2024-12-19 08:00:00,11,0,0,0.2998424470424652
2024-12-19 08:15:00,11,1,1,0.4984938204288482
2024-12-19 08:30:00,11,0,1,0.5032439827919006
2024-12-19 08:45:00,11,0,0,0.4304530024528503
2024-12-19 09:00:00,11,0,1,0.4954861402511596
2024-12-19 09:15:00,11,0,1,0.4825130403041839
2024-12-19 09:30:00,11,0,0,0.4377433061599731
2024-12-19 09:45:00,11,0,0,0.4035529494285583
2024-12-19 10:00:00,11,0,0,0.4723367989063263
2024-12-19 10:15:00,11,0,0,0.4125920236110687
2024-12-19 10:30:00,11,0,0,0.3043957948684692
2024-12-19 10:45:00,11,0,0,0.4278016090393066
2024-12-19 11:00:00,11,0,0,0.4619762897491455
2024-12-19 11:15:00,11,0,0,0.494872510433197
2024-12-19 11:30:00,11,0,0,0.4378487169742584
2024-12-19 11:45:00,11,0,0,0.3150113523006439
2024-12-19 12:00:00,11,0,0,0.1452180594205856
2024-12-19 12:15:00,11,0,0,0.1713113188743591
2024-12-19 12:30:00,11,0,0,0.0678954869508743
2024-12-19 12:45:00,11,0,0,0.0742817446589469
2024-12-19 13:00:00,11,0,0,0.0617587082087993
2024-12-19 13:15:00,11,0,0,0.0591457970440387
2024-12-19 13:30:00,11,0,0,0.0817165076732635
2024-12-19 13:45:00,11,0,0,0.0589406378567218
2024-12-19 14:00:00,11,0,0,0.0431392379105091
2024-12-19 14:15:00,11,0,0,0.0365768782794475
2024-12-19 14:30:00,11,0,0,0.0293755307793617
2024-12-19 14:45:00,11,0,0,0.0192344691604375
2024-12-19 15:00:00,11,0,0,0.0082006035372614
2024-12-19 15:15:00,11,0,0,0.008704992942512
2024-12-19 15:30:00,11,0,0,0.0095377806574106
2024-12-19 15:45:00,11,0,0,0.0121546406298875
2024-12-19 16:00:00,11,0,0,0.0135402828454971
2024-12-19 16:15:00,11,0,0,0.0225067865103483
2024-12-19 16:30:00,11,0,0,0.0409318767488002
2024-12-19 16:45:00,11,0,0,0.0245184618979692
2024-12-19 17:00:00,11,0,0,0.0417105630040168
2024-12-19 17:15:00,11,0,0,0.0595056004822254
2024-12-19 17:30:00,11,0,0,0.0810542926192283
2024-12-19 17:45:00,11,0,0,0.1175740957260131
2024-12-19 18:00:00,11,0,0,0.2220198512077331
2024-12-19 18:15:00,11,0,0,0.3895112872123718
2024-12-19 18:30:00,11,1,0,0.4230825006961822
2024-12-19 18:45:00,11,1,0,0.3611918687820434
2024-12-19 19:00:00,11,0,0,0.3119312822818756
2024-12-19 19:15:00,11,0,0,0.2812133431434631
2024-12-19 19:30:00,11,0,0,0.2202053964138031
2024-12-19 19:45:00,11,0,0,0.2388631552457809
2024-12-19 20:00:00,11,0,0,0.3540304601192474
2024-12-19 20:15:00,11,0,0,0.4597585499286651
2024-12-19 20:30:00,11,1,0,0.4530899822711944
2024-12-19 20:45:00,11,1,0,0.4641654193401336
2024-12-19 21:00:00,11,1,0,0.4910322427749634
2024-12-19 21:15:00,11,1,0,0.4793688952922821
2024-12-19 21:30:00,11,1,0,0.474126785993576
2024-12-19 21:45:00,11,1,1,0.5033854842185974
2024-12-19 22:00:00,11,1,1,0.5376529693603516
2024-12-19 22:15:00,11,1,1,0.5626018047332764
2024-12-19 22:30:00,11,1,1,0.5515165328979492
2024-12-19 22:45:00,11,1,1,0.5546819567680359
2024-12-19 23:00:00,11,1,1,0.5739043354988098
2024-12-19 23:15:00,11,1,1,0.5816912651062012
2024-12-19 23:30:00,11,1,1,0.6049460768699646
2024-12-19 23:45:00,11,0,1,0.6189605593681335
2024-12-20 00:15:00,11,0,1,0.6423457264900208
2024-12-20 00:30:00,11,0,1,0.6801709532737732
2024-12-20 00:45:00,11,1,1,0.6713724732398987
2024-12-20 01:00:00,11,0,1,0.6388267874717712
2024-12-20 01:15:00,11,0,1,0.6182892322540283
2024-12-20 01:30:00,11,0,1,0.506855309009552
2024-12-20 01:45:00,11,0,0,0.4561742544174194
2024-12-20 02:00:00,11,0,1,0.5283419489860535
2024-12-20 02:15:00,11,0,1,0.5501155257225037
2024-12-20 02:30:00,11,0,1,0.5701795816421509
2024-12-20 02:45:00,11,0,1,0.5933606028556824
2024-12-20 03:00:00,11,0,1,0.592680037021637
2024-12-20 03:15:00,11,0,1,0.6051530838012695
2024-12-20 03:30:00,11,0,1,0.6046926975250244
2024-12-20 03:45:00,11,0,1,0.5654446482658386
2024-12-20 04:00:00,11,0,1,0.5901407599449158
2024-12-20 04:15:00,11,0,1,0.561993420124054
2024-12-20 04:30:00,11,0,1,0.5665858387947083
2024-12-20 04:45:00,11,0,1,0.5715806484222412
2024-12-20 05:00:00,11,0,1,0.5627853274345398
2024-12-20 05:15:00,11,0,1,0.5552484393119812
2024-12-20 05:30:00,11,0,1,0.5275846123695374
2024-12-20 05:45:00,11,0,1,0.5253505110740662
2024-12-20 06:00:00,11,0,1,0.5452004671096802
2024-12-20 06:15:00,11,0,1,0.5529636144638062
2024-12-20 06:30:00,11,0,1,0.5427886247634888
2024-12-20 06:45:00,11,0,1,0.524057924747467
2024-12-20 07:00:00,11,0,1,0.5325002670288086
2024-12-20 07:15:00,11,0,0,0.4582863748073578
2024-12-20 07:30:00,11,0,0,0.3885316252708435
2024-12-20 07:45:00,11,0,0,0.3180298209190368
2024-12-20 08:00:00,11,0,0,0.2886162996292114
2024-12-20 08:15:00,11,0,0,0.3193028271198272
2024-12-20 08:30:00,11,0,0,0.2321648448705673
2024-12-20 08:45:00,11,0,0,0.0923509746789932
2024-12-20 09:00:00,11,0,0,0.3846818208694458
2024-12-20 09:15:00,11,0,0,0.4652862250804901
2024-12-20 09:30:00,11,0,0,0.3614827394485473
2024-12-20 09:45:00,11,0,0,0.1675378531217575
2024-12-20 10:00:00,11,0,0,0.0689152404665947
2024-12-20 10:15:00,11,0,0,0.1451281309127807
2024-12-20 10:30:00,11,0,0,0.0768510475754737
2024-12-20 10:45:00,11,0,0,0.2463261634111404
2024-12-20 11:00:00,11,0,0,0.4281777143478393
2024-12-20 11:15:00,11,0,0,0.2637567520141601
2024-12-20 11:30:00,11,0,0,0.0144444657489657
2024-12-20 11:45:00,11,0,0,0.0206329878419637
2024-12-20 12:00:00,11,0,0,0.0164943877607584
2024-12-20 12:15:00,11,0,0,0.0074003697372972
2024-12-20 12:30:00,11,0,0,0.0040102647617459
2024-12-20 12:45:00,11,0,0,0.0034155021421611
2024-12-20 13:00:00,11,0,0,0.0038733587134629
2024-12-20 13:15:00,11,0,0,0.0040255915373563
2024-12-20 13:30:00,11,0,0,0.0032384644728153
2024-12-20 13:45:00,11,0,0,0.0035544801503419
2024-12-20 14:00:00,11,0,0,0.0031756733078509
2024-12-20 14:15:00,11,0,0,0.0030778355430811
2024-12-20 14:30:00,11,0,0,0.0027191461995244
2024-12-20 14:45:00,11,0,0,0.0026149642653763
2024-12-20 15:00:00,11,0,0,0.0026782669592648
2024-12-20 15:15:00,11,0,0,0.0034849611110985
2024-12-20 15:30:00,11,0,0,0.0029246704652905
2024-12-20 15:45:00,11,0,0,0.0045852959156036
2024-12-20 16:00:00,11,0,0,0.0419864729046821
2024-12-20 16:15:00,11,0,0,0.393749862909317
2024-12-20 16:30:00,11,0,0,0.4839004576206207
2024-12-20 16:45:00,11,1,1,0.5208194255828857
2024-12-20 17:00:00,11,1,1,0.541286289691925
2024-12-20 17:15:00,11,0,1,0.5190040469169617
2024-12-20 17:30:00,11,0,1,0.5035166144371033
2024-12-20 17:45:00,11,0,0,0.4629705250263214
2024-12-20 18:00:00,11,0,0,0.4351039230823517
2024-12-20 18:15:00,11,0,0,0.4504025876522064
2024-12-20 18:30:00,11,1,0,0.4873811900615692
2024-12-20 18:45:00,11,1,1,0.5212676525115967
2024-12-20 19:00:00,11,1,1,0.5321477055549622
2024-12-20 19:15:00,11,1,1,0.5530794858932495
2024-12-20 19:30:00,11,1,1,0.564127504825592
2024-12-20 19:45:00,11,1,1,0.5863863825798035
2024-12-20 20:00:00,11,0,1,0.6368803977966309
2024-12-20 20:15:00,11,0,1,0.6720477938652039
2024-12-20 20:30:00,11,1,1,0.6596959829330444
2024-12-20 20:45:00,11,0,1,0.688205897808075
2024-12-20 21:00:00,11,0,1,0.6580177545547485
2024-12-20 21:15:00,11,0,1,0.6599982380867004
2024-12-20 21:30:00,11,0,1,0.6736061573028564
2024-12-20 21:45:00,11,0,1,0.6731681823730469
2024-12-20 22:00:00,11,0,1,0.7080344557762146
2024-12-20 22:15:00,11,0,1,0.704708993434906
2024-12-20 22:30:00,11,0,1,0.7204171419143677
2024-12-20 22:45:00,11,0,1,0.7232171297073364
2024-12-20 23:00:00,11,0,1,0.7155206203460693
2024-12-20 23:15:00,11,0,1,0.6849755644798279
2024-12-20 23:30:00,11,0,1,0.6213181018829346
2024-12-20 23:45:00,11,0,0,0.4834447205066681
2024-12-21 00:15:00,11,0,1,0.5000909566879272
2024-12-21 00:30:00,11,0,1,0.4968918561935425
2024-12-21 00:45:00,11,0,0,0.4695334136486053
2024-12-21 01:00:00,11,0,1,0.5198968648910522
2024-12-21 01:15:00,11,0,1,0.5082996487617493
2024-12-21 01:30:00,11,0,0,0.4181844294071197
2024-12-21 01:45:00,11,0,0,0.3785715401172638
2024-12-21 02:00:00,11,0,0,0.3844586312770843
2024-12-21 02:15:00,11,0,0,0.2914089560508728
2024-12-21 02:30:00,11,0,0,0.1666890084743499
2024-12-21 02:45:00,11,0,0,0.0355546846985816
2024-12-21 03:00:00,11,0,0,0.0322185344994068
2024-12-21 03:15:00,11,0,0,0.0170490741729736
2024-12-21 03:30:00,11,0,0,0.0175157189369201
2024-12-21 03:45:00,11,0,0,0.0155466506257653
2024-12-21 04:00:00,11,0,0,0.025768993422389
2024-12-21 04:15:00,11,0,0,0.0146311623975634
2024-12-21 04:30:00,11,0,0,0.0084401322528719
2024-12-21 04:45:00,11,0,0,0.0050988304428756
2024-12-21 05:00:00,11,0,0,0.0050620618276298
2024-12-21 05:15:00,11,0,0,0.0045651202090084
2024-12-21 05:30:00,11,0,0,0.0040816785767674
2024-12-21 05:45:00,11,0,0,0.0039106835611164
2024-12-21 06:00:00,11,0,0,0.0035241395235061
2024-12-21 06:15:00,11,0,0,0.0033423234708607
2024-12-21 06:30:00,11,0,0,0.0034222642425447
2024-12-21 06:45:00,11,0,0,0.0032986439764499
2024-12-21 07:00:00,11,0,0,0.0033165803179144
2024-12-21 07:15:00,11,0,0,0.0042523252777755
2024-12-21 07:30:00,11,0,0,0.0044471407309174
2024-12-21 07:45:00,11,0,0,0.0050202836282551
2024-12-21 08:00:00,11,0,0,0.0058101476170122
2024-12-21 08:15:00,11,0,0,0.007105550263077
2024-12-21 08:30:00,11,0,0,0.0066801230423152
2024-12-21 08:45:00,11,0,0,0.0084666339680552
2024-12-21 09:00:00,11,0,0,0.0073694656603038
2024-12-21 09:15:00,11,0,0,0.0079980129376053
2024-12-21 09:30:00,11,0,0,0.0086942724883556
2024-12-21 09:45:00,11,0,0,0.01035135705024
2024-12-21 10:00:00,11,0,0,0.0067147915251553
2024-12-21 10:15:00,11,0,0,0.0089352745562791
2024-12-21 10:30:00,11,0,0,0.0107122380286455
2024-12-21 10:45:00,11,0,0,0.0204514414072036
2024-12-21 11:00:00,11,0,0,0.2413359135389328
2024-12-21 11:15:00,11,0,0,0.3980477750301361
2024-12-21 11:30:00,11,0,0,0.4435336887836456
2024-12-21 11:45:00,11,0,0,0.4106331765651703
2024-12-21 12:00:00,11,0,0,0.3806502819061279
2024-12-21 12:15:00,11,0,0,0.2928639650344848
2024-12-21 12:30:00,11,0,0,0.2305823266506195
2024-12-21 12:45:00,11,0,0,0.084830105304718
2024-12-21 13:00:00,11,0,0,0.0604171715676784
2024-12-21 13:15:00,11,0,0,0.0563411824405193
2024-12-21 13:30:00,11,0,0,0.0367237627506256
2024-12-21 13:45:00,11,0,0,0.0506657883524894
2024-12-21 14:00:00,11,0,0,0.0595225691795349
2024-12-21 14:15:00,11,0,0,0.0507822856307029
2024-12-21 14:30:00,11,0,0,0.0438859760761261
2024-12-21 14:45:00,11,0,0,0.0544799529016017
2024-12-21 15:00:00,11,0,0,0.245264858007431
2024-12-21 15:15:00,11,0,0,0.1999760568141937
2024-12-21 15:30:00,11,0,0,0.168848231434822
2024-12-21 15:45:00,11,0,0,0.3149415254592895
2024-12-21 16:00:00,11,0,0,0.363253504037857
2024-12-21 16:15:00,11,0,0,0.3626843392848968
2024-12-21 16:30:00,11,0,0,0.4188853204250335
2024-12-21 16:45:00,11,0,0,0.4687336385250091
2024-12-21 17:00:00,11,0,0,0.4953509569168091
2024-12-21 17:15:00,11,0,1,0.5630413889884949
2024-12-21 17:30:00,11,0,1,0.534727156162262
2024-12-21 17:45:00,11,0,0,0.3364238739013672
2024-12-21 18:00:00,11,0,0,0.4336776733398437
2024-12-21 18:15:00,11,0,0,0.4439955353736877
2024-12-21 18:30:00,11,0,0,0.4492647051811218
2024-12-21 18:45:00,11,0,0,0.4626635909080505
2024-12-21 19:00:00,11,0,0,0.424128383398056
2024-12-21 19:15:00,11,0,0,0.4354183971881866
2024-12-21 19:30:00,11,0,0,0.4522956311702728
2024-12-21 19:45:00,11,0,0,0.3889476656913757
2024-12-21 20:00:00,11,0,0,0.2786146402359009
2024-12-21 20:15:00,11,0,0,0.2866052687168121
2024-12-21 20:30:00,11,0,0,0.295058399438858
2024-12-21 20:45:00,11,0,0,0.3200952112674713
2024-12-21 21:00:00,11,0,0,0.2587199509143829
2024-12-21 21:15:00,11,0,0,0.2956656217575073
2024-12-21 21:30:00,11,0,0,0.204071894288063
2024-12-21 21:45:00,11,0,0,0.2527211904525757
2024-12-21 22:00:00,11,0,0,0.3233637511730194
2024-12-21 22:15:00,11,0,0,0.2300228923559188
2024-12-21 22:30:00,11,0,0,0.1573948562145233
2024-12-21 22:45:00,11,0,0,0.1647729873657226
2024-12-21 23:00:00,11,0,0,0.176318421959877
2024-12-21 23:15:00,11,0,0,0.2271551489830017
2024-12-21 23:30:00,11,0,0,0.2939590811729431
2024-12-21 23:45:00,11,0,0,0.190568670630455
2024-12-22 00:15:00,11,0,0,0.3130132555961609
2024-12-22 00:30:00,11,0,0,0.2523341774940491
2024-12-22 00:45:00,11,0,0,0.340827077627182
2024-12-22 01:00:00,11,0,0,0.1767176985740661
2024-12-22 01:15:00,11,0,0,0.0859466567635536
2024-12-22 01:30:00,11,0,0,0.049645397812128
2024-12-22 01:45:00,11,0,0,0.0531417205929756
2024-12-22 02:00:00,11,0,0,0.0698670297861099
2024-12-22 02:15:00,11,0,0,0.1558742374181747
2024-12-22 02:30:00,11,0,0,0.3080723881721496
2024-12-22 02:45:00,11,0,0,0.2725651562213897
2024-12-22 03:00:00,11,0,0,0.1941331177949905
2024-12-22 03:15:00,11,0,0,0.1277579516172409
2024-12-22 03:30:00,11,0,0,0.1723071932792663
2024-12-22 03:45:00,11,0,0,0.1272723823785781
2024-12-22 04:00:00,11,0,0,0.1035598292946815
2024-12-22 04:15:00,11,0,0,0.0771593451499939
2024-12-22 04:30:00,11,0,0,0.1152712181210517
2024-12-22 04:45:00,11,0,0,0.0541381686925888
2024-12-22 05:00:00,11,0,0,0.0298983175307512
2024-12-22 05:15:00,11,0,0,0.0822714194655418
2024-12-22 05:30:00,11,0,0,0.2179260402917862
2024-12-22 05:45:00,11,0,0,0.2128719389438629
2024-12-22 06:00:00,11,0,0,0.1432473063468933
2024-12-22 06:15:00,11,0,0,0.2266947776079177
2024-12-22 06:30:00,11,0,0,0.1829419732093811
2024-12-22 06:45:00,11,0,0,0.1176133230328559
2024-12-22 07:00:00,11,0,0,0.1173820123076438
2024-12-22 07:15:00,11,0,0,0.1233574822545051
2024-12-22 07:30:00,11,0,0,0.0845497325062751
2024-12-22 07:45:00,11,0,0,0.0826702713966369
2024-12-22 08:00:00,11,0,0,0.086545281112194
2024-12-22 08:15:00,11,0,0,0.0656219273805618
2024-12-22 08:30:00,11,0,0,0.0217291843146085
2024-12-22 08:45:00,11,0,0,0.0253097284585237
2024-12-22 09:00:00,11,0,0,0.0276375859975814
2024-12-22 09:15:00,11,0,0,0.0190998036414384
2024-12-22 09:30:00,11,0,0,0.0285828150808811
2024-12-22 09:45:00,11,0,0,0.0320264659821987
2024-12-22 10:00:00,11,0,0,0.0681728944182396
2024-12-22 10:15:00,11,0,0,0.0559014454483985
2024-12-22 10:30:00,11,0,0,0.0877407491207122
2024-12-22 10:45:00,11,0,0,0.0697707012295723
2024-12-22 11:00:00,11,0,0,0.1994453966617584
2024-12-22 11:15:00,11,0,0,0.1569094955921173
2024-12-22 11:30:00,11,0,0,0.0629875063896179
2024-12-22 11:45:00,11,0,0,0.0854118838906288
2024-12-22 12:00:00,11,0,0,0.1187560185790062
2024-12-22 12:15:00,11,0,0,0.1142296120524406
2024-12-22 12:30:00,11,0,0,0.0799886286258697
2024-12-22 12:45:00,11,0,0,0.0903940424323082
2024-12-22 13:00:00,11,0,0,0.0422276854515075
2024-12-22 13:15:00,11,0,0,0.0223671700805425
2024-12-22 13:30:00,11,0,0,0.0298953857272863
2024-12-22 13:45:00,11,0,0,0.0298724975436925
2024-12-22 14:00:00,11,0,0,0.0191910453140735
2024-12-22 14:15:00,11,0,0,0.0205714534968137
2024-12-22 14:30:00,11,0,0,0.0315266624093055
2024-12-22 14:45:00,11,0,0,0.0272663161158561
2024-12-22 15:00:00,11,0,0,0.0190159864723682
2024-12-22 15:15:00,11,0,0,0.0205528046935796
2024-12-22 15:30:00,11,0,0,0.0136177614331245
2024-12-22 15:45:00,11,0,0,0.0144479656592011
2024-12-22 16:00:00,11,0,0,0.0133981788530945
2024-12-22 16:15:00,11,0,0,0.0175696667283773
2024-12-22 16:30:00,11,0,0,0.0119924219325184
2024-12-22 16:45:00,11,0,0,0.0124969249591231
2024-12-22 17:00:00,11,0,0,0.0128980698063969
2024-12-22 17:15:00,11,0,0,0.0134656596928834
2024-12-22 17:30:00,11,0,0,0.0126745328307151
2024-12-22 17:45:00,11,0,0,0.0123502481728792
2024-12-22 18:00:00,11,0,0,0.0148824844509363
2024-12-22 18:15:00,11,0,0,0.0176856461912393
2024-12-22 18:30:00,11,0,0,0.0146710192784667
2024-12-22 18:45:00,11,0,0,0.0124397706240415
2024-12-22 19:00:00,11,0,0,0.0145603362470865
2024-12-22 19:15:00,11,0,0,0.0168205928057432
2024-12-22 19:30:00,11,0,0,0.0128763858228921
2024-12-22 19:45:00,11,0,0,0.011241665109992
2024-12-22 20:00:00,11,0,0,0.0096469800919294
2024-12-22 20:15:00,11,0,0,0.0104471072554588
2024-12-22 20:30:00,11,0,0,0.0113277761265635
2024-12-22 20:45:00,11,0,0,0.012332403101027
2024-12-22 21:00:00,11,0,0,0.0110299093648791
2024-12-22 21:15:00,11,0,0,0.0073640099726617
2024-12-22 21:30:00,11,0,0,0.0103314882144331
2024-12-22 21:45:00,11,0,0,0.0104182166978716
2024-12-22 22:00:00,11,0,0,0.0095942104235291
2024-12-22 22:15:00,11,0,0,0.0080842906609177
2024-12-22 22:30:00,11,0,0,0.0072701075114309
2024-12-22 22:45:00,11,0,0,0.0059252507053315
2024-12-22 23:00:00,11,0,0,0.0058094505220651
2024-12-22 23:15:00,11,0,0,0.0063267056830227
2024-12-22 23:30:00,11,0,0,0.0062333573587238
2024-12-22 23:45:00,11,0,0,0.0069749685935676
2024-12-23 00:15:00,11,0,0,0.0086443489417433
2024-12-23 00:30:00,11,0,0,0.0106697613373398
2024-12-23 00:45:00,11,0,0,0.011799125932157
2024-12-23 01:00:00,11,0,0,0.0134082213044166
2024-12-23 01:15:00,11,0,0,0.009199590422213
2024-12-23 01:30:00,11,0,0,0.0082974191755056
2024-12-23 01:45:00,11,0,0,0.0089032454416155
2024-12-23 02:00:00,11,0,0,0.0090384995564818
2024-12-23 02:15:00,11,0,0,0.009934727102518
2024-12-23 02:30:00,11,0,0,0.0114412540569901
2024-12-23 02:45:00,11,0,0,0.0118074929341673
2024-12-23 03:00:00,11,0,0,0.008928439579904
2024-12-23 03:15:00,11,0,0,0.0092737777158617
2024-12-23 03:30:00,11,0,0,0.010044147260487
2024-12-23 03:45:00,11,0,0,0.0199062004685401
2024-12-23 04:00:00,11,0,0,0.0266948137432336
2024-12-23 04:15:00,11,0,0,0.0270253531634807
2024-12-23 04:30:00,11,0,0,0.0215535666793584
2024-12-23 04:45:00,11,0,0,0.0351596921682357
2024-12-23 05:00:00,11,0,0,0.0420838333666324
2024-12-23 05:15:00,11,0,0,0.0660513266921043
2024-12-23 05:30:00,11,0,0,0.0757265239953994
2024-12-23 05:45:00,11,0,0,0.0355527475476264
2024-12-23 06:00:00,11,0,0,0.0438938923180103
2024-12-23 06:15:00,11,0,0,0.0683491677045822
2024-12-23 06:30:00,11,0,0,0.0640618950128555
2024-12-23 06:45:00,11,0,0,0.1191763058304786
2024-12-23 07:00:00,11,0,0,0.0955362245440483
2024-12-23 07:15:00,11,0,0,0.0924663767218589
2024-12-23 07:30:00,11,0,0,0.3278537094593048
2024-12-23 07:45:00,11,0,0,0.4239420294761657
2024-12-23 08:00:00,11,0,0,0.4058498442173004
2024-12-23 08:15:00,11,0,0,0.4589042663574219
2024-12-23 08:30:00,11,0,0,0.4811566174030304
2024-12-23 08:45:00,11,0,0,0.4578341245651245
2024-12-23 09:00:00,11,1,0,0.4876648485660553
2024-12-23 09:15:00,11,1,1,0.5063416361808777
2024-12-23 09:30:00,11,1,1,0.5193877816200256
2024-12-23 09:45:00,11,1,1,0.5413263440132141
2024-12-23 10:00:00,11,1,1,0.5568936467170715
2024-12-23 10:15:00,11,1,1,0.5634340047836304
2024-12-23 10:30:00,11,0,1,0.5549537539482117
2024-12-23 10:45:00,11,1,1,0.5644552707672119
2024-12-23 11:00:00,11,1,1,0.5851860642433167
2024-12-23 11:15:00,11,1,1,0.5802795886993408
2024-12-23 11:30:00,11,1,1,0.593557596206665
2024-12-23 11:45:00,11,0,1,0.6013519763946533
2024-12-23 12:00:00,11,0,1,0.589810848236084
2024-12-23 12:15:00,11,0,1,0.5411685109138489
2024-12-23 12:30:00,11,0,0,0.412858635187149
2024-12-23 12:45:00,11,0,0,0.4484948217868805
2024-12-23 13:00:00,11,0,0,0.3541105091571808
2024-12-23 13:15:00,11,0,0,0.3669987916946411
2024-12-23 13:30:00,11,0,0,0.380707174539566
2024-12-23 13:45:00,11,0,0,0.4552842974662781
2024-12-23 14:00:00,11,0,0,0.4047213196754455
2024-12-23 14:15:00,11,0,0,0.4672626852989197
2024-12-23 14:30:00,11,0,1,0.5260330438613892
2024-12-23 14:45:00,11,0,1,0.5386958122253418
2024-12-23 15:00:00,11,0,0,0.3544858992099762
2024-12-23 15:15:00,11,0,0,0.2050084769725799
2024-12-23 15:30:00,11,0,0,0.1025664657354354
2024-12-23 15:45:00,11,0,0,0.0243325792253017
2024-12-23 16:00:00,11,0,0,0.0148603208363056
2024-12-23 16:15:00,11,0,0,0.0074927997775375
2024-12-23 16:30:00,11,0,0,0.0043840627186
2024-12-23 16:45:00,11,0,0,0.0033537065610289
2024-12-23 17:00:00,11,0,0,0.0028374542016535
2024-12-23 17:15:00,11,0,0,0.0033276388421654
2024-12-23 17:30:00,11,0,0,0.0057164574973285
2024-12-23 17:45:00,11,0,0,0.0054428596049547
2024-12-23 18:00:00,11,0,0,0.0502440445125103
2024-12-23 18:15:00,11,0,0,0.0330009274184703
2024-12-23 18:30:00,11,0,0,0.1457072794437408
2024-12-23 18:45:00,11,0,0,0.2557395100593567
2024-12-23 19:00:00,11,0,0,0.3113530576229095
2024-12-23 19:15:00,11,0,0,0.4167085289955139
2024-12-23 19:30:00,11,0,1,0.4823497831821441
2024-12-23 19:45:00,11,0,0,0.3745362460613251
2024-12-23 20:00:00,11,0,0,0.2556116580963135
2024-12-23 20:15:00,11,0,0,0.0703466385602951
2024-12-23 20:30:00,11,0,0,0.2288463115692138
2024-12-23 20:45:00,11,0,0,0.1918338984251022
2024-12-23 21:00:00,11,0,0,0.1213896870613098
2024-12-23 21:15:00,11,0,0,0.0875002071261406
2024-12-23 21:30:00,11,0,0,0.1590620577335357
2024-12-23 21:45:00,11,0,0,0.1632628440856933
2024-12-23 22:00:00,11,0,0,0.0749712586402893
2024-12-23 22:15:00,11,0,0,0.0303005594760179
2024-12-23 22:30:00,11,1,0,0.2616337239742279
2024-12-23 22:45:00,11,1,1,0.520635187625885
2024-12-23 23:00:00,11,0,1,0.5571518540382385
2024-12-23 23:15:00,11,1,1,0.5667822957038879
2024-12-23 23:30:00,11,1,1,0.5847410559654236
2024-12-23 23:45:00,11,1,1,0.5465306639671326
2024-12-24 01:00:00,12,0,0,0.3842170834541321
2024-12-24 01:15:00,12,0,1,0.5557945966720581
2024-12-24 01:30:00,12,0,1,0.5267511010169983
2024-12-24 01:45:00,12,0,1,0.5429525971412659
2024-12-24 02:00:00,12,0,0,0.4822666347026825
2024-12-24 02:15:00,12,0,0,0.1054229140281677
2024-12-24 02:30:00,12,0,0,0.0914467200636863
2024-12-24 02:45:00,12,0,0,0.2633267045021057
2024-12-24 03:00:00,12,1,0,0.4557542204856872
2024-12-24 03:15:00,12,0,0,0.4791196882724762
2024-12-24 03:30:00,12,0,0,0.4769353568553924
2024-12-24 03:45:00,12,0,0,0.4843839406967163
2024-12-24 04:00:00,12,1,1,0.544041633605957
2024-12-24 04:15:00,12,1,1,0.6171208024024963
2024-12-24 04:30:00,12,0,1,0.6911702752113342
2024-12-24 04:45:00,12,0,1,0.6529054045677185
2024-12-24 05:00:00,12,0,1,0.589292049407959
2024-12-24 05:15:00,12,0,1,0.7084777355194092
2024-12-24 05:30:00,12,0,1,0.621612548828125
2024-12-24 05:45:00,12,0,1,0.6084789037704468
2024-12-24 06:00:00,12,0,1,0.6853170990943909
2024-12-24 06:15:00,12,0,1,0.6827400922775269
2024-12-24 06:30:00,12,0,1,0.6613738536834717
2024-12-24 06:45:00,12,0,1,0.6717818379402161
2024-12-24 07:00:00,12,0,1,0.5829409956932068
2024-12-24 07:15:00,12,0,0,0.4463523626327514
2024-12-24 07:30:00,12,0,0,0.2469930797815323
2024-12-24 07:45:00,12,0,0,0.0497308671474456
2024-12-24 08:00:00,12,0,0,0.238091230392456
2024-12-24 08:15:00,12,0,0,0.4814594686031341
2024-12-24 08:30:00,12,0,0,0.4042222797870636
2024-12-24 08:45:00,12,0,0,0.3235661387443542
2024-12-24 09:00:00,12,0,0,0.4425348043441772
2024-12-24 09:15:00,12,0,1,0.5033328533172607
2024-12-24 09:30:00,12,0,1,0.533473789691925
2024-12-24 09:45:00,12,0,1,0.5243440866470337
2024-12-24 10:00:00,12,0,1,0.5051578283309937
2024-12-24 10:15:00,12,1,0,0.3942335546016693
2024-12-24 10:30:00,12,0,0,0.4683070778846741
2024-12-24 10:45:00,12,0,0,0.3700790107250213
2024-12-24 11:00:00,12,0,0,0.3271987438201904
2024-12-24 11:15:00,12,0,0,0.2440852373838424
2024-12-24 11:30:00,12,0,0,0.3563094139099121
2024-12-24 11:45:00,12,0,0,0.3181051611900329
2024-12-24 12:00:00,12,0,0,0.33607217669487
2024-12-24 12:15:00,12,0,0,0.325841337442398
2024-12-24 12:30:00,12,0,0,0.0167965833097696
2024-12-24 12:45:00,12,0,0,0.0077806627377867
2024-12-24 13:00:00,12,0,0,0.0068531916476786
2024-12-24 13:15:00,12,0,0,0.0067912098020315
2024-12-24 13:30:00,12,0,0,0.0061840494163334
2024-12-24 13:45:00,12,0,0,0.0061771371401846
2024-12-24 14:00:00,12,0,0,0.0083337277173995
2024-12-24 14:15:00,12,0,0,0.0444723926484584
2024-12-24 14:30:00,12,0,0,0.3377338051795959
2024-12-24 14:45:00,12,0,0,0.2606361806392669
2024-12-24 15:00:00,12,0,0,0.0238613113760948
2024-12-24 15:15:00,12,0,0,0.0068577779456973
2024-12-24 15:30:00,12,0,0,0.3196904361248016
2024-12-24 15:45:00,12,0,0,0.1448898017406463
2024-12-24 16:00:00,12,0,0,0.0271510444581508
2024-12-24 16:15:00,12,0,0,0.4449295699596405
2024-12-24 16:30:00,12,0,1,0.5285335183143616
2024-12-24 16:45:00,12,0,1,0.5934140682220459
2024-12-24 17:00:00,12,0,1,0.6540431380271912
2024-12-24 17:15:00,12,0,1,0.6432188749313354
2024-12-24 17:30:00,12,0,1,0.6654962301254272
2024-12-24 17:45:00,12,0,1,0.6199121475219727
2024-12-24 18:00:00,12,0,1,0.613290548324585
2024-12-24 18:15:00,12,1,1,0.5399180054664612
2024-12-24 18:30:00,12,0,1,0.6198174357414246
2024-12-24 18:45:00,12,0,1,0.714187502861023
2024-12-24 19:00:00,12,0,1,0.7074862718582153
2024-12-24 19:15:00,12,0,1,0.6574731469154358
2024-12-24 19:30:00,12,0,1,0.7035287618637085
2024-12-24 19:45:00,12,0,1,0.5760441422462463
2024-12-24 20:00:00,12,0,1,0.5885696411132812
2024-12-24 20:15:00,12,0,1,0.5926175713539124
2024-12-24 20:30:00,12,0,0,0.491236001253128
2024-12-24 20:45:00,12,0,0,0.4256800413131714
2024-12-24 21:00:00,12,0,0,0.361348807811737
2024-12-24 21:15:00,12,0,0,0.3638942837715149
2024-12-24 21:30:00,12,0,0,0.3951345384120941
2024-12-24 21:45:00,12,0,0,0.3884861767292022
2024-12-24 22:00:00,12,0,0,0.2672542631626129
2024-12-24 22:15:00,12,0,0,0.315466821193695
2024-12-24 22:30:00,12,0,0,0.3596681952476501
2024-12-24 22:45:00,12,0,0,0.1292049437761306
2024-12-24 23:00:00,12,0,0,0.0751330703496933
2024-12-24 23:15:00,12,0,0,0.0196719132363796
2024-12-24 23:30:00,12,0,0,0.0308932047337293
2024-12-24 23:45:00,12,0,0,0.02187180519104
2024-12-25 00:15:00,12,0,0,0.0167728587985038
2024-12-25 00:30:00,12,0,0,0.0197278391569852
2024-12-25 00:45:00,12,0,0,0.0127636967226862
2024-12-25 01:00:00,12,0,0,0.0140168676152825
2024-12-25 01:15:00,12,0,0,0.0078060585074126
2024-12-25 01:30:00,12,0,0,0.0147366197779774
2024-12-25 01:45:00,12,0,0,0.0566083863377571
2024-12-25 02:00:00,12,0,0,0.0123596601188182
2024-12-25 02:15:00,12,0,0,0.0079221213236451
2024-12-25 02:30:00,12,0,0,0.0074094785377383
2024-12-25 02:45:00,12,0,0,0.051574420183897
2024-12-25 03:00:00,12,0,0,0.0733364596962928
2024-12-25 03:15:00,12,0,0,0.0240698289126157
2024-12-25 03:30:00,12,0,0,0.0194828901439905
2024-12-25 03:45:00,12,0,0,0.0241122357547283
2024-12-25 04:00:00,12,0,0,0.0623702034354209
2024-12-25 04:15:00,12,0,0,0.2943915724754333
2024-12-25 04:30:00,12,0,0,0.320358395576477
2024-12-25 04:45:00,12,0,0,0.071817934513092
2024-12-25 05:00:00,12,0,0,0.0173130352050066
2024-12-25 05:15:00,12,0,0,0.0128499120473861
2024-12-25 05:30:00,12,0,0,0.3941972255706787
2024-12-25 05:45:00,12,0,0,0.4440796971321106
2024-12-25 06:00:00,12,0,1,0.5170252919197083
2024-12-25 06:15:00,12,1,1,0.5982299447059631
2024-12-25 06:30:00,12,1,1,0.6561740040779114
2024-12-25 06:45:00,12,1,1,0.6745830774307251
2024-12-25 07:00:00,12,1,1,0.6940322518348694
2024-12-25 07:15:00,12,1,1,0.7377877235412598
2024-12-25 07:30:00,12,1,1,0.7747562527656555
2024-12-25 07:45:00,12,1,1,0.7394686937332153
2024-12-25 08:00:00,12,1,1,0.7758269309997559
2024-12-25 08:15:00,12,1,1,0.7905577421188354
2024-12-25 08:30:00,12,1,1,0.7845281362533569
2024-12-25 08:45:00,12,1,1,0.7941297888755798
2024-12-25 09:00:00,12,1,1,0.7994523048400879
2024-12-25 09:15:00,12,1,1,0.7427788376808167
2024-12-25 09:30:00,12,1,1,0.7456828355789185
2024-12-25 09:45:00,12,1,1,0.7178382873535156
2024-12-25 10:00:00,12,1,1,0.7313116192817688
2024-12-25 10:15:00,12,1,1,0.6495007872581482
2024-12-25 10:30:00,12,1,1,0.64275062084198
2024-12-25 10:45:00,12,1,1,0.5073668360710144
2024-12-25 11:00:00,12,0,0,0.3107804656028747
2024-12-25 11:15:00,12,0,0,0.2868399918079376
2024-12-25 11:30:00,12,0,0,0.1913965791463852
2024-12-25 11:45:00,12,0,0,0.0818414017558097
2024-12-25 12:00:00,12,0,0,0.0322430841624736
2024-12-25 12:15:00,12,0,0,0.0349593088030815
2024-12-25 12:30:00,12,0,0,0.0098510775715112
2024-12-25 12:45:00,12,0,0,0.0076295798644423
2024-12-25 13:00:00,12,0,0,0.0053164139389991
2024-12-25 13:15:00,12,0,0,0.0062451101839542
2024-12-25 13:30:00,12,0,0,0.0066857859492301
2024-12-25 13:45:00,12,0,0,0.0042225276120007
2024-12-25 14:00:00,12,0,0,0.0057054106146097
2024-12-25 14:15:00,12,0,0,0.0047025475651025
2024-12-25 14:30:00,12,0,0,0.0091845579445362
2024-12-25 14:45:00,12,0,0,0.0161292050033807
2024-12-25 15:00:00,12,0,0,0.1092267781496048
2024-12-25 15:15:00,12,0,0,0.3770690560340881
2024-12-25 15:30:00,12,1,0,0.4537239074707031
2024-12-25 15:45:00,12,1,0,0.4746725857257843
2024-12-25 16:00:00,12,0,0,0.25620236992836
2024-12-25 16:15:00,12,0,0,0.0693889781832695
2024-12-25 16:30:00,12,0,0,0.0406342186033725
2024-12-25 16:45:00,12,0,0,0.1089258641004562
2024-12-25 17:00:00,12,0,0,0.0294300746172666
2024-12-25 17:15:00,12,0,0,0.0152129111811518
2024-12-25 17:30:00,12,0,0,0.0366051457822322
2024-12-25 17:45:00,12,0,0,0.0588076189160347
2024-12-25 18:00:00,12,0,0,0.0382426530122756
2024-12-25 18:15:00,12,0,0,0.0121381543576717
2024-12-25 18:30:00,12,0,0,0.0253020673990249
2024-12-25 18:45:00,12,0,0,0.0279424972832202
2024-12-25 19:00:00,12,0,0,0.0611323229968547
2024-12-25 19:15:00,12,0,0,0.1330187618732452
2024-12-25 19:30:00,12,0,0,0.0162653885781765
2024-12-25 19:45:00,12,0,0,0.0257289130240678
2024-12-25 20:00:00,12,0,0,0.4085633456707001
2024-12-25 20:15:00,12,0,0,0.389823317527771
2024-12-25 20:30:00,12,0,0,0.3030125498771667
2024-12-25 20:45:00,12,0,0,0.224504753947258
2024-12-25 21:00:00,12,0,0,0.1799612790346145
2024-12-25 21:15:00,12,0,0,0.0452396236360073
2024-12-25 21:30:00,12,0,0,0.05942964553833
2024-12-25 21:45:00,12,0,0,0.0433148518204689
2024-12-25 22:00:00,12,0,0,0.0442670434713363
2024-12-25 22:15:00,12,0,0,0.0544100739061832
2024-12-25 22:30:00,12,0,0,0.3416255712509155
2024-12-25 22:45:00,12,1,1,0.4730618000030517
2024-12-25 23:00:00,12,1,1,0.5473442077636719
2024-12-25 23:15:00,12,1,1,0.5544152855873108
2024-12-25 23:30:00,12,1,1,0.6314968466758728
2024-12-25 23:45:00,12,1,1,0.7088608145713806
2024-12-26 00:15:00,12,0,1,0.7323671579360962
2024-12-26 00:30:00,12,0,1,0.6314758658409119
2024-12-26 00:45:00,12,0,1,0.6524892449378967
2024-12-26 01:00:00,12,0,0,0.4367590248584747
2024-12-26 01:15:00,12,0,0,0.2302369326353073
2024-12-26 01:30:00,12,0,0,0.2058188468217849
2024-12-26 01:45:00,12,0,0,0.2724776566028595
2024-12-26 02:00:00,12,0,1,0.5499118566513062
2024-12-26 02:15:00,12,0,1,0.5098930597305298
2024-12-26 02:30:00,12,0,1,0.526468813419342
2024-12-26 02:45:00,12,0,1,0.5282225608825684
2024-12-26 03:00:00,12,0,1,0.6014667749404907
2024-12-26 03:15:00,12,0,1,0.5540874004364014
2024-12-26 03:30:00,12,0,1,0.5944012999534607
2024-12-26 03:45:00,12,0,1,0.635351836681366
2024-12-26 04:00:00,12,0,1,0.5562989115715027
2024-12-26 04:15:00,12,0,1,0.5055781602859497
2024-12-26 04:30:00,12,0,1,0.6010075807571411
2024-12-26 04:45:00,12,0,1,0.6446143388748169
2024-12-26 05:00:00,12,0,1,0.6621579527854919
2024-12-26 05:15:00,12,0,1,0.6652294397354126
2024-12-26 05:30:00,12,0,1,0.7183404564857483
2024-12-26 05:45:00,12,0,1,0.7276305556297302
2024-12-26 06:00:00,12,0,1,0.7911359667778015
2024-12-26 06:15:00,12,0,1,0.7731742858886719
2024-12-26 06:30:00,12,0,1,0.7810773849487305
2024-12-26 06:45:00,12,0,1,0.7564278841018677
2024-12-26 07:00:00,12,0,1,0.772693932056427
2024-12-26 07:15:00,12,0,1,0.7873494029045105
2024-12-26 07:30:00,12,0,1,0.7659275531768799
2024-12-26 07:45:00,12,0,1,0.7488740682601929
2024-12-26 08:00:00,12,0,1,0.7043132781982422
2024-12-26 08:15:00,12,0,1,0.5822947025299072
2024-12-26 08:30:00,12,0,0,0.4650419056415558
2024-12-26 08:45:00,12,0,0,0.3595273792743683
2024-12-26 09:00:00,12,0,0,0.2399226427078247
2024-12-26 09:15:00,12,0,0,0.161291018128395
2024-12-26 09:30:00,12,0,0,0.0689902454614639
2024-12-26 09:45:00,12,0,0,0.0263355057686567
2024-12-26 10:00:00,12,0,0,0.0098380986601114
2024-12-26 10:15:00,12,0,0,0.0089738061651587
2024-12-26 10:30:00,12,0,0,0.0070784580893814
2024-12-26 10:45:00,12,0,0,0.0044530117884278
2024-12-26 11:00:00,12,0,0,0.0042696972377598
2024-12-26 11:15:00,12,0,0,0.0049590128473937
2024-12-26 11:30:00,12,0,0,0.0080619528889656
2024-12-26 11:45:00,12,0,0,0.2482452541589737
2024-12-26 12:00:00,12,0,0,0.0616145357489585
2024-12-26 12:15:00,12,0,0,0.0613545328378677
2024-12-26 12:30:00,12,0,0,0.0333440899848938
2024-12-26 12:45:00,12,0,0,0.0217531155794858
2024-12-26 13:00:00,12,0,0,0.0064597511664032
2024-12-26 13:15:00,12,0,0,0.0046872538514435
2024-12-26 13:30:00,12,0,0,0.0031644836999475
2024-12-26 13:45:00,12,0,0,0.0040003708563745
2024-12-26 14:00:00,12,0,0,0.0044934372417628
2024-12-26 14:15:00,12,0,0,0.0045977178961038
2024-12-26 14:30:00,12,0,0,0.0034904910717159
2024-12-26 14:45:00,12,0,0,0.0036689236294478
2024-12-26 15:00:00,12,0,0,0.003076072782278
2024-12-26 15:15:00,12,0,0,0.0024619498290121
2024-12-26 15:30:00,12,0,0,0.0029658693820238
2024-12-26 15:45:00,12,0,0,0.0024681503418833
2024-12-26 16:00:00,12,0,0,0.0021136319264769
2024-12-26 16:15:00,12,0,0,0.0020715375430881
2024-12-26 16:30:00,12,0,0,0.0019734411034733
2024-12-26 16:45:00,12,0,0,0.0019108965061604
2024-12-26 17:00:00,12,0,0,0.0019189910963177
2024-12-26 17:15:00,12,0,0,0.001903906231746
2024-12-26 17:30:00,12,0,0,0.0019116698531433
2024-12-26 17:45:00,12,0,0,0.0019120016368106
2024-12-26 18:00:00,12,0,0,0.0018358856905251
2024-12-26 18:15:00,12,0,0,0.0018034506356343
2024-12-26 18:30:00,12,0,0,0.0023202861193567
2024-12-26 18:45:00,12,0,0,0.0025038837920874
2024-12-26 19:00:00,12,0,0,0.0024231600109487
2024-12-26 19:15:00,12,0,0,0.0027512502856552
2024-12-26 19:30:00,12,0,0,0.0027775622438639
2024-12-26 19:45:00,12,0,0,0.0031274603679776
2024-12-26 20:00:00,12,0,0,0.0024564403574913
2024-12-26 20:15:00,12,0,0,0.0028704956639558
2024-12-26 20:30:00,12,0,0,0.0026898765936493
2024-12-26 20:45:00,12,0,0,0.0029099788516759
2024-12-26 21:00:00,12,0,0,0.0021395061630755
2024-12-26 21:15:00,12,0,0,0.002271118806675
2024-12-26 21:30:00,12,0,0,0.0022122820373624
2024-12-26 21:45:00,12,0,0,0.0021250054705888
2024-12-26 22:00:00,12,0,0,0.0021384640131145
2024-12-26 22:15:00,12,0,0,0.0019718355033546
2024-12-26 22:30:00,12,0,0,0.0020430288277566
2024-12-26 22:45:00,12,0,0,0.0018384660361334
2024-12-26 23:00:00,12,0,0,0.0021340972743928
2024-12-26 23:15:00,12,0,0,0.0021671403665095
2024-12-26 23:30:00,12,0,0,0.0024899179115891
2024-12-26 23:45:00,12,0,0,0.002684089820832
2024-12-27 00:15:00,12,0,0,0.002974517410621
2024-12-27 00:30:00,12,0,0,0.0058184750378131
2024-12-27 00:45:00,12,0,0,0.0055116959847509
2024-12-27 01:00:00,12,0,0,0.0038866614922881
2024-12-27 01:15:00,12,0,0,0.0028968958649784
2024-12-27 01:30:00,12,0,0,0.0023169633932411
2024-12-27 01:45:00,12,0,0,0.0024614282883703
2024-12-27 02:00:00,12,0,0,0.0025743804872035
2024-12-27 02:15:00,12,0,0,0.0043417601846158
2024-12-27 02:30:00,12,0,0,0.0037039793096482
2024-12-27 02:45:00,12,0,0,0.0038273385725915
2024-12-27 03:00:00,12,0,0,0.0383154563605785
2024-12-27 03:15:00,12,0,0,0.0445848926901817
2024-12-27 03:30:00,12,0,0,0.0115293338894844
2024-12-27 03:45:00,12,0,0,0.0375233627855777
2024-12-27 04:00:00,12,0,0,0.0272545367479324
2024-12-27 04:15:00,12,0,0,0.0173788703978061
2024-12-27 04:30:00,12,0,0,0.0045684785582125
2024-12-27 04:45:00,12,0,0,0.0065151215530931
2024-12-27 05:00:00,12,0,0,0.003628272563219
2024-12-27 05:15:00,12,0,0,0.0025827805511653
2024-12-27 05:30:00,12,0,0,0.0024203124921768
2024-12-27 05:45:00,12,0,0,0.0033117386046797
2024-12-27 06:00:00,12,0,0,0.0035616685636341
2024-12-27 06:15:00,12,0,0,0.0025951596908271
2024-12-27 06:30:00,12,0,0,0.0026594894006848
2024-12-27 06:45:00,12,0,0,0.0028943556826561
2024-12-27 07:00:00,12,0,0,0.002861262531951
2024-12-27 07:15:00,12,0,0,0.002362486673519
2024-12-27 07:30:00,12,0,0,0.0019029587274417
2024-12-27 07:45:00,12,0,0,0.0018706456758081
2024-12-27 08:00:00,12,0,0,0.0019486686214804
2024-12-27 08:15:00,12,0,0,0.002236085711047
2024-12-27 08:30:00,12,0,0,0.0024577372241765
2024-12-27 08:45:00,12,0,0,0.002839995548129
2024-12-27 09:00:00,12,0,0,0.0029294502455741
2024-12-27 09:15:00,12,0,0,0.0024728067219257
2024-12-27 09:30:00,12,0,0,0.0023914971388876
2024-12-27 09:45:00,12,0,0,0.0026804185472428
2024-12-27 10:00:00,12,0,0,0.0031521364580839
2024-12-27 10:15:00,12,0,0,0.0039258552715182
2024-12-27 10:30:00,12,0,0,0.0046809744089841
2024-12-27 10:45:00,12,0,0,0.0425720438361167
2024-12-27 11:00:00,12,0,0,0.1415077298879623
2024-12-27 11:15:00,12,0,0,0.2085876613855362
2024-12-27 11:30:00,12,0,0,0.0395788699388504
2024-12-27 11:45:00,12,0,0,0.2470041066408157
2024-12-27 12:00:00,12,0,1,0.4922359883785248
2024-12-27 12:15:00,12,0,1,0.5272862911224365
2024-12-27 12:30:00,12,0,0,0.4145595729351043
2024-12-27 12:45:00,12,0,0,0.4363684356212616
2024-12-27 13:00:00,12,0,0,0.1338543593883514
2024-12-27 13:15:00,12,1,0,0.0643694400787353
2024-12-27 13:30:00,12,0,0,0.1450625658035278
2024-12-27 13:45:00,12,0,0,0.3976184129714966
2024-12-27 14:00:00,12,0,1,0.5019761919975281
2024-12-27 14:15:00,12,1,1,0.5162062048912048
2024-12-27 14:30:00,12,0,1,0.5778273940086365
2024-12-27 14:45:00,12,0,1,0.6728737354278564
2024-12-27 15:00:00,12,0,1,0.7072199583053589
2024-12-27 15:15:00,12,0,1,0.7599373459815979
2024-12-27 15:30:00,12,0,1,0.7729041576385498
2024-12-27 15:45:00,12,0,1,0.7501971125602722
2024-12-27 16:00:00,12,0,1,0.782446563243866
2024-12-27 16:15:00,12,0,1,0.7731748819351196
2024-12-27 16:30:00,12,0,1,0.7332615852355957
2024-12-27 16:45:00,12,0,1,0.7544078826904297
2024-12-27 17:00:00,12,0,0,0.415378600358963
2024-12-27 17:15:00,12,0,0,0.3178097605705261
2024-12-27 17:30:00,12,0,0,0.2575104236602783
2024-12-27 17:45:00,12,0,0,0.3325730562210083
2024-12-27 18:00:00,12,0,0,0.2909022271633148
2024-12-27 18:15:00,12,0,0,0.1954054534435272
2024-12-27 18:30:00,12,0,0,0.4317434132099151
2024-12-27 18:45:00,12,0,0,0.2731850445270538
2024-12-27 19:00:00,12,0,0,0.0462884865701198
2024-12-27 19:15:00,12,0,0,0.0431232489645481
2024-12-27 19:30:00,12,0,0,0.0150885321199893
2024-12-27 19:45:00,12,0,0,0.0185523740947246
2024-12-27 20:00:00,12,0,0,0.0097598982974886
2024-12-27 20:15:00,12,0,0,0.2926526665687561
2024-12-27 20:30:00,12,0,0,0.4320428967475891
2024-12-27 20:45:00,12,0,1,0.5133472681045532
2024-12-27 21:00:00,12,0,1,0.5375385880470276
2024-12-27 21:15:00,12,0,0,0.4218163192272186
2024-12-27 21:30:00,12,0,0,0.2192105054855346
2024-12-27 21:45:00,12,0,0,0.1525393426418304
2024-12-27 22:00:00,12,0,0,0.4361912310123443
2024-12-27 22:15:00,12,0,0,0.4695263803005218
2024-12-27 22:30:00,12,0,1,0.5711839199066162
2024-12-27 22:45:00,12,0,1,0.5955873131752014
2024-12-27 23:00:00,12,0,1,0.5655721426010132
2024-12-27 23:15:00,12,0,0,0.4103352427482605
2024-12-27 23:30:00,12,0,0,0.4125454723834991
2024-12-27 23:45:00,12,0,0,0.3727252781391144
2024-12-28 00:15:00,12,0,0,0.3699814081192016
2024-12-28 00:30:00,12,0,0,0.3662688434123993
2024-12-28 00:45:00,12,0,1,0.4734700918197632
2024-12-28 01:00:00,12,0,0,0.4678272306919098
2024-12-28 01:15:00,12,0,0,0.4577248990535736
2024-12-28 01:30:00,12,0,0,0.3110519349575043
2024-12-28 01:45:00,12,0,0,0.193368911743164
2024-12-28 02:00:00,12,0,0,0.0962346270680427
2024-12-28 02:15:00,12,0,0,0.0628591850399971
2024-12-28 02:30:00,12,0,0,0.0174978263676166
2024-12-28 02:45:00,12,0,0,0.0069086607545614
2024-12-28 03:00:00,12,0,0,0.0129230711609125
2024-12-28 03:15:00,12,0,0,0.0071046059019863
2024-12-28 03:30:00,12,0,0,0.0119211319833993
2024-12-28 03:45:00,12,0,0,0.015857059508562
2024-12-28 04:00:00,12,0,0,0.0399527102708816
2024-12-28 04:15:00,12,0,0,0.0102542452514171
2024-12-28 04:30:00,12,0,0,0.0098092379048466
2024-12-28 04:45:00,12,0,0,0.3525370359420776
2024-12-28 05:00:00,12,0,0,0.4525446891784668
2024-12-28 05:15:00,12,0,1,0.4984297156333923
2024-12-28 05:30:00,12,0,1,0.5159188508987427
2024-12-28 05:45:00,12,0,1,0.4941692352294922
2024-12-28 06:00:00,12,0,0,0.2221639454364776
2024-12-28 06:15:00,12,0,0,0.0830123499035835
2024-12-28 06:30:00,12,0,0,0.0385218188166618
2024-12-28 06:45:00,12,0,0,0.0212536882609128
2024-12-28 07:00:00,12,0,0,0.0088754631578922
2024-12-28 07:15:00,12,0,0,0.0075185713358223
2024-12-28 07:30:00,12,0,0,0.0095890229567885
2024-12-28 07:45:00,12,0,0,0.0061873313970863
2024-12-28 08:00:00,12,0,0,0.0077583915553987
2024-12-28 08:15:00,12,0,0,0.0053395126014947
2024-12-28 08:30:00,12,0,0,0.0043823821470141
2024-12-28 08:45:00,12,0,0,0.0037721677217632
2024-12-28 09:00:00,12,0,0,0.0037810844369232
2024-12-28 09:15:00,12,0,0,0.0058563887141644
2024-12-28 09:30:00,12,0,0,0.0058957762084901
2024-12-28 09:45:00,12,0,0,0.0036704489029943
2024-12-28 10:00:00,12,0,0,0.0029308490920811
2024-12-28 10:15:00,12,0,0,0.0032097408547997
2024-12-28 10:30:00,12,0,0,0.0027802258264273
2024-12-28 10:45:00,12,0,0,0.0025655748322606
2024-12-28 11:00:00,12,0,0,0.0028035065624862
2024-12-28 11:15:00,12,0,0,0.0031959519255906
2024-12-28 11:30:00,12,0,0,0.0028479101601988
2024-12-28 11:45:00,12,0,0,0.0029046379495412
2024-12-28 12:00:00,12,0,0,0.0030636077281087
2024-12-28 12:15:00,12,0,0,0.0028772705700248
2024-12-28 12:30:00,12,0,0,0.002667345572263
2024-12-28 12:45:00,12,0,0,0.0030203196220099
2024-12-28 13:00:00,12,0,0,0.0026202767621725
2024-12-28 13:15:00,12,0,0,0.0028585200197994
2024-12-28 13:30:00,12,0,0,0.003265676787123
2024-12-28 13:45:00,12,0,0,0.0029967939481139
2024-12-28 14:00:00,12,0,0,0.0029333874117583
2024-12-28 14:15:00,12,0,0,0.0029571102932095
2024-12-28 14:30:00,12,0,0,0.0035452463198453
2024-12-28 14:45:00,12,0,0,0.003164651338011
2024-12-28 15:00:00,12,0,0,0.0033705050591379
2024-12-28 15:15:00,12,0,0,0.0031125962268561
2024-12-28 15:30:00,12,0,0,0.0027558642905205
2024-12-28 15:45:00,12,0,0,0.0029107446316629
2024-12-28 16:00:00,12,0,0,0.0029892444144934
2024-12-28 16:15:00,12,0,0,0.0031169725116342
2024-12-28 16:30:00,12,0,0,0.0037428115028887
2024-12-28 16:45:00,12,0,0,0.0026836914476007
2024-12-28 17:00:00,12,0,0,0.003142240922898
2024-12-28 17:15:00,12,0,0,0.0051234737038612
2024-12-28 17:30:00,12,0,0,0.0077829794026911
2024-12-28 17:45:00,12,0,0,0.1209995374083519
2024-12-28 18:00:00,12,0,0,0.4116457402706146
2024-12-28 18:15:00,12,0,1,0.4907678067684173
2024-12-28 18:30:00,12,0,1,0.543264627456665
2024-12-28 18:45:00,12,0,0,0.2959466278553009
2024-12-28 19:00:00,12,0,0,0.0177265387028455
2024-12-28 19:15:00,12,0,0,0.0059312125667929
2024-12-28 19:30:00,12,0,0,0.0060827569104731
2024-12-28 19:45:00,12,0,0,0.0220448412001132
2024-12-28 20:00:00,12,0,0,0.3891535103321075
2024-12-28 20:15:00,12,0,0,0.3895522654056549
2024-12-28 20:30:00,12,0,1,0.5115507245063782
2024-12-28 20:45:00,12,0,1,0.5720614194869995
2024-12-28 21:00:00,12,0,0,0.3258149325847626
2024-12-28 21:15:00,12,0,0,0.1474348753690719
2024-12-28 21:30:00,12,0,0,0.1847496181726455
2024-12-28 21:45:00,12,0,0,0.3271306455135345
2024-12-28 22:00:00,12,0,0,0.0676168575882911
2024-12-28 22:15:00,12,0,0,0.0501106306910514
2024-12-28 22:30:00,12,0,0,0.4508589804172516
2024-12-28 22:45:00,12,0,0,0.4179945588111877
2024-12-28 23:00:00,12,0,1,0.5278154015541077
2024-12-28 23:15:00,12,0,1,0.5600614547729492
2024-12-28 23:30:00,12,0,1,0.5816343426704407
2024-12-28 23:45:00,12,0,1,0.5769355297088623
2024-12-29 00:15:00,12,1,1,0.7059192657470703
2024-12-29 00:30:00,12,0,1,0.6883726716041565
2024-12-29 00:45:00,12,0,1,0.7156139612197876
2024-12-29 01:00:00,12,0,1,0.752632737159729
2024-12-29 01:15:00,12,0,1,0.7153655886650085
2024-12-29 01:30:00,12,0,1,0.5734529495239258
2024-12-29 01:45:00,12,0,0,0.40910804271698
2024-12-29 02:00:00,12,0,1,0.6141494512557983
2024-12-29 02:15:00,12,0,1,0.5737976431846619
2024-12-29 02:30:00,12,0,0,0.4789274036884308
2024-12-29 02:45:00,12,0,1,0.5588027238845825
2024-12-29 03:00:00,12,0,1,0.5874303579330444
2024-12-29 03:15:00,12,0,1,0.5137988328933716
2024-12-29 03:30:00,12,0,0,0.3756566345691681
2024-12-29 03:45:00,12,0,0,0.2856112122535705
2024-12-29 04:00:00,12,0,1,0.563143789768219
2024-12-29 04:15:00,12,1,1,0.5097878575325012
2024-12-29 04:30:00,12,1,0,0.4631825685501098
2024-12-29 04:45:00,12,1,0,0.4669983386993408
2024-12-29 05:00:00,12,1,1,0.4934663474559784
2024-12-29 05:15:00,12,1,1,0.5198677778244019
2024-12-29 05:30:00,12,1,1,0.5291463136672974
2024-12-29 05:45:00,12,1,1,0.5350730419158936
2024-12-29 06:00:00,12,1,1,0.5384790897369385
2024-12-29 06:15:00,12,1,1,0.5421950817108154
2024-12-29 06:30:00,12,1,1,0.5764119625091553
2024-12-29 06:45:00,12,1,1,0.5729409456253052
2024-12-29 07:00:00,12,1,1,0.5602668523788452
2024-12-29 07:15:00,12,1,1,0.5432755947113037
2024-12-29 07:30:00,12,1,1,0.5598807334899902
2024-12-29 07:45:00,12,1,1,0.6422149538993835
2024-12-29 08:00:00,12,0,1,0.5906598567962646
2024-12-29 08:15:00,12,1,1,0.5811668038368225
2024-12-29 08:30:00,12,1,1,0.6028177738189697
2024-12-29 08:45:00,12,1,1,0.7624565362930298
2024-12-29 09:00:00,12,1,1,0.5459755063056946
2024-12-29 09:15:00,12,1,0,0.3063651323318481
2024-12-29 09:30:00,12,0,0,0.2062972486019134
2024-12-29 09:45:00,12,0,0,0.0564864724874496
2024-12-29 10:00:00,12,0,0,0.0303319059312343
2024-12-29 10:15:00,12,0,0,0.0356836877763271
2024-12-29 10:30:00,12,0,0,0.0220955219119787
2024-12-29 10:45:00,12,0,0,0.016564866527915
2024-12-29 11:00:00,12,0,0,0.0451429150998592
2024-12-29 11:15:00,12,0,0,0.2685543000698089
2024-12-29 11:30:00,12,0,0,0.321762204170227
2024-12-29 11:45:00,12,0,0,0.3579432666301727
2024-12-29 12:00:00,12,0,0,0.3532584905624389
2024-12-29 12:15:00,12,0,0,0.3943742215633392
2024-12-29 12:30:00,12,0,0,0.3109728693962097
2024-12-29 12:45:00,12,0,0,0.0287357792258262
2024-12-29 13:00:00,12,0,0,0.0131772393360733
2024-12-29 13:15:00,12,0,0,0.0111183198168873
2024-12-29 13:30:00,12,0,0,0.040323220193386
2024-12-29 13:45:00,12,0,0,0.0200494471937418
2024-12-29 14:00:00,12,0,0,0.0092689171433448
2024-12-29 14:15:00,12,0,0,0.0075755449943244
2024-12-29 14:30:00,12,0,0,0.0285531654953956
2024-12-29 14:45:00,12,0,0,0.042682446539402
2024-12-29 15:00:00,12,0,0,0.0312968268990516
2024-12-29 15:15:00,12,0,0,0.0639806538820266
2024-12-29 15:30:00,12,0,0,0.3676127791404724
2024-12-29 15:45:00,12,0,0,0.3354512453079223
2024-12-29 16:00:00,12,0,0,0.3820180594921112
2024-12-29 16:15:00,12,0,0,0.4821231365203857
2024-12-29 16:30:00,12,0,1,0.5553862452507019
2024-12-29 16:45:00,12,0,0,0.0885214209556579
2024-12-29 17:00:00,12,0,0,0.0079592783004045
2024-12-29 17:15:00,12,0,0,0.0038324340712279
2024-12-29 17:30:00,12,0,0,0.0402466170489788
2024-12-29 17:45:00,12,0,0,0.0305329971015453
2024-12-29 18:00:00,12,0,0,0.0040474035777151
2024-12-29 18:15:00,12,0,0,0.0041060419753193
2024-12-29 18:30:00,12,0,0,0.004869773518294
2024-12-29 18:45:00,12,0,0,0.0045443587005138
2024-12-29 19:00:00,12,0,0,0.0041542719118297
2024-12-29 19:15:00,12,0,0,0.0025704065337777
2024-12-29 19:30:00,12,0,0,0.0033232977148145
2024-12-29 19:45:00,12,0,0,0.0035625300370156
2024-12-29 20:00:00,12,0,0,0.0035206908360123
2024-12-29 20:15:00,12,0,0,0.0051736976020038
2024-12-29 20:30:00,12,0,0,0.0034263033885508
2024-12-29 20:45:00,12,0,0,0.0040508951060473
2024-12-29 21:00:00,12,0,0,0.0053930152207612
2024-12-29 21:15:00,12,0,0,0.0055077373981475
2024-12-29 21:30:00,12,0,0,0.0061795618385076
2024-12-29 21:45:00,12,0,0,0.0072076036594808
2024-12-29 22:00:00,12,0,0,0.0067028179764747
2024-12-29 22:15:00,12,0,0,0.0088827405124902
2024-12-29 22:30:00,12,0,0,0.011074723675847
2024-12-29 22:45:00,12,0,0,0.007325773127377
2024-12-29 23:00:00,12,0,0,0.0046359454281628
2024-12-29 23:15:00,12,0,0,0.0054441587999463
2024-12-29 23:30:00,12,0,0,0.0531738102436065
2024-12-29 23:45:00,12,0,0,0.0080142840743064
2024-12-30 00:15:00,12,0,0,0.0058638034388422
2024-12-30 00:30:00,12,0,0,0.0052829342894256
2024-12-30 00:45:00,12,0,0,0.0115821044892072
2024-12-30 01:00:00,12,0,0,0.0092690410092473
2024-12-30 01:15:00,12,0,0,0.0044053252786397
2024-12-30 01:30:00,12,0,0,0.0041912095621228
2024-12-30 01:45:00,12,0,0,0.0044000740163028
2024-12-30 02:00:00,12,0,0,0.0039675342850387
2024-12-30 02:15:00,12,0,0,0.0047800322063267
2024-12-30 02:30:00,12,0,0,0.0067678457126021
2024-12-30 02:45:00,12,0,0,0.0056897248141467
2024-12-30 03:00:00,12,0,0,0.0056172786280512
2024-12-30 03:15:00,12,0,0,0.0045738015323877
2024-12-30 03:30:00,12,0,0,0.0035665952600538
2024-12-30 03:45:00,12,0,0,0.0034077439922839
2024-12-30 04:00:00,12,0,0,0.0036583400797098
2024-12-30 04:15:00,12,0,0,0.0051689543761312
2024-12-30 04:30:00,12,0,0,0.0067168846726417
2024-12-30 04:45:00,12,0,0,0.0051027620211243
2024-12-30 05:00:00,12,0,0,0.0054336776956915
2024-12-30 05:15:00,12,0,0,0.006291483528912
2024-12-30 05:30:00,12,0,0,0.0069053783081471
2024-12-30 05:45:00,12,0,0,0.0083552440628409
2024-12-30 06:00:00,12,0,0,0.008594274520874
2024-12-30 06:15:00,12,0,0,0.0098488554358482
2024-12-30 06:30:00,12,0,0,0.0077625196427106
2024-12-30 06:45:00,12,0,0,0.009512354619801
2024-12-30 07:00:00,12,0,0,0.0116257527843117
2024-12-30 07:15:00,12,0,0,0.0097985602915287
2024-12-30 07:30:00,12,0,0,0.0111158676445484
2024-12-30 07:45:00,12,0,0,0.0094287227839231
2024-12-30 08:00:00,12,0,0,0.0099762352183461
2024-12-30 08:15:00,12,0,0,0.0124369813129305
2024-12-30 08:30:00,12,0,0,0.0113837057724595
2024-12-30 08:45:00,12,0,0,0.0109105110168457
2024-12-30 09:00:00,12,0,0,0.0132346674799919
2024-12-30 09:15:00,12,0,0,0.0190379209816455
2024-12-30 09:30:00,12,0,0,0.0119298296049237
2024-12-30 09:45:00,12,0,0,0.0112253548577427
2024-12-30 10:00:00,12,0,0,0.0124661670997738
2024-12-30 10:15:00,12,0,0,0.009481637738645
2024-12-30 10:30:00,12,0,0,0.0080532180145382
2024-12-30 10:45:00,12,0,0,0.0164007470011711
2024-12-30 11:00:00,12,0,0,0.0158229675143957
2024-12-30 11:15:00,12,0,0,0.0120334727689623
2024-12-30 11:30:00,12,0,0,0.0100863333791494
2024-12-30 11:45:00,12,0,0,0.0090560251846909
2024-12-30 12:00:00,12,0,0,0.0137872686609625
2024-12-30 12:15:00,12,0,0,0.0122681865468621
2024-12-30 12:30:00,12,0,0,0.0155918626114726
2024-12-30 12:45:00,12,0,0,0.0147724831476807
2024-12-30 13:00:00,12,0,0,0.0176087487488985
2024-12-30 13:15:00,12,0,0,0.0117223532870411
2024-12-30 13:30:00,12,0,0,0.007565835956484
2024-12-30 13:45:00,12,0,0,0.00719999615103
2024-12-30 14:00:00,12,0,0,0.0098330602049827
2024-12-30 14:15:00,12,0,0,0.0076090455986559
2024-12-30 14:30:00,12,0,0,0.0095716221258044
2024-12-30 14:45:00,12,0,0,0.0115978885442018
2024-12-30 15:00:00,12,0,0,0.0079437531530857
2024-12-30 15:15:00,12,0,0,0.0081273056566715
2024-12-30 15:30:00,12,0,0,0.0046328487806022
2024-12-30 15:45:00,12,0,0,0.0095532378181815
2024-12-30 16:00:00,12,0,0,0.0090897614136338
2024-12-30 16:15:00,12,0,0,0.0075160171836614
2024-12-30 16:30:00,12,0,0,0.0075327972881495
2024-12-30 16:45:00,12,0,0,0.006597458384931
2024-12-30 17:00:00,12,0,0,0.0048364195972681
2024-12-30 17:15:00,12,0,0,0.0035212445072829
2024-12-30 17:30:00,12,0,0,0.0030147521756589
2024-12-30 17:45:00,12,0,0,0.0024084998294711
2024-12-30 18:00:00,12,0,0,0.0027480579447001
2024-12-30 18:15:00,12,0,0,0.0040828669443726
2024-12-30 18:30:00,12,0,0,0.0046886596828699
2024-12-30 18:45:00,12,0,0,0.0025841563474386
2024-12-30 19:00:00,12,0,0,0.0023167643230408
2024-12-30 19:15:00,12,0,0,0.0036459723487496
2024-12-30 19:30:00,12,0,0,0.0031086099334061
2024-12-30 19:45:00,12,0,0,0.0026108801830559
2024-12-30 20:00:00,12,0,0,0.002772701671347
2024-12-30 20:15:00,12,0,0,0.0028369016945362
2024-12-30 20:30:00,12,0,0,0.0033957539126276
2024-12-30 20:45:00,12,0,0,0.0041194753721356
2024-12-30 21:00:00,12,0,0,0.0057555995881557
2024-12-30 21:15:00,12,0,0,0.0072641088627278
2024-12-30 21:30:00,12,0,0,0.0072610769420862
2024-12-30 21:45:00,12,0,0,0.0152358179911971
2024-12-30 22:00:00,12,0,0,0.009586370550096
2024-12-30 22:15:00,12,0,0,0.0080413380637764
2024-12-30 22:30:00,12,0,0,0.0087970001623034
2024-12-30 22:45:00,12,0,0,0.0066786133684217
2024-12-30 23:00:00,12,0,0,0.0032548101153224
2024-12-30 23:15:00,12,0,0,0.0050596366636455
2024-12-30 23:30:00,12,0,0,0.0062544685788452
2024-12-30 23:45:00,12,0,0,0.0056475950405001
