datetime,week_idx,is_high_true,is_high_pred,proba_high
2024-10-01 01:00:00,0,0,0,0.18831162
2024-10-01 01:15:00,0,0,0,0.10516002
2024-10-01 01:30:00,0,0,0,0.18784924
2024-10-01 01:45:00,0,0,0,0.15936624
2024-10-01 02:00:00,0,0,0,0.056336157
2024-10-01 02:15:00,0,0,0,0.055314507
2024-10-01 02:30:00,0,0,0,0.064324
2024-10-01 02:45:00,0,0,0,0.094717376
2024-10-01 03:00:00,0,0,0,0.13424534
2024-10-01 03:15:00,0,0,0,0.09990546
2024-10-01 03:30:00,0,0,0,0.09691164
2024-10-01 03:45:00,0,0,0,0.118323445
2024-10-01 04:00:00,0,0,0,0.16095793
2024-10-01 04:15:00,0,0,0,0.12313753
2024-10-01 04:30:00,0,0,0,0.20021246
2024-10-01 04:45:00,0,0,0,0.28177547
2024-10-01 05:00:00,0,0,0,0.18959126
2024-10-01 05:15:00,0,0,0,0.13960673
2024-10-01 05:30:00,0,0,0,0.0803437
2024-10-01 05:45:00,0,0,0,0.055175927
2024-10-01 06:00:00,0,0,0,0.037016787
2024-10-01 06:15:00,0,0,0,0.04422344
2024-10-01 06:30:00,0,0,0,0.050019022
2024-10-01 06:45:00,0,0,0,0.058759682
2024-10-01 07:00:00,0,0,0,0.044049326
2024-10-01 07:15:00,0,0,0,0.042870898
2024-10-01 07:30:00,0,0,0,0.03127282
2024-10-01 07:45:00,0,0,0,0.019882083
2024-10-01 08:00:00,0,0,0,0.017093189
2024-10-01 08:15:00,0,0,0,0.013836582
2024-10-01 08:30:00,0,0,0,0.013483279
2024-10-01 08:45:00,0,0,0,0.01385622
2024-10-01 09:00:00,0,0,0,0.015059694
2024-10-01 09:15:00,0,0,0,0.015614844
2024-10-01 09:30:00,0,0,0,0.0152636375
2024-10-01 09:45:00,0,0,0,0.01453095
2024-10-01 10:00:00,0,0,0,0.014347213
2024-10-01 10:15:00,0,0,0,0.0138913
2024-10-01 10:30:00,0,0,0,0.012436658
2024-10-01 10:45:00,0,0,0,0.01297038
2024-10-01 11:00:00,0,0,0,0.013645012
2024-10-01 11:15:00,0,0,0,0.013461209
2024-10-01 11:30:00,0,0,0,0.012116654
2024-10-01 11:45:00,0,0,0,0.011490934
2024-10-01 12:00:00,0,0,0,0.011531598
2024-10-01 12:15:00,0,0,0,0.011472754
2024-10-01 12:30:00,0,0,0,0.010830647
2024-10-01 12:45:00,0,0,0,0.011020023
2024-10-01 13:00:00,0,0,0,0.009592572
2024-10-01 13:15:00,0,0,0,0.0091304
2024-10-01 13:30:00,0,0,0,0.00905046
2024-10-01 13:45:00,0,0,0,0.009423523
2024-10-01 14:00:00,0,0,0,0.009245691
2024-10-01 14:15:00,0,0,0,0.00937186
2024-10-01 14:30:00,0,0,0,0.009865579
2024-10-01 14:45:00,0,0,0,0.010369076
2024-10-01 15:00:00,0,0,0,0.011131062
2024-10-01 15:15:00,0,0,0,0.011543812
2024-10-01 15:30:00,0,0,0,0.012123889
2024-10-01 15:45:00,0,0,0,0.011781614
2024-10-01 16:00:00,0,0,0,0.0115413675
2024-10-01 16:15:00,0,0,0,0.010854682
2024-10-01 16:30:00,0,0,0,0.010399229
2024-10-01 16:45:00,0,0,0,0.0103960065
2024-10-01 17:00:00,0,0,0,0.010858927
2024-10-01 17:15:00,0,0,0,0.01158756
2024-10-01 17:30:00,0,0,0,0.011714998
2024-10-01 17:45:00,0,0,0,0.012450835
2024-10-01 18:00:00,0,0,0,0.012541348
2024-10-01 18:15:00,0,0,0,0.012161787
2024-10-01 18:30:00,0,0,0,0.011944601
2024-10-01 18:45:00,0,0,0,0.012215651
2024-10-01 19:00:00,0,0,0,0.01160602
2024-10-01 19:15:00,0,0,0,0.012366958
2024-10-01 19:30:00,0,0,0,0.013141805
2024-10-01 19:45:00,0,0,0,0.014266071
2024-10-01 20:00:00,0,0,0,0.015546463
2024-10-01 20:15:00,0,0,0,0.014998215
2024-10-01 20:30:00,0,0,0,0.0152032105
2024-10-01 20:45:00,0,0,0,0.015319765
2024-10-01 21:00:00,0,0,0,0.017181275
2024-10-01 21:15:00,0,0,0,0.019804435
2024-10-01 21:30:00,0,0,0,0.019892244
2024-10-01 21:45:00,0,0,0,0.022266747
2024-10-01 22:00:00,0,0,0,0.032723434
2024-10-01 22:15:00,0,0,0,0.031949304
2024-10-01 22:30:00,0,0,0,0.023976143
2024-10-01 22:45:00,0,0,0,0.022011274
2024-10-01 23:00:00,0,0,0,0.027508454
2024-10-01 23:15:00,0,0,0,0.03137181
2024-10-01 23:30:00,0,0,0,0.032639086
2024-10-01 23:45:00,0,0,0,0.024317991
2024-10-02 00:15:00,0,0,0,0.021268666
2024-10-02 00:30:00,0,0,0,0.0220069
2024-10-02 00:45:00,0,0,0,0.021914808
2024-10-02 01:00:00,0,0,0,0.021402068
2024-10-02 01:15:00,0,0,0,0.019591574
2024-10-02 01:30:00,0,0,0,0.02004617
2024-10-02 01:45:00,0,0,0,0.020152664
2024-10-02 02:00:00,0,0,0,0.019922568
2024-10-02 02:15:00,0,0,0,0.022420561
2024-10-02 02:30:00,0,0,0,0.025923222
2024-10-02 02:45:00,0,0,0,0.029556107
2024-10-02 03:00:00,0,0,0,0.026023638
2024-10-02 03:15:00,0,0,0,0.0230872
2024-10-02 03:30:00,0,0,0,0.02934132
2024-10-02 03:45:00,0,0,0,0.01917029
2024-10-02 04:00:00,0,0,0,0.0122925695
2024-10-02 04:15:00,0,0,0,0.010398846
2024-10-02 04:30:00,0,0,0,0.008943546
2024-10-02 04:45:00,0,0,0,0.0088545345
2024-10-02 05:00:00,0,0,0,0.008766234
2024-10-02 05:15:00,0,0,0,0.008448176
2024-10-02 05:30:00,0,0,0,0.007906073
2024-10-02 05:45:00,0,0,0,0.008270129
2024-10-02 06:00:00,0,0,0,0.0073415367
2024-10-02 06:15:00,0,0,0,0.007210984
2024-10-02 06:30:00,0,0,0,0.007021665
2024-10-02 06:45:00,0,0,0,0.0067233793
2024-10-02 07:00:00,0,0,0,0.0073061
2024-10-02 07:15:00,0,0,0,0.0074157305
2024-10-02 07:30:00,0,0,0,0.0071805483
2024-10-02 07:45:00,0,0,0,0.007201338
2024-10-02 08:00:00,0,0,0,0.0073320037
2024-10-02 08:15:00,0,0,0,0.007151865
2024-10-02 08:30:00,0,0,0,0.007254387
2024-10-02 08:45:00,0,0,0,0.0074307527
2024-10-02 09:00:00,0,0,0,0.007352589
2024-10-02 09:15:00,0,0,0,0.0073468555
2024-10-02 09:30:00,0,0,0,0.007327806
2024-10-02 09:45:00,0,0,0,0.0068772086
2024-10-02 10:00:00,0,0,0,0.007288344
2024-10-02 12:00:00,0,0,0,0.0075176405
2024-10-02 12:15:00,0,0,0,0.007529945
2024-10-02 12:30:00,0,0,0,0.0067945383
2024-10-02 12:45:00,0,0,0,0.0069263917
2024-10-02 13:00:00,0,0,0,0.0068754945
2024-10-02 13:15:00,0,0,0,0.0069921045
2024-10-02 13:30:00,0,0,0,0.006883663
2024-10-02 13:45:00,0,0,0,0.007059442
2024-10-02 14:00:00,0,0,0,0.006646289
2024-10-02 14:15:00,0,0,0,0.007297985
2024-10-02 14:30:00,0,0,0,0.006745345
2024-10-02 14:45:00,0,0,0,0.006805588
2024-10-02 15:00:00,0,0,0,0.0063754804
2024-10-02 15:15:00,0,0,0,0.0065395837
2024-10-02 15:30:00,0,0,0,0.0065264488
2024-10-02 15:45:00,0,0,0,0.0064799846
2024-10-02 16:00:00,0,0,0,0.006603834
2024-10-02 16:15:00,0,0,0,0.006858419
2024-10-02 16:30:00,0,0,0,0.006832905
2024-10-02 16:45:00,0,0,0,0.0071367845
2024-10-02 17:00:00,0,0,0,0.00728895
2024-10-02 17:15:00,0,0,0,0.007452938
2024-10-02 17:30:00,0,0,0,0.0102161905
2024-10-02 17:45:00,0,0,0,0.0098062605
2024-10-02 18:00:00,0,0,0,0.009145522
2024-10-02 18:15:00,0,0,0,0.010525412
2024-10-02 18:30:00,0,0,0,0.014104145
2024-10-02 18:45:00,0,0,0,0.018690689
2024-10-02 19:00:00,0,0,0,0.018331703
2024-10-02 19:15:00,0,0,0,0.019114783
2024-10-02 19:30:00,0,0,0,0.070844546
2024-10-02 19:45:00,0,0,1,0.5484844
2024-10-02 20:00:00,0,1,1,0.58736193
2024-10-02 20:15:00,0,1,1,0.5636041
2024-10-02 20:30:00,0,1,0,0.18039103
2024-10-02 20:45:00,0,0,0,0.052377656
2024-10-02 21:00:00,0,0,0,0.032332942
2024-10-02 21:15:00,0,0,0,0.32976094
2024-10-02 21:30:00,0,1,1,0.5909871
2024-10-02 21:45:00,0,1,1,0.6088037
2024-10-02 22:00:00,0,1,1,0.66732
2024-10-02 22:15:00,0,1,1,0.6916574
2024-10-02 22:30:00,0,1,1,0.68381166
2024-10-02 22:45:00,0,1,1,0.6932793
2024-10-02 23:00:00,0,1,1,0.6962731
2024-10-02 23:15:00,0,1,1,0.70906395
2024-10-02 23:30:00,0,1,1,0.71203613
2024-10-02 23:45:00,0,1,1,0.73361903
2024-10-03 00:15:00,0,1,1,0.7312353
2024-10-03 00:30:00,0,1,1,0.7166168
2024-10-03 00:45:00,0,1,1,0.71293044
2024-10-03 01:00:00,0,1,1,0.720935
2024-10-03 01:15:00,0,1,1,0.7227601
2024-10-03 01:30:00,0,1,1,0.7233559
2024-10-03 01:45:00,0,1,1,0.71173245
2024-10-03 02:00:00,0,1,1,0.71431714
2024-10-03 02:15:00,0,1,1,0.72122276
2024-10-03 02:30:00,0,1,1,0.6906882
2024-10-03 02:45:00,0,1,1,0.7137913
2024-10-03 03:00:00,0,1,1,0.7200576
2024-10-03 03:15:00,0,1,1,0.7219995
2024-10-03 03:30:00,0,1,1,0.6872693
2024-10-03 03:45:00,0,1,1,0.6882024
2024-10-03 04:00:00,0,1,1,0.6949816
2024-10-03 04:15:00,0,1,1,0.7165388
2024-10-03 04:30:00,0,1,1,0.660266
2024-10-03 04:45:00,0,1,1,0.6500815
2024-10-03 05:00:00,0,1,1,0.6344004
2024-10-03 05:15:00,0,1,1,0.637411
2024-10-03 05:30:00,0,1,1,0.6581884
2024-10-03 05:45:00,0,1,1,0.67928886
2024-10-03 06:00:00,0,1,1,0.7095024
2024-10-03 06:15:00,0,1,1,0.70665765
2024-10-03 06:30:00,0,1,1,0.7195014
2024-10-03 06:45:00,0,1,1,0.6905798
2024-10-03 07:00:00,0,1,1,0.6354156
2024-10-03 07:15:00,0,1,1,0.58946276
2024-10-03 07:30:00,0,1,1,0.5735097
2024-10-03 07:45:00,0,0,0,0.49159747
2024-10-03 08:00:00,0,0,1,0.5419311
2024-10-03 08:15:00,0,0,0,0.31263697
2024-10-03 08:30:00,0,0,0,0.043093354
2024-10-03 08:45:00,0,0,0,0.03459552
2024-10-03 09:00:00,0,0,0,0.019969538
2024-10-03 09:15:00,0,0,0,0.0155444555
2024-10-03 09:30:00,0,0,0,0.011089489
2024-10-03 09:45:00,0,0,0,0.0076553007
2024-10-03 11:00:00,0,0,0,0.0075808554
2024-10-03 11:15:00,0,0,0,0.0069504506
2024-10-03 11:30:00,0,0,0,0.0067933993
2024-10-03 11:45:00,0,0,0,0.0052540326
2024-10-03 12:00:00,0,0,0,0.004996738
2024-10-03 12:15:00,0,0,0,0.0043772403
2024-10-03 12:30:00,0,0,0,0.005541765
2024-10-03 12:45:00,0,0,0,0.004961241
2024-10-03 13:00:00,0,0,0,0.005058112
2024-10-03 13:15:00,0,0,0,0.005864196
2024-10-03 13:30:00,0,0,0,0.005277481
2024-10-03 13:45:00,0,0,0,0.0058882227
2024-10-03 14:00:00,0,0,0,0.005617645
2024-10-03 14:15:00,0,0,0,0.007848629
2024-10-03 14:30:00,0,0,0,0.00642276
2024-10-03 14:45:00,0,0,0,0.006262105
2024-10-03 15:00:00,0,0,0,0.007506043
2024-10-03 15:15:00,0,0,0,0.0051547796
2024-10-03 15:30:00,0,0,0,0.0055399626
2024-10-03 15:45:00,0,0,0,0.005212231
2024-10-03 16:00:00,0,0,0,0.0055016987
2024-10-03 16:15:00,0,0,0,0.006257165
2024-10-03 16:30:00,0,0,0,0.0068806
2024-10-03 16:45:00,0,0,0,0.0066224695
2024-10-03 17:00:00,0,0,0,0.006979758
2024-10-03 17:15:00,0,0,0,0.006346166
2024-10-03 17:30:00,0,0,0,0.008659899
2024-10-03 17:45:00,0,0,0,0.0102808485
2024-10-03 18:00:00,0,0,0,0.01567193
2024-10-03 18:15:00,0,0,0,0.051205713
2024-10-03 18:30:00,0,1,1,0.50889504
2024-10-03 18:45:00,0,1,1,0.6125288
2024-10-03 19:00:00,0,1,1,0.6009987
2024-10-03 19:15:00,0,1,0,0.44069046
2024-10-03 19:30:00,0,1,0,0.11195186
2024-10-03 19:45:00,0,1,0,0.42912433
2024-10-03 20:00:00,0,1,1,0.5140689
2024-10-03 20:15:00,0,0,0,0.25601396
2024-10-03 20:30:00,0,0,0,0.20271343
2024-10-03 20:45:00,0,0,0,0.025003875
2024-10-03 21:00:00,0,0,0,0.024481358
2024-10-03 21:15:00,0,0,0,0.06048552
2024-10-03 21:30:00,0,0,0,0.03908137
2024-10-03 21:45:00,0,0,0,0.015969666
2024-10-03 22:00:00,0,0,0,0.024119407
2024-10-03 22:15:00,0,0,0,0.024154056
2024-10-03 22:30:00,0,0,0,0.07858265
2024-10-03 22:45:00,0,0,0,0.07009837
2024-10-03 23:00:00,0,0,0,0.05896704
2024-10-03 23:15:00,0,0,0,0.034358427
2024-10-03 23:30:00,0,0,0,0.0388109
2024-10-03 23:45:00,0,0,0,0.038790822
2024-10-04 00:15:00,0,0,0,0.022949029
2024-10-04 00:30:00,0,0,0,0.025155716
2024-10-04 00:45:00,0,0,0,0.04865534
2024-10-04 01:00:00,0,1,0,0.3558097
2024-10-04 01:15:00,0,0,1,0.51522106
2024-10-04 01:30:00,0,0,0,0.33516818
2024-10-04 01:45:00,0,0,0,0.4088986
2024-10-04 02:00:00,0,0,0,0.23553212
2024-10-04 02:15:00,0,0,0,0.12174966
2024-10-04 02:30:00,0,0,0,0.13240585
2024-10-04 02:45:00,0,0,0,0.10304037
2024-10-04 03:00:00,0,0,0,0.34150863
2024-10-04 03:15:00,0,0,1,0.5561382
2024-10-04 03:30:00,0,0,1,0.5663063
2024-10-04 03:45:00,0,0,1,0.5893334
2024-10-04 04:00:00,0,0,1,0.660804
2024-10-04 04:15:00,0,0,1,0.65520203
2024-10-04 04:30:00,0,0,1,0.63708824
2024-10-04 04:45:00,0,0,1,0.6685002
2024-10-04 05:00:00,0,0,1,0.6960896
2024-10-04 05:15:00,0,0,1,0.6796867
2024-10-04 05:30:00,0,0,1,0.6537445
2024-10-04 05:45:00,0,0,1,0.62409425
2024-10-04 06:00:00,0,0,1,0.6927132
2024-10-04 06:15:00,0,0,1,0.63390976
2024-10-04 06:30:00,0,0,1,0.57027906
2024-10-04 06:45:00,0,0,0,0.46589816
2024-10-04 07:00:00,0,0,0,0.43317965
2024-10-04 07:15:00,0,0,0,0.43854585
2024-10-04 07:30:00,0,0,0,0.26320463
2024-10-04 07:45:00,0,0,0,0.09778109
2024-10-04 08:00:00,0,0,0,0.048947018
2024-10-04 08:15:00,0,0,0,0.06852573
2024-10-04 08:30:00,0,0,0,0.04418957
2024-10-04 08:45:00,0,0,0,0.054469675
2024-10-04 09:00:00,0,0,0,0.039268993
2024-10-04 09:15:00,0,0,0,0.010797231
2024-10-04 09:30:00,0,0,0,0.008756267
2024-10-04 09:45:00,0,0,0,0.009318933
2024-10-04 10:00:00,0,0,0,0.0066596563
2024-10-04 10:15:00,0,0,0,0.0055282735
2024-10-04 10:30:00,0,0,0,0.005799367
2024-10-04 10:45:00,0,0,0,0.005725847
2024-10-04 11:00:00,0,0,0,0.0073433896
2024-10-04 11:15:00,0,0,0,0.0062247775
2024-10-04 11:30:00,0,0,0,0.007005316
2024-10-04 11:45:00,0,0,0,0.0064836023
2024-10-04 12:00:00,0,0,0,0.0062920824
2024-10-04 12:15:00,0,0,0,0.0064370264
2024-10-04 12:30:00,0,0,0,0.008243903
2024-10-04 12:45:00,0,0,0,0.007509432
2024-10-04 13:00:00,0,0,0,0.007074303
2024-10-04 13:15:00,0,0,0,0.006541028
2024-10-04 13:30:00,0,0,0,0.0074930578
2024-10-04 13:45:00,0,0,0,0.0075770803
2024-10-04 14:00:00,0,0,0,0.00801328
2024-10-04 14:15:00,0,0,0,0.009514555
2024-10-04 14:30:00,0,0,0,0.008492436
2024-10-04 14:45:00,0,0,0,0.008439452
2024-10-04 15:00:00,0,0,0,0.007851719
2024-10-04 15:15:00,0,0,0,0.0074979034
2024-10-04 15:30:00,0,0,0,0.006970038
2024-10-04 15:45:00,0,0,0,0.0079247765
2024-10-04 16:00:00,0,0,0,0.010772467
2024-10-04 16:15:00,0,0,0,0.010308536
2024-10-04 16:30:00,0,0,0,0.009187765
2024-10-04 16:45:00,0,0,0,0.011702761
2024-10-04 17:00:00,0,0,0,0.013399205
2024-10-04 17:15:00,0,0,0,0.014594272
2024-10-04 17:30:00,0,0,0,0.015743755
2024-10-04 17:45:00,0,0,0,0.01851345
2024-10-04 18:00:00,0,0,0,0.027465045
2024-10-04 18:15:00,0,0,0,0.037992813
2024-10-04 18:30:00,0,0,0,0.043675084
2024-10-04 18:45:00,0,0,0,0.07275819
2024-10-04 19:00:00,0,0,0,0.08439345
2024-10-04 19:15:00,0,0,0,0.08998495
2024-10-04 19:30:00,0,0,0,0.075198814
2024-10-04 19:45:00,0,0,0,0.057111498
2024-10-04 20:00:00,0,0,0,0.048494354
2024-10-04 20:15:00,0,0,0,0.03452329
2024-10-04 20:30:00,0,0,0,0.028609037
2024-10-04 20:45:00,0,0,0,0.035020947
2024-10-04 21:00:00,0,0,0,0.062403813
2024-10-04 21:15:00,0,0,0,0.1134547
2024-10-04 21:30:00,0,0,0,0.21010141
2024-10-04 21:45:00,0,0,0,0.15543783
2024-10-04 22:00:00,0,0,0,0.15839307
2024-10-04 22:15:00,0,0,0,0.05379819
2024-10-04 22:30:00,0,0,0,0.042471293
2024-10-04 22:45:00,0,0,0,0.03651508
2024-10-04 23:00:00,0,0,0,0.015350906
2024-10-04 23:15:00,0,0,0,0.024273323
2024-10-04 23:30:00,0,0,0,0.030336354
2024-10-04 23:45:00,0,0,0,0.029232457
2024-10-05 00:15:00,0,0,0,0.019095892
2024-10-05 00:30:00,0,0,0,0.013569075
2024-10-05 00:45:00,0,0,0,0.013381079
2024-10-05 01:00:00,0,0,0,0.010223077
2024-10-05 01:15:00,0,0,0,0.01159318
2024-10-05 01:30:00,0,0,0,0.013954523
2024-10-05 01:45:00,0,0,0,0.019924026
2024-10-05 02:00:00,0,0,0,0.019497551
2024-10-05 02:15:00,0,0,0,0.027589504
2024-10-05 02:30:00,0,0,0,0.02873276
2024-10-05 02:45:00,0,0,0,0.03368966
2024-10-05 03:00:00,0,0,0,0.026814776
2024-10-05 03:15:00,0,0,0,0.029715331
2024-10-05 03:30:00,0,0,0,0.03448381
2024-10-05 03:45:00,0,0,0,0.038036186
2024-10-05 04:00:00,0,0,0,0.034353394
2024-10-05 04:15:00,0,0,0,0.027992893
2024-10-05 04:30:00,0,0,0,0.036317673
2024-10-05 04:45:00,0,0,0,0.029329853
2024-10-05 05:00:00,0,0,0,0.025148042
2024-10-05 05:15:00,0,0,0,0.020851776
2024-10-05 05:30:00,0,0,0,0.02200261
2024-10-05 05:45:00,0,0,0,0.022077361
2024-10-05 06:00:00,0,0,0,0.022906125
2024-10-05 06:15:00,0,0,0,0.03412281
2024-10-05 06:30:00,0,0,0,0.026021974
2024-10-05 06:45:00,0,0,0,0.021004146
2024-10-05 07:00:00,0,0,0,0.020323455
2024-10-05 07:15:00,0,0,0,0.020670993
2024-10-05 07:30:00,0,0,0,0.02054398
2024-10-05 07:45:00,0,0,0,0.01960214
2024-10-05 08:00:00,0,0,0,0.014385639
2024-10-05 08:15:00,0,0,0,0.0064094397
2024-10-05 08:30:00,0,0,0,0.0065082344
2024-10-05 08:45:00,0,0,0,0.005164184
2024-10-05 09:00:00,0,0,0,0.0051061544
2024-10-05 09:15:00,0,0,0,0.005814152
2024-10-05 09:30:00,0,0,0,0.0048307623
2024-10-05 09:45:00,0,0,0,0.0042152894
2024-10-05 10:00:00,0,0,0,0.0041566296
2024-10-05 10:15:00,0,0,0,0.003804628
2024-10-05 10:30:00,0,0,0,0.004357717
2024-10-05 10:45:00,0,0,0,0.004419507
2024-10-05 11:00:00,0,0,0,0.004608683
2024-10-05 11:15:00,0,0,0,0.004378847
2024-10-05 11:30:00,0,0,0,0.004521378
2024-10-05 11:45:00,0,0,0,0.0046912055
2024-10-05 12:00:00,0,0,0,0.005307421
2024-10-05 12:15:00,0,0,0,0.005329002
2024-10-05 12:30:00,0,0,0,0.0058208327
2024-10-05 12:45:00,0,0,0,0.005528349
2024-10-05 13:00:00,0,0,0,0.004711715
2024-10-05 13:15:00,0,0,0,0.0044367197
2024-10-05 13:30:00,0,0,0,0.0045678676
2024-10-05 13:45:00,0,0,0,0.004697508
2024-10-05 14:00:00,0,0,0,0.004451876
2024-10-05 14:15:00,0,0,0,0.0045234244
2024-10-05 14:30:00,0,0,0,0.0041019777
2024-10-05 14:45:00,0,0,0,0.0042938413
2024-10-05 15:00:00,0,0,0,0.0044304794
2024-10-05 15:15:00,0,0,0,0.005313626
2024-10-05 15:30:00,0,0,0,0.0047093933
2024-10-05 15:45:00,0,0,0,0.0043647876
2024-10-05 16:00:00,0,0,0,0.0052069835
2024-10-05 16:15:00,0,0,0,0.0055284495
2024-10-05 16:30:00,0,0,0,0.005363976
2024-10-05 16:45:00,0,0,0,0.004614627
2024-10-05 17:00:00,0,0,0,0.0041498956
2024-10-05 17:15:00,0,0,0,0.0050770906
2024-10-05 17:30:00,0,0,0,0.0059312945
2024-10-05 17:45:00,0,0,0,0.0055155284
2024-10-05 18:00:00,0,0,0,0.004763614
2024-10-05 18:15:00,0,0,0,0.0050049545
2024-10-05 18:30:00,0,0,0,0.0054587107
2024-10-05 18:45:00,0,0,0,0.0059431368
2024-10-05 19:00:00,0,0,0,0.005532957
2024-10-05 19:15:00,0,0,0,0.004806694
2024-10-05 19:30:00,0,0,0,0.004467733
2024-10-05 19:45:00,0,0,0,0.004136075
2024-10-05 20:00:00,0,0,0,0.004273939
2024-10-05 20:15:00,0,0,0,0.0047969813
2024-10-05 20:30:00,0,0,0,0.004557553
2024-10-05 20:45:00,0,0,0,0.005085324
2024-10-05 21:00:00,0,0,0,0.0047163544
2024-10-05 21:15:00,0,0,0,0.0037055705
2024-10-05 21:30:00,0,0,0,0.0043096165
2024-10-05 21:45:00,0,0,0,0.004594149
2024-10-05 22:00:00,0,0,0,0.0043928497
2024-10-05 22:15:00,0,0,0,0.0041779904
2024-10-05 22:30:00,0,0,0,0.004056314
2024-10-05 22:45:00,0,0,0,0.0040039374
2024-10-05 23:00:00,0,0,0,0.003969664
2024-10-05 23:15:00,0,0,0,0.0038048003
2024-10-05 23:30:00,0,0,0,0.003761873
2024-10-05 23:45:00,0,0,0,0.0036470157
2024-10-06 00:15:00,0,0,0,0.0038006029
2024-10-06 00:30:00,0,0,0,0.004234765
2024-10-06 00:45:00,0,0,0,0.004555431
2024-10-06 01:00:00,0,0,0,0.0045792228
2024-10-06 01:15:00,0,0,0,0.0043901987
2024-10-06 01:30:00,0,0,0,0.0040132147
2024-10-06 01:45:00,0,0,0,0.0038270766
2024-10-06 02:00:00,0,0,0,0.004120832
2024-10-06 02:15:00,0,0,0,0.004124855
2024-10-06 02:30:00,0,0,0,0.003949505
2024-10-06 02:45:00,0,0,0,0.0038383151
2024-10-06 03:00:00,0,0,0,0.0042739934
2024-10-06 03:15:00,0,0,0,0.0046299202
2024-10-06 03:30:00,0,0,0,0.004818776
2024-10-06 03:45:00,0,0,0,0.0039800727
2024-10-06 04:00:00,0,0,0,0.0039739693
2024-10-06 04:15:00,0,0,0,0.0038135906
2024-10-06 04:30:00,0,0,0,0.0041048727
2024-10-06 04:45:00,0,0,0,0.00404966
2024-10-06 05:00:00,0,0,0,0.0036100284
2024-10-06 05:15:00,0,0,0,0.0037423081
2024-10-06 05:30:00,0,0,0,0.0036979145
2024-10-06 05:45:00,0,0,0,0.0043241396
2024-10-06 06:00:00,0,0,0,0.0041573765
2024-10-06 06:15:00,0,0,0,0.0037640668
2024-10-06 06:30:00,0,0,0,0.0037970734
2024-10-06 06:45:00,0,0,0,0.0037230114
2024-10-06 07:00:00,0,0,0,0.0035071513
2024-10-06 07:15:00,0,0,0,0.0037043106
2024-10-06 07:30:00,0,0,0,0.0037041246
2024-10-06 07:45:00,0,0,0,0.003663369
2024-10-06 08:00:00,0,0,0,0.003566534
2024-10-06 08:15:00,0,0,0,0.003857892
2024-10-06 08:30:00,0,0,0,0.0040270267
2024-10-06 08:45:00,0,0,0,0.00413769
2024-10-06 09:00:00,0,0,0,0.004159243
2024-10-06 09:15:00,0,0,0,0.0040310626
2024-10-06 09:30:00,0,0,0,0.0040786574
2024-10-06 09:45:00,0,0,0,0.0041076043
2024-10-06 10:00:00,0,0,0,0.0041447547
2024-10-06 10:15:00,0,0,0,0.00403352
2024-10-06 10:30:00,0,0,0,0.0039502108
2024-10-06 10:45:00,0,0,0,0.0041586002
2024-10-06 11:00:00,0,0,0,0.0038809346
2024-10-06 11:15:00,0,0,0,0.004112845
2024-10-06 11:30:00,0,0,0,0.004049217
2024-10-06 11:45:00,0,0,0,0.0044729365
2024-10-06 12:00:00,0,0,0,0.004120451
2024-10-06 12:15:00,0,0,0,0.004616312
2024-10-06 12:30:00,0,0,0,0.0041200863
2024-10-06 12:45:00,0,0,0,0.0041033295
2024-10-06 13:00:00,0,0,0,0.003987754
2024-10-06 13:15:00,0,0,0,0.0044825478
2024-10-06 13:30:00,0,0,0,0.0043317177
2024-10-06 13:45:00,0,0,0,0.0042371335
2024-10-06 14:00:00,0,0,0,0.004099217
2024-10-06 14:15:00,0,0,0,0.0040777046
2024-10-06 14:30:00,0,0,0,0.00416809
2024-10-06 14:45:00,0,0,0,0.0040474143
2024-10-06 15:00:00,0,0,0,0.004179124
2024-10-06 15:15:00,0,0,0,0.0044048605
2024-10-06 15:30:00,0,0,0,0.00448553
2024-10-06 15:45:00,0,0,0,0.004346094
2024-10-06 16:00:00,0,0,0,0.0042462535
2024-10-06 16:15:00,0,0,0,0.004299879
2024-10-06 16:30:00,0,0,0,0.0044057947
2024-10-06 16:45:00,0,0,0,0.003923877
2024-10-06 17:00:00,0,0,0,0.003911535
2024-10-06 17:15:00,0,0,0,0.0040989635
2024-10-06 17:30:00,0,0,0,0.0040668235
2024-10-06 17:45:00,0,0,0,0.004549244
2024-10-06 18:00:00,0,0,0,0.0051528523
2024-10-06 18:15:00,0,0,0,0.0071893684
2024-10-06 18:30:00,0,0,0,0.0071799904
2024-10-06 18:45:00,0,0,0,0.0063008177
2024-10-06 19:00:00,0,0,0,0.005731401
2024-10-06 19:15:00,0,0,0,0.00650633
2024-10-06 19:30:00,0,0,0,0.009095758
2024-10-06 19:45:00,0,0,0,0.009724183
2024-10-06 20:00:00,0,0,0,0.008990455
2024-10-06 20:15:00,0,0,0,0.012372963
2024-10-06 20:30:00,0,0,0,0.017267032
2024-10-06 20:45:00,0,0,0,0.017412804
2024-10-06 21:00:00,0,0,0,0.023962889
2024-10-06 21:15:00,0,0,0,0.03755522
2024-10-06 21:30:00,0,0,0,0.027798815
2024-10-06 21:45:00,0,0,0,0.026165718
2024-10-06 22:00:00,0,0,0,0.017279664
2024-10-06 22:15:00,0,0,0,0.014413675
2024-10-06 22:30:00,0,0,0,0.013816085
2024-10-06 22:45:00,0,0,0,0.014368971
2024-10-06 23:00:00,0,0,0,0.018077873
2024-10-06 23:15:00,0,0,0,0.018789833
2024-10-06 23:30:00,0,0,0,0.019753726
2024-10-06 23:45:00,0,0,0,0.01756374
2024-10-07 00:15:00,0,0,0,0.018732367
2024-10-07 00:30:00,0,0,0,0.017813867
2024-10-07 00:45:00,0,0,0,0.016149342
2024-10-07 01:00:00,0,0,0,0.018072281
2024-10-07 01:15:00,0,0,0,0.022271283
2024-10-07 01:30:00,0,0,0,0.028517423
2024-10-07 01:45:00,0,0,0,0.028500896
2024-10-07 02:00:00,0,0,0,0.026008612
2024-10-07 02:15:00,0,0,0,0.026304372
2024-10-07 02:30:00,0,0,0,0.025489952
2024-10-07 02:45:00,0,0,0,0.018281383
2024-10-07 03:00:00,0,0,0,0.027413866
2024-10-07 03:15:00,0,0,0,0.025966804
2024-10-07 03:30:00,0,0,0,0.022601657
2024-10-07 03:45:00,0,0,0,0.023306793
2024-10-07 04:00:00,0,0,0,0.020793458
2024-10-07 04:15:00,0,0,0,0.019651003
2024-10-07 04:30:00,0,0,0,0.017841542
2024-10-07 04:45:00,0,0,0,0.015602524
2024-10-07 05:00:00,0,0,0,0.015250824
2024-10-07 05:15:00,0,0,0,0.014060192
2024-10-07 05:30:00,0,0,0,0.010840766
2024-10-07 05:45:00,0,0,0,0.012437044
2024-10-07 06:00:00,0,0,0,0.0088848
2024-10-07 06:15:00,0,0,0,0.00993457
2024-10-07 06:30:00,0,0,0,0.007519787
2024-10-07 06:45:00,0,0,0,0.008468214
2024-10-07 07:00:00,0,0,0,0.008991468
2024-10-07 07:15:00,0,0,0,0.009439558
2024-10-07 07:30:00,0,0,0,0.00880677
2024-10-07 07:45:00,0,0,0,0.008198733
2024-10-07 08:00:00,0,0,0,0.007913557
2024-10-07 08:15:00,0,0,0,0.006788756
2024-10-07 08:30:00,0,0,0,0.0057594986
2024-10-07 08:45:00,0,0,0,0.0063424455
2024-10-07 09:00:00,0,0,0,0.0066070384
2024-10-07 09:15:00,0,0,0,0.0059602647
2024-10-07 09:30:00,0,0,0,0.0060845446
2024-10-07 09:45:00,0,0,0,0.005606068
2024-10-07 10:00:00,0,0,0,0.0053483774
2024-10-07 10:15:00,0,0,0,0.0055426834
2024-10-07 10:30:00,0,0,0,0.005539984
2024-10-07 10:45:00,0,0,0,0.0054038055
2024-10-07 11:00:00,0,0,0,0.0057537844
2024-10-07 11:15:00,0,0,0,0.005885774
2024-10-07 11:30:00,0,0,0,0.0057230243
2024-10-07 11:45:00,0,0,0,0.00561194
2024-10-07 12:00:00,0,0,0,0.0055326596
2024-10-07 12:15:00,0,0,0,0.005474212
2024-10-07 12:30:00,0,0,0,0.005488849
2024-10-07 12:45:00,0,0,0,0.0056672525
2024-10-07 13:00:00,0,0,0,0.0060831867
2024-10-07 13:15:00,0,0,0,0.0061307545
2024-10-07 13:30:00,0,0,0,0.0059967157
2024-10-07 13:45:00,0,0,0,0.005851626
2024-10-07 14:00:00,0,0,0,0.006392813
2024-10-07 14:15:00,0,0,0,0.006258562
2024-10-07 14:30:00,0,0,0,0.006576297
2024-10-07 14:45:00,0,0,0,0.0068684453
2024-10-07 15:00:00,0,0,0,0.008174798
2024-10-07 15:15:00,0,0,0,0.008066255
2024-10-07 15:30:00,0,0,0,0.008112132
2024-10-07 15:45:00,0,0,0,0.008317085
2024-10-07 16:00:00,0,0,0,0.009088409
2024-10-07 16:15:00,0,0,0,0.008960236
2024-10-07 16:30:00,0,0,0,0.007776261
2024-10-07 16:45:00,0,0,0,0.0072308755
2024-10-07 17:00:00,0,0,0,0.00787609
2024-10-07 17:15:00,0,0,0,0.010145262
2024-10-07 17:30:00,0,0,0,0.00874273
2024-10-07 17:45:00,0,0,0,0.007833752
2024-10-07 18:00:00,0,0,0,0.007006416
2024-10-07 18:15:00,0,0,0,0.0057345433
2024-10-07 18:30:00,0,0,0,0.0053629573
2024-10-07 18:45:00,0,0,0,0.0071697636
2024-10-07 19:00:00,0,0,0,0.0070407717
2024-10-07 19:15:00,0,0,0,0.0067661577
2024-10-07 19:30:00,0,0,0,0.006492087
2024-10-07 19:45:00,0,0,0,0.0076664574
2024-10-07 20:00:00,0,0,0,0.008069092
2024-10-07 20:15:00,0,0,0,0.006911627
2024-10-07 20:30:00,0,0,0,0.008265092
2024-10-07 20:45:00,0,0,0,0.008088416
2024-10-07 21:00:00,0,0,0,0.009395713
2024-10-07 21:15:00,0,0,0,0.008695651
2024-10-07 21:30:00,0,0,0,0.007863271
2024-10-07 21:45:00,0,0,0,0.006912248
2024-10-07 22:00:00,0,0,0,0.0061027426
2024-10-07 22:15:00,0,0,0,0.005651709
2024-10-07 22:30:00,0,0,0,0.0060422723
2024-10-07 22:45:00,0,0,0,0.0054482785
2024-10-07 23:00:00,0,0,0,0.0055083754
2024-10-07 23:15:00,0,0,0,0.005526986
2024-10-07 23:30:00,0,0,0,0.0049767373
2024-10-07 23:45:00,0,0,0,0.0045482507
2024-10-08 01:00:00,1,0,0,0.0007873691
2024-10-08 01:15:00,1,0,0,0.0008096842
2024-10-08 01:30:00,1,0,0,0.0008366128
2024-10-08 01:45:00,1,0,0,0.00079982966
2024-10-08 02:00:00,1,0,0,0.0008276777
2024-10-08 02:15:00,1,0,0,0.00081404776
2024-10-08 02:30:00,1,0,0,0.0008248175
2024-10-08 02:45:00,1,0,0,0.0008613427
2024-10-08 03:00:00,1,0,0,0.0008936612
2024-10-08 03:15:00,1,0,0,0.0008676722
2024-10-08 03:30:00,1,0,0,0.0008784303
2024-10-08 03:45:00,1,0,0,0.0008947396
2024-10-08 04:00:00,1,0,0,0.0008967008
2024-10-08 04:15:00,1,0,0,0.00082512415
2024-10-08 04:30:00,1,0,0,0.0008182677
2024-10-08 04:45:00,1,0,0,0.0009009104
2024-10-08 05:00:00,1,0,0,0.000974376
2024-10-08 05:15:00,1,0,0,0.001062841
2024-10-08 05:30:00,1,0,0,0.001206122
2024-10-08 05:45:00,1,0,0,0.0011370203
2024-10-08 06:00:00,1,0,0,0.0010513262
2024-10-08 06:15:00,1,0,0,0.0011497253
2024-10-08 06:30:00,1,0,0,0.0013054615
2024-10-08 06:45:00,1,0,0,0.0012956994
2024-10-08 07:00:00,1,0,0,0.0012830293
2024-10-08 07:15:00,1,0,0,0.0012703409
2024-10-08 07:30:00,1,0,0,0.0012936575
2024-10-08 07:45:00,1,0,0,0.0011791561
2024-10-08 08:00:00,1,0,0,0.0012364716
2024-10-08 08:15:00,1,0,0,0.0012209957
2024-10-08 08:30:00,1,0,0,0.0012821462
2024-10-08 08:45:00,1,0,0,0.0011152758
2024-10-08 09:00:00,1,0,0,0.0012019128
2024-10-08 09:15:00,1,0,0,0.0011397363
2024-10-08 10:00:00,1,0,0,0.0014052014
2024-10-08 10:15:00,1,0,0,0.0012495208
2024-10-08 10:30:00,1,0,0,0.0011892641
2024-10-08 10:45:00,1,0,0,0.0011206933
2024-10-08 11:00:00,1,0,0,0.0010971314
2024-10-08 11:15:00,1,0,0,0.0011707444
2024-10-08 11:30:00,1,0,0,0.0011791375
2024-10-08 11:45:00,1,0,0,0.001040909
2024-10-08 12:00:00,1,0,0,0.0011369104
2024-10-08 12:15:00,1,0,0,0.0011775986
2024-10-08 12:30:00,1,0,0,0.001302438
2024-10-08 12:45:00,1,0,0,0.0012021632
2024-10-08 13:00:00,1,0,0,0.0011508784
2024-10-08 13:15:00,1,0,0,0.0011639529
2024-10-08 13:30:00,1,0,0,0.0011829253
2024-10-08 13:45:00,1,0,0,0.0011797004
2024-10-08 14:00:00,1,0,0,0.0012510129
2024-10-08 14:15:00,1,0,0,0.0012702523
2024-10-08 14:30:00,1,0,0,0.0013368822
2024-10-08 14:45:00,1,0,0,0.0013487289
2024-10-08 15:00:00,1,0,0,0.0013739625
2024-10-08 15:15:00,1,0,0,0.0015471545
2024-10-08 15:30:00,1,0,0,0.0013087912
2024-10-08 15:45:00,1,0,0,0.0012015888
2024-10-08 16:00:00,1,0,0,0.0012547569
2024-10-08 16:15:00,1,0,0,0.0012598833
2024-10-08 16:30:00,1,0,0,0.0011792913
2024-10-08 16:45:00,1,0,0,0.0011817352
2024-10-08 17:00:00,1,0,0,0.0014582478
2024-10-08 17:15:00,1,0,0,0.0013947295
2024-10-08 17:30:00,1,0,0,0.0014644285
2024-10-08 17:45:00,1,0,0,0.0014598941
2024-10-08 18:00:00,1,0,0,0.0014474423
2024-10-08 18:15:00,1,0,0,0.0015756254
2024-10-08 18:30:00,1,0,0,0.0014450015
2024-10-08 18:45:00,1,0,0,0.0012807216
2024-10-08 19:00:00,1,0,0,0.0012755821
2024-10-08 19:15:00,1,0,0,0.0013261179
2024-10-08 19:30:00,1,0,0,0.0014324865
2024-10-08 19:45:00,1,0,0,0.0015339877
2024-10-08 20:00:00,1,0,0,0.0015682424
2024-10-08 20:15:00,1,0,0,0.001503429
2024-10-08 20:30:00,1,0,0,0.00095347536
2024-10-08 20:45:00,1,0,0,0.0011727167
2024-10-08 21:00:00,1,0,0,0.0011416938
2024-10-08 21:15:00,1,0,0,0.0009202322
2024-10-08 21:30:00,1,0,0,0.00095107267
2024-10-08 21:45:00,1,0,0,0.00082800665
2024-10-08 22:00:00,1,0,0,0.00086037116
2024-10-08 22:15:00,1,0,0,0.0012027724
2024-10-08 22:30:00,1,0,0,0.0112216
2024-10-08 22:45:00,1,0,0,0.04848946
2024-10-08 23:00:00,1,0,1,0.5394871
2024-10-08 23:15:00,1,0,1,0.46842602
2024-10-08 23:30:00,1,0,1,0.5141974
2024-10-08 23:45:00,1,0,1,0.57368946
2024-10-09 00:15:00,1,0,1,0.5564114
2024-10-09 00:30:00,1,0,1,0.58141685
2024-10-09 00:45:00,1,0,1,0.5573887
2024-10-09 01:00:00,1,0,1,0.56561613
2024-10-09 01:15:00,1,0,1,0.49124962
2024-10-09 01:30:00,1,0,0,0.20816986
2024-10-09 01:45:00,1,0,0,0.010165293
2024-10-09 02:00:00,1,0,0,0.01817325
2024-10-09 02:15:00,1,0,0,0.007347332
2024-10-09 02:30:00,1,0,0,0.012465979
2024-10-09 02:45:00,1,0,0,0.011100319
2024-10-09 03:00:00,1,0,0,0.028968489
2024-10-09 03:15:00,1,0,0,0.009656511
2024-10-09 03:30:00,1,0,0,0.007545136
2024-10-09 03:45:00,1,0,0,0.0082984995
2024-10-09 04:00:00,1,0,0,0.0051166667
2024-10-09 04:15:00,1,0,0,0.0017342994
2024-10-09 04:30:00,1,0,0,0.0019119533
2024-10-09 04:45:00,1,0,0,0.0018005464
2024-10-09 05:00:00,1,0,0,0.004591406
2024-10-09 05:15:00,1,0,0,0.0056326822
2024-10-09 05:30:00,1,0,0,0.011566342
2024-10-09 05:45:00,1,0,0,0.023853179
2024-10-09 06:00:00,1,0,0,0.0046321317
2024-10-09 06:15:00,1,0,0,0.0038600776
2024-10-09 06:30:00,1,0,0,0.005726095
2024-10-09 06:45:00,1,0,0,0.0025560497
2024-10-09 07:00:00,1,0,0,0.0026848526
2024-10-09 07:15:00,1,0,0,0.0015109984
2024-10-09 07:30:00,1,0,0,0.0014965951
2024-10-09 07:45:00,1,0,0,0.0015421842
2024-10-09 08:00:00,1,0,0,0.0013170609
2024-10-09 08:15:00,1,0,0,0.0014937933
2024-10-09 08:30:00,1,0,0,0.0017065371
2024-10-09 08:45:00,1,0,0,0.001648235
2024-10-09 09:00:00,1,0,0,0.001580559
2024-10-09 09:15:00,1,0,0,0.0014043023
2024-10-09 09:30:00,1,0,0,0.0016132364
2024-10-09 09:45:00,1,0,0,0.00163136
2024-10-09 10:00:00,1,0,0,0.0014586787
2024-10-09 10:15:00,1,0,0,0.0013569706
2024-10-09 10:30:00,1,0,0,0.001089501
2024-10-09 10:45:00,1,0,0,0.0013511234
2024-10-09 11:00:00,1,0,0,0.0011681706
2024-10-09 11:15:00,1,0,0,0.0012579104
2024-10-09 11:30:00,1,0,0,0.0014020351
2024-10-09 11:45:00,1,0,0,0.0014429739
2024-10-09 12:00:00,1,0,0,0.0019004815
2024-10-09 12:15:00,1,0,0,0.0024527207
2024-10-09 12:30:00,1,0,0,0.0011841991
2024-10-09 12:45:00,1,0,0,0.0013507168
2024-10-09 13:00:00,1,0,0,0.0020062781
2024-10-09 13:15:00,1,0,0,0.002021142
2024-10-09 13:30:00,1,0,0,0.001969015
2024-10-09 13:45:00,1,0,0,0.0012308432
2024-10-09 14:00:00,1,0,0,0.0011704902
2024-10-09 14:15:00,1,0,0,0.0013489679
2024-10-09 14:30:00,1,0,0,0.0014646555
2024-10-09 14:45:00,1,0,0,0.0012467987
2024-10-09 15:00:00,1,0,0,0.0009813729
2024-10-09 15:15:00,1,0,0,0.0018573863
2024-10-09 15:30:00,1,0,0,0.0014851976
2024-10-09 15:45:00,1,0,0,0.001586573
2024-10-09 16:00:00,1,0,0,0.0021451283
2024-10-09 16:15:00,1,0,0,0.0016548111
2024-10-09 16:30:00,1,0,0,0.0010599593
2024-10-09 16:45:00,1,0,0,0.0014342192
2024-10-09 17:00:00,1,0,0,0.002013585
2024-10-09 17:15:00,1,0,0,0.0014544523
2024-10-09 17:30:00,1,0,0,0.0015348213
2024-10-09 17:45:00,1,0,0,0.0015112837
2024-10-09 18:00:00,1,0,0,0.0013672091
2024-10-09 18:15:00,1,0,0,0.0013142508
2024-10-09 18:30:00,1,0,0,0.0014122855
2024-10-09 18:45:00,1,0,0,0.0013295499
2024-10-09 19:00:00,1,0,0,0.0014686917
2024-10-09 19:15:00,1,0,0,0.0012430208
2024-10-09 19:30:00,1,0,0,0.0011735305
2024-10-09 19:45:00,1,0,0,0.0011505025
2024-10-09 20:00:00,1,0,0,0.0010421788
2024-10-09 20:15:00,1,0,0,0.0011079368
2024-10-09 20:30:00,1,0,0,0.0010681327
2024-10-09 20:45:00,1,0,0,0.0015867562
2024-10-09 21:00:00,1,0,0,0.0011501077
2024-10-09 21:15:00,1,0,0,0.0010792383
2024-10-09 21:30:00,1,0,0,0.0029207817
2024-10-09 21:45:00,1,0,0,0.0015830398
2024-10-09 22:00:00,1,0,0,0.0016002537
2024-10-09 22:15:00,1,0,0,0.0013140851
2024-10-09 22:30:00,1,0,0,0.0016767301
2024-10-09 23:00:00,1,0,0,0.0018681524
2024-10-09 23:15:00,1,0,0,0.0015746396
2024-10-09 23:30:00,1,0,0,0.0015190628
2024-10-09 23:45:00,1,0,0,0.0019283788
2024-10-10 00:15:00,1,0,0,0.0016749443
2024-10-10 00:30:00,1,0,0,0.0018831744
2024-10-10 00:45:00,1,0,0,0.002058351
2024-10-10 01:00:00,1,0,0,0.0014000915
2024-10-10 01:15:00,1,0,0,0.0016202478
2024-10-10 01:30:00,1,0,0,0.0012586369
2024-10-10 01:45:00,1,0,0,0.001293773
2024-10-10 02:00:00,1,0,0,0.0013479352
2024-10-10 02:15:00,1,0,0,0.0013519727
2024-10-10 02:30:00,1,0,0,0.0013994694
2024-10-10 02:45:00,1,0,0,0.003667311
2024-10-10 03:00:00,1,0,0,0.0025406522
2024-10-10 03:15:00,1,0,0,0.0022343113
2024-10-10 03:30:00,1,0,0,0.0025913836
2024-10-10 03:45:00,1,0,0,0.0022286698
2024-10-10 04:00:00,1,0,0,0.0027272957
2024-10-10 04:15:00,1,0,0,0.005452763
2024-10-10 04:30:00,1,0,0,0.002944937
2024-10-10 04:45:00,1,0,0,0.0021921224
2024-10-10 05:00:00,1,0,0,0.002094075
2024-10-10 05:15:00,1,0,0,0.002725621
2024-10-10 05:30:00,1,0,0,0.0014414565
2024-10-10 05:45:00,1,0,0,0.002309287
2024-10-10 06:00:00,1,0,0,0.001784036
2024-10-10 06:15:00,1,0,0,0.0017651772
2024-10-10 06:30:00,1,0,0,0.0026820619
2024-10-10 06:45:00,1,0,0,0.0023511138
2024-10-10 07:00:00,1,0,0,0.0024290828
2024-10-10 07:15:00,1,0,0,0.004430349
2024-10-10 07:30:00,1,0,0,0.0028432396
2024-10-10 07:45:00,1,0,0,0.0012585041
2024-10-10 08:00:00,1,0,0,0.00292046
2024-10-10 08:15:00,1,0,0,0.0047018505
2024-10-10 08:30:00,1,0,0,0.0014684328
2024-10-10 08:45:00,1,0,0,0.0020857719
2024-10-10 09:00:00,1,0,0,0.0018205248
2024-10-10 09:15:00,1,0,0,0.0029882125
2024-10-10 09:30:00,1,0,0,0.0028919787
2024-10-10 09:45:00,1,0,0,0.0025878602
2024-10-10 10:00:00,1,0,0,0.0013895053
2024-10-10 10:15:00,1,0,0,0.00222748
2024-10-10 10:30:00,1,0,0,0.0016807835
2024-10-10 10:45:00,1,0,0,0.0015150527
2024-10-10 11:00:00,1,0,0,0.0019808335
2024-10-10 11:15:00,1,0,0,0.0019407684
2024-10-10 11:30:00,1,0,0,0.0011106739
2024-10-10 11:45:00,1,0,0,0.0013427292
2024-10-10 12:00:00,1,0,0,0.0017235386
2024-10-10 12:15:00,1,0,0,0.0011562761
2024-10-10 12:30:00,1,0,0,0.0011042324
2024-10-10 12:45:00,1,0,0,0.001249545
2024-10-10 13:00:00,1,0,0,0.00125356
2024-10-10 13:15:00,1,0,0,0.0013625023
2024-10-10 13:30:00,1,0,0,0.0016313781
2024-10-10 13:45:00,1,0,0,0.0011279344
2024-10-10 14:00:00,1,0,0,0.0011560495
2024-10-10 14:15:00,1,0,0,0.001219121
2024-10-10 14:30:00,1,0,0,0.0014527839
2024-10-10 14:45:00,1,0,0,0.0018154212
2024-10-10 15:00:00,1,0,0,0.0014275501
2024-10-10 15:15:00,1,0,0,0.0012231198
2024-10-10 15:30:00,1,0,0,0.0015025046
2024-10-10 15:45:00,1,0,0,0.0016793995
2024-10-10 16:00:00,1,0,0,0.0010912992
2024-10-10 16:15:00,1,0,0,0.00076259795
2024-10-10 16:30:00,1,0,0,0.001055761
2024-10-10 16:45:00,1,0,0,0.0022899369
2024-10-10 17:00:00,1,0,0,0.0065548983
2024-10-10 17:15:00,1,1,0,0.0069671962
2024-10-10 17:30:00,1,0,0,0.002011137
2024-10-10 17:45:00,1,0,0,0.0040914644
2024-10-10 18:00:00,1,1,0,0.0753505
2024-10-10 18:15:00,1,1,0,0.22713271
2024-10-10 18:30:00,1,0,0,0.1281578
2024-10-10 18:45:00,1,0,0,0.39704624
2024-10-10 19:00:00,1,0,1,0.5108931
2024-10-10 19:15:00,1,0,1,0.5118384
2024-10-10 19:30:00,1,0,0,0.2605712
2024-10-10 19:45:00,1,0,0,0.013118974
2024-10-10 20:00:00,1,0,0,0.0080752345
2024-10-10 20:15:00,1,0,0,0.0085293865
2024-10-10 20:30:00,1,0,0,0.4000043
2024-10-10 20:45:00,1,0,1,0.5117547
2024-10-10 21:00:00,1,0,0,0.48825422
2024-10-10 21:15:00,1,0,0,0.46357527
2024-10-10 21:30:00,1,0,1,0.49265674
2024-10-10 21:45:00,1,1,1,0.48779207
2024-10-10 22:00:00,1,1,1,0.56824404
2024-10-10 22:15:00,1,1,1,0.59314215
2024-10-10 22:30:00,1,1,1,0.5902254
2024-10-10 23:00:00,1,1,1,0.6063453
2024-10-10 23:15:00,1,1,1,0.6901918
2024-10-10 23:30:00,1,1,1,0.79090214
2024-10-10 23:45:00,1,1,1,0.8059158
2024-10-11 00:15:00,1,1,1,0.7992032
2024-10-11 00:30:00,1,1,1,0.7526527
2024-10-11 00:45:00,1,1,1,0.7108029
2024-10-11 01:00:00,1,1,1,0.76600546
2024-10-11 01:15:00,1,1,1,0.809364
2024-10-11 01:30:00,1,1,1,0.80142367
2024-10-11 01:45:00,1,0,1,0.80859935
2024-10-11 02:00:00,1,0,1,0.80890864
2024-10-11 02:15:00,1,0,1,0.80879325
2024-10-11 02:30:00,1,0,1,0.7688628
2024-10-11 02:45:00,1,0,1,0.80527556
2024-10-11 03:00:00,1,0,1,0.80813956
2024-10-11 03:15:00,1,0,1,0.80065346
2024-10-11 03:30:00,1,0,1,0.8050438
2024-10-11 03:45:00,1,0,1,0.7951589
2024-10-11 04:00:00,1,0,1,0.7767154
2024-10-11 04:15:00,1,0,1,0.73688847
2024-10-11 04:30:00,1,0,1,0.8037152
2024-10-11 04:45:00,1,0,1,0.7877902
2024-10-11 05:00:00,1,0,1,0.6920596
2024-10-11 05:15:00,1,0,1,0.63152426
2024-10-11 05:30:00,1,0,1,0.5828565
2024-10-11 05:45:00,1,0,1,0.60858446
2024-10-11 06:00:00,1,0,1,0.63272905
2024-10-11 06:15:00,1,0,1,0.6369541
2024-10-11 06:30:00,1,0,1,0.61819696
2024-10-11 06:45:00,1,0,1,0.583287
2024-10-11 07:00:00,1,0,1,0.5807723
2024-10-11 07:15:00,1,0,0,0.42462212
2024-10-11 07:30:00,1,0,0,0.17827842
2024-10-11 07:45:00,1,0,0,0.022820106
2024-10-11 08:00:00,1,0,0,0.0034551264
2024-10-11 08:15:00,1,0,0,0.002269812
2024-10-11 08:30:00,1,0,0,0.003519834
2024-10-11 08:45:00,1,0,0,0.0070218723
2024-10-11 09:00:00,1,0,0,0.0053115515
2024-10-11 09:15:00,1,0,0,0.0025971
2024-10-11 09:30:00,1,0,0,0.0018093693
2024-10-11 09:45:00,1,0,0,0.0016519164
2024-10-11 10:00:00,1,0,0,0.0018266578
2024-10-11 10:15:00,1,0,0,0.001183501
2024-10-11 10:30:00,1,0,0,0.0010942066
2024-10-11 10:45:00,1,0,0,0.0011092896
2024-10-11 11:00:00,1,0,0,0.0011072726
2024-10-11 11:15:00,1,0,0,0.0010126125
2024-10-11 11:30:00,1,0,0,0.0010885184
2024-10-11 11:45:00,1,0,0,0.0017566499
2024-10-11 12:00:00,1,0,0,0.0021127425
2024-10-11 12:15:00,1,0,0,0.0013152903
2024-10-11 12:30:00,1,0,0,0.0009880473
2024-10-11 12:45:00,1,0,0,0.0009870586
2024-10-11 13:00:00,1,0,0,0.0009415955
2024-10-11 13:15:00,1,0,0,0.0013489199
2024-10-11 13:30:00,1,0,0,0.0015052618
2024-10-11 13:45:00,1,0,0,0.0011433243
2024-10-11 14:00:00,1,0,0,0.0008549654
2024-10-11 14:15:00,1,0,0,0.0012240751
2024-10-11 14:30:00,1,0,0,0.0013276145
2024-10-11 14:45:00,1,0,0,0.0011069352
2024-10-11 15:00:00,1,0,0,0.0013663728
2024-10-11 15:15:00,1,0,0,0.0019213458
2024-10-11 15:30:00,1,0,0,0.00440671
2024-10-11 15:45:00,1,0,0,0.004220506
2024-10-11 16:00:00,1,0,0,0.0050455406
2024-10-11 16:15:00,1,0,0,0.0064550894
2024-10-11 16:30:00,1,0,0,0.0066797575
2024-10-11 16:45:00,1,0,0,0.0038961745
2024-10-11 17:00:00,1,0,0,0.0055311355
2024-10-11 17:15:00,1,0,0,0.008518054
2024-10-11 17:30:00,1,0,0,0.008158259
2024-10-11 17:45:00,1,0,0,0.007847996
2024-10-11 18:00:00,1,0,0,0.006417493
2024-10-11 18:15:00,1,0,0,0.005285393
2024-10-11 18:30:00,1,0,0,0.0067417007
2024-10-11 18:45:00,1,0,0,0.005062153
2024-10-11 19:00:00,1,0,0,0.00568395
2024-10-11 19:15:00,1,0,0,0.011730887
2024-10-11 19:30:00,1,0,0,0.007861568
2024-10-11 19:45:00,1,0,0,0.010135967
2024-10-11 20:00:00,1,0,0,0.0056466316
2024-10-11 20:15:00,1,0,0,0.0057210047
2024-10-11 20:30:00,1,0,0,0.008298826
2024-10-11 20:45:00,1,0,0,0.005059546
2024-10-11 21:00:00,1,0,0,0.007368407
2024-10-11 21:15:00,1,0,0,0.015538002
2024-10-11 21:30:00,1,0,0,0.33136913
2024-10-11 21:45:00,1,0,0,0.44078094
2024-10-11 22:00:00,1,0,1,0.51238704
2024-10-11 22:15:00,1,0,1,0.56178856
2024-10-11 22:30:00,1,0,1,0.58224404
2024-10-11 22:45:00,1,1,1,0.5907828
2024-10-11 23:00:00,1,1,1,0.62983763
2024-10-11 23:15:00,1,1,1,0.6952033
2024-10-11 23:30:00,1,1,1,0.734374
2024-10-11 23:45:00,1,1,1,0.73972046
2024-10-12 00:15:00,1,1,1,0.75243837
2024-10-12 00:30:00,1,1,1,0.7611587
2024-10-12 00:45:00,1,0,1,0.7925179
2024-10-12 01:00:00,1,1,1,0.8048289
2024-10-12 01:15:00,1,1,1,0.808979
2024-10-12 01:30:00,1,0,1,0.8098749
2024-10-12 01:45:00,1,1,1,0.78931963
2024-10-12 02:00:00,1,0,1,0.8009824
2024-10-12 02:15:00,1,1,1,0.8043913
2024-10-12 02:30:00,1,1,1,0.8085362
2024-10-12 02:45:00,1,1,1,0.8084488
2024-10-12 03:00:00,1,1,1,0.8085497
2024-10-12 03:15:00,1,1,1,0.8048033
2024-10-12 03:30:00,1,0,1,0.65951484
2024-10-12 03:45:00,1,0,0,0.44288054
2024-10-12 04:00:00,1,0,0,0.20139709
2024-10-12 04:15:00,1,0,0,0.02586465
2024-10-12 04:30:00,1,0,0,0.11488218
2024-10-12 04:45:00,1,0,0,0.19348495
2024-10-12 05:00:00,1,0,0,0.22642027
2024-10-12 05:15:00,1,0,0,0.019994777
2024-10-12 05:30:00,1,0,0,0.08481628
2024-10-12 05:45:00,1,0,0,0.12630735
2024-10-12 06:00:00,1,0,0,0.02056399
2024-10-12 06:15:00,1,0,0,0.0072979718
2024-10-12 06:30:00,1,0,0,0.007629766
2024-10-12 06:45:00,1,0,0,0.0055984193
2024-10-12 07:00:00,1,0,0,0.0025367176
2024-10-12 07:15:00,1,0,0,0.0010327855
2024-10-12 07:30:00,1,0,0,0.0022128322
2024-10-12 07:45:00,1,0,0,0.007784098
2024-10-12 08:00:00,1,0,0,0.003842061
2024-10-12 08:15:00,1,0,0,0.0063077346
2024-10-12 08:30:00,1,0,0,0.006657782
2024-10-12 08:45:00,1,0,0,0.005392519
2024-10-12 09:00:00,1,0,0,0.0017438469
2024-10-12 09:15:00,1,0,0,0.0017174426
2024-10-12 09:30:00,1,0,0,0.0012375067
2024-10-12 09:45:00,1,0,0,0.0016128535
2024-10-12 10:00:00,1,0,0,0.0015115022
2024-10-12 10:15:00,1,0,0,0.0018796028
2024-10-12 10:30:00,1,0,0,0.0024968127
2024-10-12 10:45:00,1,0,0,0.0014036489
2024-10-12 11:00:00,1,0,0,0.0012852927
2024-10-12 11:15:00,1,0,0,0.0014508883
2024-10-12 11:30:00,1,0,0,0.0011385608
2024-10-12 11:45:00,1,0,0,0.0010086934
2024-10-12 12:00:00,1,0,0,0.0009661468
2024-10-12 12:15:00,1,0,0,0.0008249097
2024-10-12 12:30:00,1,0,0,0.00087155413
2024-10-12 12:45:00,1,0,0,0.00085139065
2024-10-12 13:00:00,1,0,0,0.00071875035
2024-10-12 13:15:00,1,0,0,0.0006637428
2024-10-12 13:30:00,1,0,0,0.00065213494
2024-10-12 13:45:00,1,0,0,0.00072820834
2024-10-12 14:00:00,1,0,0,0.00084358355
2024-10-12 14:15:00,1,0,0,0.0007642744
2024-10-12 14:30:00,1,0,0,0.0008459282
2024-10-12 14:45:00,1,0,0,0.0014283734
2024-10-12 15:00:00,1,0,0,0.0010546917
2024-10-12 15:15:00,1,0,0,0.0009424036
2024-10-12 15:30:00,1,0,0,0.0010465594
2024-10-12 15:45:00,1,0,0,0.0009448215
2024-10-12 16:00:00,1,0,0,0.00093838066
2024-10-12 16:15:00,1,0,0,0.0011040356
2024-10-12 16:30:00,1,0,0,0.0014329354
2024-10-12 16:45:00,1,0,0,0.006879755
2024-10-12 17:00:00,1,0,0,0.0064378087
2024-10-12 17:15:00,1,0,0,0.0040201624
2024-10-12 17:30:00,1,0,0,0.0015920132
2024-10-12 17:45:00,1,0,0,0.0014396625
2024-10-12 18:00:00,1,0,0,0.0014695213
2024-10-12 18:15:00,1,0,0,0.0015099735
2024-10-12 18:30:00,1,0,0,0.0017901167
2024-10-12 18:45:00,1,0,0,0.0022714098
2024-10-12 19:00:00,1,0,0,0.0020239258
2024-10-12 19:15:00,1,0,0,0.0013466699
2024-10-12 19:30:00,1,0,0,0.0015259219
2024-10-12 19:45:00,1,0,0,0.0035828587
2024-10-12 20:00:00,1,0,0,0.0026937546
2024-10-12 20:15:00,1,0,0,0.0015783174
2024-10-12 20:30:00,1,0,0,0.002013365
2024-10-12 20:45:00,1,0,0,0.0016160953
2024-10-12 21:00:00,1,0,0,0.0019463736
2024-10-12 21:15:00,1,0,0,0.0014299746
2024-10-12 21:30:00,1,0,0,0.0012858466
2024-10-12 21:45:00,1,0,0,0.0013228974
2024-10-12 22:00:00,1,0,0,0.0013057879
2024-10-12 22:15:00,1,0,0,0.0014466565
2024-10-12 22:30:00,1,0,0,0.00131425
2024-10-12 22:45:00,1,0,0,0.0014296579
2024-10-12 23:00:00,1,0,0,0.0020961256
2024-10-12 23:15:00,1,0,0,0.0013896193
2024-10-12 23:30:00,1,0,0,0.0013649743
2024-10-12 23:45:00,1,0,0,0.0012771385
2024-10-13 00:15:00,1,0,0,0.0016165704
2024-10-13 00:30:00,1,0,0,0.0026909534
2024-10-13 00:45:00,1,0,0,0.003242419
2024-10-13 01:00:00,1,0,0,0.002457786
2024-10-13 01:15:00,1,0,0,0.0016091731
2024-10-13 01:30:00,1,0,0,0.0018291438
2024-10-13 01:45:00,1,0,0,0.0016963419
2024-10-13 02:00:00,1,0,0,0.0018800528
2024-10-13 02:15:00,1,0,0,0.0033641607
2024-10-13 02:30:00,1,0,0,0.0036429528
2024-10-13 02:45:00,1,1,0,0.003231627
2024-10-13 03:00:00,1,1,0,0.0019575774
2024-10-13 03:15:00,1,0,0,0.0019621272
2024-10-13 03:30:00,1,1,0,0.009067856
2024-10-13 03:45:00,1,1,0,0.26502433
2024-10-13 04:00:00,1,1,0,0.0061806357
2024-10-13 04:15:00,1,0,0,0.011646371
2024-10-13 04:30:00,1,0,0,0.025689488
2024-10-13 04:45:00,1,0,0,0.0036259978
2024-10-13 05:00:00,1,0,0,0.050108314
2024-10-13 05:15:00,1,1,0,0.008131289
2024-10-13 05:30:00,1,0,0,0.0066416226
2024-10-13 05:45:00,1,0,0,0.0023378653
2024-10-13 06:00:00,1,0,0,0.0017125551
2024-10-13 06:15:00,1,0,0,0.0015945673
2024-10-13 06:30:00,1,0,0,0.023466768
2024-10-13 06:45:00,1,0,0,0.05974417
2024-10-13 07:00:00,1,0,0,0.082200676
2024-10-13 07:15:00,1,0,0,0.01424312
2024-10-13 07:30:00,1,0,0,0.02814071
2024-10-13 07:45:00,1,0,0,0.011862496
2024-10-13 08:00:00,1,1,0,0.004968254
2024-10-13 08:15:00,1,0,0,0.011428046
2024-10-13 08:30:00,1,0,0,0.0025206667
2024-10-13 08:45:00,1,0,0,0.0074770954
2024-10-13 09:00:00,1,0,0,0.004679024
2024-10-13 09:15:00,1,0,0,0.002981756
2024-10-13 09:30:00,1,0,0,0.0016005829
2024-10-13 09:45:00,1,0,0,0.0046046004
2024-10-13 10:00:00,1,0,0,0.021131333
2024-10-13 10:15:00,1,0,0,0.0030123107
2024-10-13 10:30:00,1,0,0,0.0018779031
2024-10-13 10:45:00,1,0,0,0.0014189474
2024-10-13 11:00:00,1,0,0,0.0033499987
2024-10-13 11:15:00,1,0,0,0.0016796979
2024-10-13 11:30:00,1,0,0,0.0019464662
2024-10-13 11:45:00,1,0,0,0.0017865577
2024-10-13 12:00:00,1,0,0,0.0017466935
2024-10-13 12:15:00,1,0,0,0.0026449587
2024-10-13 12:30:00,1,0,0,0.0024375767
2024-10-13 12:45:00,1,0,0,0.0040707923
2024-10-13 13:00:00,1,0,0,0.0013554563
2024-10-13 13:15:00,1,0,0,0.01048043
2024-10-13 13:30:00,1,0,0,0.10145288
2024-10-13 13:45:00,1,0,0,0.04175767
2024-10-13 14:00:00,1,0,0,0.004857829
2024-10-13 14:15:00,1,0,0,0.00630379
2024-10-13 14:30:00,1,0,0,0.005017727
2024-10-13 14:45:00,1,0,0,0.004730207
2024-10-13 15:00:00,1,0,0,0.008574282
2024-10-13 15:15:00,1,0,0,0.005862017
2024-10-13 15:30:00,1,0,0,0.009660513
2024-10-13 15:45:00,1,0,0,0.008834403
2024-10-13 16:00:00,1,0,0,0.0049095363
2024-10-13 16:15:00,1,0,0,0.0048314966
2024-10-13 16:30:00,1,0,0,0.017484311
2024-10-13 16:45:00,1,0,0,0.0077406787
2024-10-13 17:00:00,1,0,0,0.010389323
2024-10-13 17:15:00,1,0,0,0.003622773
2024-10-13 17:30:00,1,0,0,0.0031693762
2024-10-13 17:45:00,1,0,0,0.0022491533
2024-10-13 18:00:00,1,0,0,0.0012227194
2024-10-13 18:15:00,1,0,0,0.0022938617
2024-10-13 18:30:00,1,0,0,0.003424248
2024-10-13 18:45:00,1,0,0,0.006946755
2024-10-13 19:00:00,1,0,0,0.0054351534
2024-10-13 19:15:00,1,0,0,0.002776646
2024-10-13 19:30:00,1,0,0,0.003238093
2024-10-13 19:45:00,1,0,0,0.0069786934
2024-10-13 20:00:00,1,0,0,0.003622238
2024-10-13 20:15:00,1,0,0,0.0022383132
2024-10-13 20:30:00,1,0,0,0.0034647414
2024-10-13 20:45:00,1,0,0,0.0031062402
2024-10-13 21:00:00,1,0,0,0.0040857783
2024-10-13 21:15:00,1,0,0,0.0023281712
2024-10-13 21:30:00,1,0,0,0.0030404013
2024-10-13 21:45:00,1,0,0,0.0024550264
2024-10-13 22:00:00,1,0,0,0.0021343853
2024-10-13 22:15:00,1,0,0,0.00214063
2024-10-13 22:30:00,1,0,0,0.0018666956
2024-10-13 22:45:00,1,0,0,0.0013405822
2024-10-13 23:00:00,1,0,0,0.001166037
2024-10-13 23:15:00,1,0,0,0.0014275261
2024-10-13 23:30:00,1,0,0,0.0011466958
2024-10-13 23:45:00,1,0,0,0.0010710343
2024-10-14 00:15:00,1,0,0,0.00086982053
2024-10-14 00:30:00,1,0,0,0.0010755451
2024-10-14 00:45:00,1,0,0,0.0007984586
2024-10-14 01:00:00,1,0,0,0.0008496733
2024-10-14 01:15:00,1,0,0,0.0008441715
2024-10-14 01:30:00,1,0,0,0.001082879
2024-10-14 01:45:00,1,0,0,0.0009505748
2024-10-14 02:00:00,1,0,0,0.0009369781
2024-10-14 02:15:00,1,0,0,0.00081129855
2024-10-14 02:30:00,1,0,0,0.0010956118
2024-10-14 02:45:00,1,0,0,0.0007905696
2024-10-14 03:00:00,1,0,0,0.0008017782
2024-10-14 03:15:00,1,0,0,0.0009160594
2024-10-14 03:30:00,1,0,0,0.0010471072
2024-10-14 03:45:00,1,0,0,0.0008833879
2024-10-14 04:00:00,1,0,0,0.0007573012
2024-10-14 04:15:00,1,0,0,0.0008659967
2024-10-14 04:30:00,1,0,0,0.00094860554
2024-10-14 04:45:00,1,0,0,0.0008570507
2024-10-14 05:00:00,1,0,0,0.00074006116
2024-10-14 05:15:00,1,0,0,0.0007841057
2024-10-14 05:30:00,1,0,0,0.0008054444
2024-10-14 05:45:00,1,0,0,0.00080676004
2024-10-14 06:00:00,1,0,0,0.00085602317
2024-10-14 06:15:00,1,0,0,0.00081821
2024-10-14 06:30:00,1,0,0,0.0006891476
2024-10-14 06:45:00,1,0,0,0.00064134086
2024-10-14 07:00:00,1,0,0,0.0006968998
2024-10-14 07:15:00,1,0,0,0.00063121004
2024-10-14 07:30:00,1,0,0,0.0006584393
2024-10-14 07:45:00,1,0,0,0.00065144594
2024-10-14 08:00:00,1,0,0,0.00065066403
2024-10-14 08:15:00,1,0,0,0.0006218128
2024-10-14 08:30:00,1,0,0,0.00064629485
2024-10-14 08:45:00,1,0,0,0.000697033
2024-10-14 09:00:00,1,0,0,0.00067645544
2024-10-14 09:15:00,1,0,0,0.00062907254
2024-10-14 09:30:00,1,0,0,0.0006624016
2024-10-14 09:45:00,1,0,0,0.000667652
2024-10-14 10:00:00,1,0,0,0.00062386575
2024-10-14 10:15:00,1,0,0,0.0005908809
2024-10-14 10:30:00,1,0,0,0.00060428254
2024-10-14 10:45:00,1,0,0,0.00068236777
2024-10-14 11:00:00,1,0,0,0.0006248247
2024-10-14 11:15:00,1,0,0,0.00069452956
2024-10-14 11:30:00,1,0,0,0.0007066536
2024-10-14 11:45:00,1,0,0,0.000681238
2024-10-14 12:00:00,1,0,0,0.0006705742
2024-10-14 12:15:00,1,0,0,0.0007422382
2024-10-14 12:30:00,1,0,0,0.00068072136
2024-10-14 12:45:00,1,0,0,0.00077104016
2024-10-14 13:00:00,1,0,0,0.00072503265
2024-10-14 13:15:00,1,0,0,0.0006880431
2024-10-14 13:30:00,1,0,0,0.00078027375
2024-10-14 13:45:00,1,0,0,0.00071695645
2024-10-14 14:00:00,1,0,0,0.0008031331
2024-10-14 14:15:00,1,0,0,0.0007876669
2024-10-14 14:30:00,1,0,0,0.0007672525
2024-10-14 14:45:00,1,0,0,0.00083066296
2024-10-14 15:00:00,1,0,0,0.0008165627
2024-10-14 15:15:00,1,0,0,0.00071205664
2024-10-14 15:30:00,1,0,0,0.0008329193
2024-10-14 15:45:00,1,0,0,0.00078819063
2024-10-14 16:00:00,1,0,0,0.0007835322
2024-10-14 16:15:00,1,0,0,0.0009236426
2024-10-14 16:30:00,1,0,0,0.00091614306
2024-10-14 16:45:00,1,0,0,0.00086963567
2024-10-14 17:00:00,1,0,0,0.00086472544
2024-10-14 17:15:00,1,0,0,0.0009067056
2024-10-14 17:30:00,1,0,0,0.0011399628
2024-10-14 17:45:00,1,0,0,0.0009555908
2024-10-14 18:00:00,1,0,0,0.0010224148
2024-10-14 18:15:00,1,0,0,0.001238365
2024-10-14 18:30:00,1,0,0,0.0010826178
2024-10-14 18:45:00,1,0,0,0.0010037479
2024-10-14 19:00:00,1,0,0,0.001201635
2024-10-14 19:15:00,1,0,0,0.0008382317
2024-10-14 19:30:00,1,0,0,0.00089464296
2024-10-14 19:45:00,1,0,0,0.0007828755
2024-10-14 20:00:00,1,0,0,0.0008438851
2024-10-14 20:15:00,1,0,0,0.0008097292
2024-10-14 20:30:00,1,0,0,0.0007748557
2024-10-14 20:45:00,1,0,0,0.00083288545
2024-10-14 21:00:00,1,0,0,0.00085751485
2024-10-14 21:15:00,1,0,0,0.0007969029
2024-10-14 21:30:00,1,0,0,0.00073169236
2024-10-14 21:45:00,1,0,0,0.00071589503
2024-10-14 22:00:00,1,0,0,0.00067472924
2024-10-14 22:15:00,1,0,0,0.0007079762
2024-10-14 22:30:00,1,0,0,0.00069249066
2024-10-14 22:45:00,1,0,0,0.00069703197
2024-10-14 23:00:00,1,0,0,0.0006791501
2024-10-14 23:15:00,1,0,0,0.0007001618
2024-10-14 23:30:00,1,0,0,0.0007023411
2024-10-14 23:45:00,1,0,0,0.0006622388
2024-10-15 01:00:00,2,0,0,0.00024294619
2024-10-15 01:15:00,2,0,0,0.00024014946
2024-10-15 01:30:00,2,0,0,0.00024323324
2024-10-15 01:45:00,2,0,0,0.0002387832
2024-10-15 02:00:00,2,0,0,0.00024091556
2024-10-15 02:15:00,2,0,0,0.0002474762
2024-10-15 02:30:00,2,0,0,0.00024284025
2024-10-15 02:45:00,2,0,0,0.00024105406
2024-10-15 03:00:00,2,0,0,0.00025239144
2024-10-15 03:15:00,2,0,0,0.0002749738
2024-10-15 03:30:00,2,0,0,0.00026331047
2024-10-15 03:45:00,2,0,0,0.00024733387
2024-10-15 04:00:00,2,0,0,0.0002535865
2024-10-15 04:15:00,2,0,0,0.0002581838
2024-10-15 04:30:00,2,0,0,0.00025884627
2024-10-15 04:45:00,2,0,0,0.00026037046
2024-10-15 05:00:00,2,0,0,0.000270292
2024-10-15 05:15:00,2,0,0,0.00027383468
2024-10-15 05:30:00,2,0,0,0.00026238972
2024-10-15 05:45:00,2,0,0,0.0002713684
2024-10-15 06:00:00,2,0,0,0.00026004275
2024-10-15 06:15:00,2,0,0,0.00026767646
2024-10-15 06:30:00,2,0,0,0.0002745936
2024-10-15 06:45:00,2,0,0,0.00028148157
2024-10-15 07:00:00,2,0,0,0.00027588187
2024-10-15 07:15:00,2,0,0,0.0002731816
2024-10-15 07:30:00,2,0,0,0.00029535813
2024-10-15 07:45:00,2,0,0,0.00029452835
2024-10-15 08:00:00,2,0,0,0.0002978256
2024-10-15 08:15:00,2,0,0,0.0003033853
2024-10-15 08:30:00,2,0,0,0.0003124956
2024-10-15 08:45:00,2,0,0,0.0003053245
2024-10-15 09:00:00,2,0,0,0.00031164318
2024-10-15 09:15:00,2,0,0,0.0003042741
2024-10-15 09:30:00,2,0,0,0.00030391288
2024-10-15 09:45:00,2,0,0,0.0002961551
2024-10-15 10:00:00,2,0,0,0.0003261862
2024-10-15 10:15:00,2,0,0,0.00030638598
2024-10-15 10:30:00,2,0,0,0.00029752
2024-10-15 10:45:00,2,0,0,0.00031691336
2024-10-15 11:00:00,2,0,0,0.00032757307
2024-10-15 11:15:00,2,0,0,0.00032739248
2024-10-15 11:30:00,2,0,0,0.00034064747
2024-10-15 11:45:00,2,0,0,0.00034944204
2024-10-15 12:00:00,2,0,0,0.0003511666
2024-10-15 12:15:00,2,0,0,0.0003353204
2024-10-15 12:30:00,2,0,0,0.00035871883
2024-10-15 12:45:00,2,0,0,0.00034868182
2024-10-15 13:00:00,2,0,0,0.0003316825
2024-10-15 13:15:00,2,0,0,0.0003116548
2024-10-15 13:30:00,2,0,0,0.00033113186
2024-10-15 13:45:00,2,0,0,0.00033332064
2024-10-15 14:00:00,2,0,0,0.00033181536
2024-10-15 14:15:00,2,0,0,0.000312445
2024-10-15 14:30:00,2,0,0,0.0003033725
2024-10-15 14:45:00,2,0,0,0.00032007767
2024-10-15 15:00:00,2,0,0,0.0003002499
2024-10-15 15:15:00,2,0,0,0.00029886933
2024-10-15 15:30:00,2,0,0,0.00029969038
2024-10-15 15:45:00,2,0,0,0.0003075597
2024-10-15 16:00:00,2,0,0,0.00030223894
2024-10-15 16:15:00,2,0,0,0.00029741562
2024-10-15 16:30:00,2,0,0,0.00028498672
2024-10-15 16:45:00,2,0,0,0.00030207413
2024-10-15 17:00:00,2,0,0,0.00030936606
2024-10-15 17:15:00,2,0,0,0.00030475506
2024-10-15 17:30:00,2,0,0,0.00029792235
2024-10-15 17:45:00,2,0,0,0.00030684794
2024-10-15 18:00:00,2,0,0,0.0002748136
2024-10-15 18:15:00,2,0,0,0.00027189488
2024-10-15 18:30:00,2,0,0,0.00027974288
2024-10-15 18:45:00,2,0,0,0.000291085
2024-10-15 19:00:00,2,0,0,0.000299468
2024-10-15 19:15:00,2,0,0,0.00030808814
2024-10-15 19:30:00,2,0,0,0.00030453992
2024-10-15 19:45:00,2,0,0,0.0003063394
2024-10-15 20:00:00,2,0,0,0.0002746143
2024-10-15 20:15:00,2,0,0,0.0002780934
2024-10-15 20:30:00,2,0,0,0.0002832899
2024-10-15 20:45:00,2,0,0,0.00029197615
2024-10-15 21:00:00,2,0,0,0.00028635908
2024-10-15 21:15:00,2,0,0,0.00029108048
2024-10-15 21:30:00,2,0,0,0.00029778594
2024-10-15 21:45:00,2,0,0,0.00029427608
2024-10-15 22:00:00,2,0,0,0.00028488392
2024-10-15 22:15:00,2,0,0,0.00028082076
2024-10-15 22:30:00,2,0,0,0.00028804786
2024-10-15 22:45:00,2,0,0,0.00028387504
2024-10-15 23:00:00,2,0,0,0.00028275241
2024-10-15 23:15:00,2,0,0,0.00027941505
2024-10-15 23:30:00,2,0,0,0.00028225398
2024-10-15 23:45:00,2,0,0,0.0002801446
2024-10-16 00:15:00,2,0,0,0.00028588096
2024-10-16 00:30:00,2,0,0,0.0002916731
2024-10-16 00:45:00,2,0,0,0.0003021215
2024-10-16 01:00:00,2,0,0,0.00034760628
2024-10-16 01:15:00,2,0,0,0.0003319036
2024-10-16 01:30:00,2,0,0,0.00033839527
2024-10-16 01:45:00,2,0,0,0.000316326
2024-10-16 02:00:00,2,0,0,0.00031918316
2024-10-16 02:15:00,2,0,0,0.00033482444
2024-10-16 02:30:00,2,0,0,0.00029500082
2024-10-16 02:45:00,2,0,0,0.0002985465
2024-10-16 03:00:00,2,0,0,0.0002920544
2024-10-16 03:15:00,2,0,0,0.00030063416
2024-10-16 03:30:00,2,0,0,0.00030419085
2024-10-16 03:45:00,2,0,0,0.0003094065
2024-10-16 04:00:00,2,0,0,0.00030545826
2024-10-16 04:15:00,2,0,0,0.00032129232
2024-10-16 04:30:00,2,0,0,0.00030076934
2024-10-16 04:45:00,2,0,0,0.00029780218
2024-10-16 05:00:00,2,0,0,0.00029936145
2024-10-16 05:15:00,2,0,0,0.000305597
2024-10-16 05:30:00,2,0,0,0.0002956113
2024-10-16 05:45:00,2,0,0,0.00033336546
2024-10-16 06:00:00,2,0,0,0.00031424934
2024-10-16 06:15:00,2,0,0,0.00031286295
2024-10-16 06:30:00,2,0,0,0.0003365327
2024-10-16 06:45:00,2,0,0,0.00032966127
2024-10-16 07:00:00,2,0,0,0.00033024774
2024-10-16 07:15:00,2,0,0,0.00030400598
2024-10-16 07:30:00,2,0,0,0.00030327553
2024-10-16 07:45:00,2,0,0,0.000303413
2024-10-16 08:00:00,2,0,0,0.00030676674
2024-10-16 08:15:00,2,0,0,0.0003074722
2024-10-16 08:30:00,2,0,0,0.00031794372
2024-10-16 08:45:00,2,0,0,0.00034356042
2024-10-16 09:00:00,2,0,0,0.0003498598
2024-10-16 09:15:00,2,0,0,0.00034591992
2024-10-16 09:30:00,2,0,0,0.00031548843
2024-10-16 09:45:00,2,0,0,0.00032116962
2024-10-16 10:00:00,2,0,0,0.00034674237
2024-10-16 10:15:00,2,0,0,0.0003519772
2024-10-16 10:30:00,2,0,0,0.0003599698
2024-10-16 10:45:00,2,0,0,0.00036465318
2024-10-16 11:00:00,2,0,0,0.00035261727
2024-10-16 11:15:00,2,0,0,0.00037293625
2024-10-16 11:30:00,2,0,0,0.00036323623
2024-10-16 11:45:00,2,0,0,0.00036349968
2024-10-16 12:00:00,2,0,0,0.00035695184
2024-10-16 12:15:00,2,0,0,0.00036945246
2024-10-16 12:30:00,2,0,0,0.00035233898
2024-10-16 12:45:00,2,0,0,0.00034773996
2024-10-16 13:00:00,2,0,0,0.00041505977
2024-10-16 13:15:00,2,0,0,0.0004843946
2024-10-16 13:30:00,2,0,0,0.0003546289
2024-10-16 13:45:00,2,0,0,0.0003254732
2024-10-16 14:00:00,2,0,0,0.0003593133
2024-10-16 14:15:00,2,0,0,0.0004065462
2024-10-16 14:30:00,2,0,0,0.00037066694
2024-10-16 14:45:00,2,0,0,0.00036142595
2024-10-16 15:00:00,2,0,0,0.00039050262
2024-10-16 15:15:00,2,0,0,0.00037883525
2024-10-16 15:30:00,2,0,0,0.00036050013
2024-10-16 15:45:00,2,0,0,0.0003327127
2024-10-16 16:00:00,2,0,0,0.0003323274
2024-10-16 16:15:00,2,0,0,0.00032595271
2024-10-16 16:30:00,2,0,0,0.00033710658
2024-10-16 16:45:00,2,0,0,0.00033120267
2024-10-16 17:00:00,2,0,0,0.0003227304
2024-10-16 17:15:00,2,0,0,0.00030511056
2024-10-16 17:30:00,2,0,0,0.0002995602
2024-10-16 17:45:00,2,0,0,0.00030855992
2024-10-16 18:00:00,2,0,0,0.00028450508
2024-10-16 18:15:00,2,0,0,0.00027197573
2024-10-16 18:30:00,2,0,0,0.0002771464
2024-10-16 18:45:00,2,0,0,0.00027755433
2024-10-16 19:00:00,2,0,0,0.000518506
2024-10-16 19:15:00,2,0,0,0.00053334
2024-10-16 19:30:00,2,0,0,0.000320969
2024-10-16 19:45:00,2,0,0,0.00029656634
2024-10-16 20:00:00,2,0,0,0.0014543652
2024-10-16 20:15:00,2,0,0,0.08422112
2024-10-16 20:30:00,2,0,0,0.13724525
2024-10-16 20:45:00,2,0,0,0.20278518
2024-10-16 21:00:00,2,0,1,0.4988581
2024-10-16 21:15:00,2,0,0,0.48643303
2024-10-16 21:30:00,2,0,0,0.2647446
2024-10-16 21:45:00,2,0,0,0.132075
2024-10-16 22:00:00,2,0,0,0.002796284
2024-10-16 22:15:00,2,0,0,0.0035244147
2024-10-16 22:30:00,2,0,0,0.0069530015
2024-10-16 22:45:00,2,0,0,0.004362391
2024-10-16 23:00:00,2,0,0,0.0025616768
2024-10-16 23:15:00,2,0,0,0.0019099617
2024-10-16 23:30:00,2,0,0,0.0016586146
2024-10-16 23:45:00,2,0,0,0.0010807412
2024-10-17 00:15:00,2,0,0,0.0005775596
2024-10-17 00:30:00,2,0,0,0.0005535573
2024-10-17 00:45:00,2,0,0,0.00045050366
2024-10-17 01:00:00,2,0,0,0.0005861536
2024-10-17 01:15:00,2,0,0,0.0018530135
2024-10-17 01:30:00,2,0,0,0.001571062
2024-10-17 01:45:00,2,0,0,0.0025832676
2024-10-17 02:00:00,2,0,0,0.00083452556
2024-10-17 02:15:00,2,0,0,0.00061330525
2024-10-17 02:30:00,2,0,0,0.00046898946
2024-10-17 02:45:00,2,0,0,0.0008173726
2024-10-17 03:00:00,2,0,0,0.00080476096
2024-10-17 03:15:00,2,0,0,0.00088367076
2024-10-17 03:30:00,2,0,0,0.002236158
2024-10-17 03:45:00,2,0,0,0.0012387547
2024-10-17 04:00:00,2,0,0,0.0011156502
2024-10-17 04:15:00,2,0,0,0.0011232608
2024-10-17 04:30:00,2,0,0,0.0024975527
2024-10-17 04:45:00,2,0,0,0.0016195177
2024-10-17 05:00:00,2,0,0,0.0013822668
2024-10-17 05:15:00,2,0,0,0.0015970012
2024-10-17 05:30:00,2,0,0,0.0015256978
2024-10-17 05:45:00,2,0,0,0.0014305789
2024-10-17 06:00:00,2,0,0,0.0022713298
2024-10-17 06:15:00,2,0,0,0.0008073298
2024-10-17 06:30:00,2,0,0,0.00074000773
2024-10-17 06:45:00,2,0,0,0.0006604259
2024-10-17 07:00:00,2,0,0,0.0005679868
2024-10-17 07:15:00,2,0,0,0.0006785557
2024-10-17 07:30:00,2,0,0,0.0006990201
2024-10-17 07:45:00,2,0,0,0.0007679167
2024-10-17 08:00:00,2,0,0,0.0007604039
2024-10-17 08:15:00,2,0,0,0.00060171227
2024-10-17 08:30:00,2,0,0,0.0005486716
2024-10-17 08:45:00,2,0,0,0.00055558584
2024-10-17 10:30:00,2,0,0,0.00034214905
2024-10-17 10:45:00,2,0,0,0.00033377603
2024-10-17 11:00:00,2,0,0,0.00036104018
2024-10-17 11:15:00,2,0,0,0.00037932358
2024-10-17 11:30:00,2,0,0,0.00037903554
2024-10-17 11:45:00,2,0,0,0.00037600912
2024-10-17 12:00:00,2,0,0,0.00039111546
2024-10-17 12:15:00,2,0,0,0.00038897526
2024-10-17 12:30:00,2,0,0,0.00041208873
2024-10-17 12:45:00,2,0,0,0.00039701926
2024-10-17 13:00:00,2,0,0,0.0003806185
2024-10-17 13:15:00,2,0,0,0.0003656196
2024-10-17 13:30:00,2,0,0,0.00036766008
2024-10-17 13:45:00,2,0,0,0.0004201549
2024-10-17 14:00:00,2,0,0,0.00037003576
2024-10-17 14:15:00,2,0,0,0.00034864782
2024-10-17 14:30:00,2,0,0,0.00036313917
2024-10-17 14:45:00,2,0,0,0.0003674825
2024-10-17 15:00:00,2,0,0,0.00038555978
2024-10-17 15:15:00,2,0,0,0.0004068127
2024-10-17 15:30:00,2,0,0,0.00041517068
2024-10-17 15:45:00,2,0,0,0.00041501495
2024-10-17 16:00:00,2,0,0,0.00048280714
2024-10-17 16:15:00,2,0,0,0.00053072354
2024-10-17 16:30:00,2,0,0,0.0005785364
2024-10-17 16:45:00,2,0,0,0.0004747571
2024-10-17 17:00:00,2,0,0,0.0004164057
2024-10-17 17:15:00,2,0,0,0.0003644399
2024-10-17 17:30:00,2,0,0,0.0003701735
2024-10-17 17:45:00,2,0,0,0.00048160655
2024-10-17 18:00:00,2,0,0,0.00047961663
2024-10-17 18:15:00,2,0,0,0.00051384885
2024-10-17 18:30:00,2,0,0,0.0006193971
2024-10-17 18:45:00,2,0,0,0.0008131906
2024-10-17 19:00:00,2,0,0,0.0014584638
2024-10-17 19:15:00,2,0,0,0.0016957379
2024-10-17 19:30:00,2,0,0,0.0013070895
2024-10-17 19:45:00,2,0,0,0.0012283385
2024-10-17 20:00:00,2,0,0,0.0015393738
2024-10-17 20:15:00,2,0,0,0.0008423125
2024-10-17 20:30:00,2,0,0,0.0007682239
2024-10-17 20:45:00,2,0,0,0.0006362808
2024-10-17 21:00:00,2,0,0,0.00061814295
2024-10-17 21:15:00,2,0,0,0.00068357337
2024-10-17 21:30:00,2,0,0,0.000606677
2024-10-17 21:45:00,2,0,0,0.0005588034
2024-10-17 22:00:00,2,0,0,0.00065016374
2024-10-17 22:15:00,2,0,0,0.0036209542
2024-10-17 22:30:00,2,0,0,0.0014970151
2024-10-17 22:45:00,2,0,0,0.004078141
2024-10-17 23:00:00,2,0,0,0.0020928828
2024-10-17 23:15:00,2,0,0,0.0007706797
2024-10-17 23:30:00,2,0,0,0.0015071809
2024-10-17 23:45:00,2,0,0,0.019492429
2024-10-18 00:15:00,2,0,0,0.0018802483
2024-10-18 00:30:00,2,0,0,0.0015121693
2024-10-18 00:45:00,2,0,0,0.0047029927
2024-10-18 01:00:00,2,0,0,0.001985855
2024-10-18 01:15:00,2,0,0,0.20201577
2024-10-18 01:30:00,2,0,0,0.25417072
2024-10-18 01:45:00,2,0,0,0.21539637
2024-10-18 02:00:00,2,0,0,0.15500633
2024-10-18 02:15:00,2,0,0,0.0035591815
2024-10-18 02:30:00,2,0,0,0.002548436
2024-10-18 02:45:00,2,0,0,0.0017059027
2024-10-18 03:00:00,2,0,0,0.0025353467
2024-10-18 03:15:00,2,0,0,0.044318773
2024-10-18 03:30:00,2,0,0,0.14848459
2024-10-18 03:45:00,2,0,0,0.17506467
2024-10-18 04:00:00,2,1,0,0.0984529
2024-10-18 04:15:00,2,1,0,0.23647048
2024-10-18 04:30:00,2,0,0,0.014842815
2024-10-18 04:45:00,2,0,0,0.0050702156
2024-10-18 05:00:00,2,0,0,0.017933607
2024-10-18 05:15:00,2,0,0,0.3752361
2024-10-18 05:30:00,2,0,0,0.23620419
2024-10-18 05:45:00,2,0,0,0.081188254
2024-10-18 06:00:00,2,0,0,0.04121019
2024-10-18 06:15:00,2,0,0,0.0015253251
2024-10-18 06:30:00,2,0,0,0.00054423395
2024-10-18 06:45:00,2,0,0,0.00047967222
2024-10-18 07:00:00,2,0,0,0.00039148293
2024-10-18 07:15:00,2,0,0,0.00045339705
2024-10-18 07:30:00,2,0,0,0.00038353808
2024-10-18 07:45:00,2,0,0,0.00047273136
2024-10-18 08:00:00,2,0,0,0.00034518386
2024-10-18 08:15:00,2,0,0,0.00041390327
2024-10-18 08:30:00,2,0,0,0.00042666847
2024-10-18 08:45:00,2,0,0,0.00030432377
2024-10-18 09:00:00,2,0,0,0.00029915827
2024-10-18 09:15:00,2,0,0,0.0003181878
2024-10-18 09:30:00,2,0,0,0.00031338452
2024-10-18 09:45:00,2,0,0,0.00031991937
2024-10-18 10:00:00,2,0,0,0.0003011365
2024-10-18 10:15:00,2,0,0,0.00032675973
2024-10-18 10:30:00,2,0,0,0.00031477644
2024-10-18 10:45:00,2,0,0,0.0003176429
2024-10-18 11:00:00,2,0,0,0.00030289695
2024-10-18 11:15:00,2,0,0,0.00031816462
2024-10-18 11:30:00,2,0,0,0.00036108325
2024-10-18 11:45:00,2,0,0,0.0003094367
2024-10-18 12:00:00,2,0,0,0.00029937597
2024-10-18 12:15:00,2,0,0,0.0003253744
2024-10-18 12:30:00,2,0,0,0.00033917977
2024-10-18 12:45:00,2,0,0,0.00035058268
2024-10-18 13:00:00,2,0,0,0.00035177168
2024-10-18 13:15:00,2,0,0,0.00033088747
2024-10-18 13:30:00,2,0,0,0.0003478274
2024-10-18 13:45:00,2,0,0,0.00035742775
2024-10-18 14:00:00,2,0,0,0.0003343865
2024-10-18 14:15:00,2,0,0,0.00033136742
2024-10-18 14:30:00,2,0,0,0.00027490145
2024-10-18 14:45:00,2,0,0,0.0002746633
2024-10-18 15:00:00,2,0,0,0.00027753582
2024-10-18 15:15:00,2,0,0,0.00029186776
2024-10-18 15:30:00,2,0,0,0.0003010038
2024-10-18 15:45:00,2,0,0,0.0002889468
2024-10-18 16:00:00,2,0,0,0.000274055
2024-10-18 16:15:00,2,0,0,0.00030214965
2024-10-18 16:30:00,2,0,0,0.00029011077
2024-10-18 16:45:00,2,0,0,0.00031183285
2024-10-18 17:00:00,2,0,0,0.0002921557
2024-10-18 17:15:00,2,0,0,0.00027625184
2024-10-18 17:30:00,2,0,0,0.00027754248
2024-10-18 17:45:00,2,0,0,0.0002784308
2024-10-18 18:00:00,2,0,0,0.00027944185
2024-10-18 18:15:00,2,0,0,0.00027380273
2024-10-18 18:30:00,2,0,0,0.00026794686
2024-10-18 18:45:00,2,0,0,0.00026581963
2024-10-18 19:00:00,2,0,0,0.00028722337
2024-10-18 19:15:00,2,0,0,0.00026864538
2024-10-18 19:30:00,2,0,0,0.00025352716
2024-10-18 19:45:00,2,0,0,0.00024357538
2024-10-18 20:00:00,2,0,0,0.0002392534
2024-10-18 20:15:00,2,0,0,0.00025613952
2024-10-18 20:30:00,2,0,0,0.00026278518
2024-10-18 20:45:00,2,0,0,0.00023022937
2024-10-18 21:00:00,2,0,0,0.00023489029
2024-10-18 21:15:00,2,0,0,0.00024208173
2024-10-18 21:30:00,2,0,0,0.0002516668
2024-10-18 21:45:00,2,0,0,0.00023610893
2024-10-18 22:00:00,2,0,0,0.00024289341
2024-10-18 22:15:00,2,0,0,0.0002736733
2024-10-18 22:30:00,2,0,0,0.0002751859
2024-10-18 22:45:00,2,0,0,0.00026228937
2024-10-18 23:00:00,2,0,0,0.00027568717
2024-10-18 23:15:00,2,0,0,0.00028850065
2024-10-18 23:30:00,2,0,0,0.00028073537
2024-10-18 23:45:00,2,0,0,0.00030068346
2024-10-19 00:15:00,2,0,0,0.00028244776
2024-10-19 00:30:00,2,0,0,0.0003943065
2024-10-19 00:45:00,2,0,0,0.0005621326
2024-10-19 01:00:00,2,0,0,0.0008515884
2024-10-19 01:15:00,2,0,0,0.0009148043
2024-10-19 01:30:00,2,0,0,0.0007853976
2024-10-19 01:45:00,2,0,0,0.0011577099
2024-10-19 02:00:00,2,0,0,0.0012859133
2024-10-19 02:15:00,2,0,0,0.0012123195
2024-10-19 02:30:00,2,0,0,0.0027691578
2024-10-19 02:45:00,2,0,0,0.0035734423
2024-10-19 03:00:00,2,0,0,0.21735558
2024-10-19 03:15:00,2,0,0,0.0827501
2024-10-19 03:30:00,2,0,0,0.09253179
2024-10-19 03:45:00,2,0,0,0.031080479
2024-10-19 04:00:00,2,0,0,0.0051484336
2024-10-19 04:15:00,2,0,0,0.4683697
2024-10-19 04:30:00,2,0,1,0.56086665
2024-10-19 04:45:00,2,0,1,0.5543061
2024-10-19 05:00:00,2,0,1,0.52709824
2024-10-19 05:15:00,2,0,0,0.4045366
2024-10-19 05:30:00,2,0,0,0.30836463
2024-10-19 05:45:00,2,0,0,0.40037566
2024-10-19 06:00:00,2,0,0,0.31439042
2024-10-19 06:15:00,2,0,0,0.15089989
2024-10-19 06:30:00,2,0,0,0.14302973
2024-10-19 06:45:00,2,0,0,0.09873174
2024-10-19 07:00:00,2,0,0,0.06629857
2024-10-19 07:15:00,2,0,0,0.03174463
2024-10-19 07:30:00,2,0,0,0.009578086
2024-10-19 07:45:00,2,0,0,0.0067766076
2024-10-19 08:00:00,2,0,0,0.007920616
2024-10-19 08:15:00,2,0,0,0.005924023
2024-10-19 08:30:00,2,0,0,0.006114682
2024-10-19 08:45:00,2,0,0,0.0101738535
2024-10-19 09:00:00,2,0,0,0.009193438
2024-10-19 09:15:00,2,0,0,0.0113206785
2024-10-19 09:30:00,2,0,0,0.004197122
2024-10-19 09:45:00,2,0,0,0.0049657337
2024-10-19 10:00:00,2,0,0,0.002507491
2024-10-19 10:15:00,2,0,0,0.0027598315
2024-10-19 10:30:00,2,0,0,0.0011815126
2024-10-19 10:45:00,2,0,0,0.001239965
2024-10-19 11:00:00,2,0,0,0.0009338424
2024-10-19 11:15:00,2,0,0,0.0015803291
2024-10-19 11:30:00,2,0,0,0.0011184744
2024-10-19 11:45:00,2,0,0,0.0010123652
2024-10-19 12:00:00,2,0,0,0.0012425627
2024-10-19 12:15:00,2,0,0,0.003292387
2024-10-19 12:30:00,2,0,0,0.002170254
2024-10-19 12:45:00,2,0,0,0.002770901
2024-10-19 13:00:00,2,0,0,0.0028351033
2024-10-19 13:15:00,2,0,0,0.0025169784
2024-10-19 13:30:00,2,0,0,0.0023843595
2024-10-19 13:45:00,2,0,0,0.0024305037
2024-10-19 14:00:00,2,0,0,0.004074412
2024-10-19 14:15:00,2,0,0,0.0051000165
2024-10-19 14:30:00,2,0,0,0.015132291
2024-10-19 14:45:00,2,0,0,0.0034902822
2024-10-19 15:00:00,2,0,0,0.002291984
2024-10-19 15:15:00,2,0,0,0.0011064463
2024-10-19 15:30:00,2,0,0,0.001075328
2024-10-19 15:45:00,2,0,0,0.0018204799
2024-10-19 16:00:00,2,0,0,0.0036924116
2024-10-19 16:15:00,2,0,0,0.0019180924
2024-10-19 16:30:00,2,0,0,0.0025536336
2024-10-19 16:45:00,2,0,0,0.0029618698
2024-10-19 17:00:00,2,0,0,0.00179383
2024-10-19 17:15:00,2,0,0,0.0034523245
2024-10-19 17:30:00,2,0,0,0.0058410857
2024-10-19 17:45:00,2,0,0,0.0024281805
2024-10-19 18:00:00,2,1,0,0.005956334
2024-10-19 18:15:00,2,1,1,0.48869237
2024-10-19 18:30:00,2,1,1,0.55558676
2024-10-19 18:45:00,2,1,1,0.51578486
2024-10-19 19:00:00,2,1,1,0.5625214
2024-10-19 19:15:00,2,1,1,0.51288235
2024-10-19 19:30:00,2,0,0,0.07811685
2024-10-19 19:45:00,2,0,0,0.08081826
2024-10-19 20:00:00,2,0,0,0.022265539
2024-10-19 20:15:00,2,0,0,0.040977843
2024-10-19 20:30:00,2,0,0,0.069860175
2024-10-19 20:45:00,2,0,0,0.033751253
2024-10-19 21:00:00,2,0,0,0.015608785
2024-10-19 21:15:00,2,0,0,0.008103037
2024-10-19 21:30:00,2,0,0,0.0056161345
2024-10-19 21:45:00,2,0,0,0.0031684488
2024-10-19 22:00:00,2,0,0,0.016894575
2024-10-19 22:15:00,2,0,0,0.03445188
2024-10-19 22:30:00,2,0,0,0.0111301355
2024-10-19 22:45:00,2,0,0,0.0055960566
2024-10-19 23:00:00,2,0,0,0.013059436
2024-10-19 23:15:00,2,0,0,0.0019750758
2024-10-19 23:30:00,2,0,0,0.00071430893
2024-10-19 23:45:00,2,0,0,0.0010301819
2024-10-20 00:15:00,2,0,0,0.00044479757
2024-10-20 00:30:00,2,0,0,0.0005450694
2024-10-20 00:45:00,2,0,0,0.00065076974
2024-10-20 01:00:00,2,0,0,0.00065960136
2024-10-20 01:15:00,2,0,0,0.00045569523
2024-10-20 01:30:00,2,0,0,0.0005638564
2024-10-20 01:45:00,2,0,0,0.0004011798
2024-10-20 02:00:00,2,0,0,0.00026574577
2024-10-20 02:15:00,2,0,0,0.00027761105
2024-10-20 02:30:00,2,0,0,0.00041247188
2024-10-20 02:45:00,2,0,0,0.00036267968
2024-10-20 03:00:00,2,0,0,0.00035553242
2024-10-20 03:15:00,2,0,0,0.00029710378
2024-10-20 03:30:00,2,0,0,0.0002768182
2024-10-20 03:45:00,2,0,0,0.0002834881
2024-10-20 04:00:00,2,0,0,0.0002640757
2024-10-20 04:15:00,2,0,0,0.0002677544
2024-10-20 04:30:00,2,0,0,0.00025811724
2024-10-20 04:45:00,2,0,0,0.0002618525
2024-10-20 05:00:00,2,0,0,0.0002490757
2024-10-20 05:15:00,2,0,0,0.00027518987
2024-10-20 05:30:00,2,0,0,0.00025808415
2024-10-20 05:45:00,2,0,0,0.00026020134
2024-10-20 06:00:00,2,0,0,0.00028178334
2024-10-20 06:15:00,2,0,0,0.00029871718
2024-10-20 06:30:00,2,0,0,0.00028744218
2024-10-20 06:45:00,2,0,0,0.00028261862
2024-10-20 07:00:00,2,0,0,0.00031340856
2024-10-20 07:15:00,2,0,0,0.00032775718
2024-10-20 07:30:00,2,0,0,0.00030993932
2024-10-20 07:45:00,2,0,0,0.00031000347
2024-10-20 08:00:00,2,0,0,0.00033724334
2024-10-20 08:15:00,2,0,0,0.0003121327
2024-10-20 08:30:00,2,0,0,0.00032646873
2024-10-20 08:45:00,2,0,0,0.0003231562
2024-10-20 09:00:00,2,0,0,0.0003095746
2024-10-20 09:15:00,2,0,0,0.00032518542
2024-10-20 09:30:00,2,0,0,0.00034693477
2024-10-20 09:45:00,2,0,0,0.00033422848
2024-10-20 10:00:00,2,0,0,0.0003217424
2024-10-20 10:15:00,2,0,0,0.00033002824
2024-10-20 10:30:00,2,0,0,0.00036629333
2024-10-20 10:45:00,2,0,0,0.00034843403
2024-10-20 11:00:00,2,0,0,0.00041539746
2024-10-20 11:15:00,2,0,0,0.0004860329
2024-10-20 11:30:00,2,0,0,0.0004584036
2024-10-20 11:45:00,2,0,0,0.0004358105
2024-10-20 12:00:00,2,0,0,0.0003957542
2024-10-20 12:15:00,2,0,0,0.00043897127
2024-10-20 12:30:00,2,0,0,0.0004445252
2024-10-20 12:45:00,2,0,0,0.0004787182
2024-10-20 13:00:00,2,0,0,0.00045339594
2024-10-20 13:15:00,2,0,0,0.00044336682
2024-10-20 13:30:00,2,0,0,0.00041972543
2024-10-20 13:45:00,2,0,0,0.0004596836
2024-10-20 14:00:00,2,0,0,0.0005009619
2024-10-20 14:15:00,2,0,0,0.0005388679
2024-10-20 14:30:00,2,0,0,0.0006082184
2024-10-20 14:45:00,2,0,0,0.00069200015
2024-10-20 15:00:00,2,0,0,0.0006428185
2024-10-20 15:15:00,2,0,0,0.0006280046
2024-10-20 15:30:00,2,0,0,0.0005291829
2024-10-20 15:45:00,2,0,0,0.0005499905
2024-10-20 16:00:00,2,0,0,0.00044714133
2024-10-20 16:15:00,2,0,0,0.00045511007
2024-10-20 16:30:00,2,0,0,0.00038704716
2024-10-20 16:45:00,2,0,0,0.00047044674
2024-10-20 17:00:00,2,0,0,0.0003857495
2024-10-20 17:15:00,2,0,0,0.00037494936
2024-10-20 17:30:00,2,0,0,0.0003567374
2024-10-20 17:45:00,2,0,0,0.0003872617
2024-10-20 18:00:00,2,0,0,0.00039039343
2024-10-20 18:15:00,2,0,0,0.00045862715
2024-10-20 18:30:00,2,0,0,0.00039071715
2024-10-20 18:45:00,2,0,0,0.0004203073
2024-10-20 19:00:00,2,0,0,0.00040791545
2024-10-20 19:15:00,2,0,0,0.00035464644
2024-10-20 19:30:00,2,0,0,0.0003636013
2024-10-20 19:45:00,2,0,0,0.00036437565
2024-10-20 20:00:00,2,0,0,0.00035427045
2024-10-20 20:15:00,2,0,0,0.00035938542
2024-10-20 20:30:00,2,0,0,0.0003484203
2024-10-20 20:45:00,2,0,0,0.0003720562
2024-10-20 21:00:00,2,0,0,0.00046608993
2024-10-20 21:15:00,2,0,0,0.0004522077
2024-10-20 21:30:00,2,0,0,0.00047081054
2024-10-20 21:45:00,2,0,0,0.00042327208
2024-10-20 22:00:00,2,0,0,0.00042107335
2024-10-20 22:15:00,2,0,0,0.000437383
2024-10-20 22:30:00,2,0,0,0.0005544691
2024-10-20 22:45:00,2,0,0,0.00045489057
2024-10-20 23:00:00,2,0,0,0.00046468305
2024-10-20 23:15:00,2,0,0,0.0005029867
2024-10-20 23:30:00,2,0,0,0.0004495415
2024-10-20 23:45:00,2,0,0,0.0006686136
2024-10-21 00:15:00,2,0,0,0.00058404467
2024-10-21 00:30:00,2,0,0,0.000693105
2024-10-21 00:45:00,2,0,0,0.00046856736
2024-10-21 01:00:00,2,0,0,0.0005314032
2024-10-21 01:15:00,2,0,0,0.00057950517
2024-10-21 01:30:00,2,0,0,0.000504157
2024-10-21 01:45:00,2,0,0,0.00055248674
2024-10-21 02:00:00,2,0,0,0.00051690167
2024-10-21 02:15:00,2,0,0,0.0005262261
2024-10-21 02:30:00,2,0,0,0.00048196057
2024-10-21 02:45:00,2,0,0,0.0004035926
2024-10-21 03:00:00,2,0,0,0.00043215632
2024-10-21 03:15:00,2,0,0,0.0004773333
2024-10-21 03:30:00,2,0,0,0.0004768404
2024-10-21 03:45:00,2,0,0,0.00050984643
2024-10-21 04:00:00,2,0,0,0.00047379974
2024-10-21 04:15:00,2,0,0,0.00050481164
2024-10-21 04:30:00,2,0,0,0.00049124344
2024-10-21 04:45:00,2,0,0,0.000514384
2024-10-21 05:00:00,2,0,0,0.0005695531
2024-10-21 05:15:00,2,0,0,0.000531803
2024-10-21 05:30:00,2,0,0,0.00051640184
2024-10-21 05:45:00,2,0,0,0.0005375853
2024-10-21 06:00:00,2,0,0,0.0006204464
2024-10-21 06:15:00,2,0,0,0.00066035875
2024-10-21 06:30:00,2,0,0,0.00066671986
2024-10-21 06:45:00,2,0,0,0.0007845007
2024-10-24 03:15:00,3,0,0,0.0006224207
2024-10-24 03:30:00,3,0,0,0.0006199832
2024-10-24 03:45:00,3,0,0,0.00063210377
2024-10-24 04:00:00,3,0,0,0.0006675826
2024-10-24 04:15:00,3,0,0,0.00062676327
2024-10-24 04:30:00,3,0,0,0.0006163901
2024-10-24 04:45:00,3,0,0,0.00061932293
2024-10-24 05:00:00,3,0,0,0.00062114646
2024-10-24 05:15:00,3,0,0,0.0006147894
2024-10-24 05:30:00,3,0,0,0.0006409494
2024-10-24 05:45:00,3,0,0,0.00067585224
2024-10-24 06:00:00,3,0,0,0.0006817523
2024-10-24 06:15:00,3,0,0,0.00067164906
2024-10-24 06:30:00,3,0,0,0.0007004757
2024-10-24 06:45:00,3,0,0,0.0006965121
2024-10-24 07:00:00,3,0,0,0.0006594403
2024-10-24 07:15:00,3,0,0,0.0006755374
2024-10-24 07:30:00,3,0,0,0.00071577047
2024-10-24 07:45:00,3,0,0,0.0006993835
2024-10-24 08:00:00,3,0,0,0.00066047185
2024-10-24 08:15:00,3,0,0,0.0006940442
2024-10-24 08:30:00,3,0,0,0.0007388409
2024-10-24 08:45:00,3,0,0,0.0007163732
2024-10-24 09:00:00,3,0,0,0.00073325547
2024-10-24 09:15:00,3,0,0,0.00069742795
2024-10-24 09:30:00,3,0,0,0.00071346073
2024-10-24 09:45:00,3,0,0,0.0007484499
2024-10-24 10:00:00,3,0,0,0.000739311
2024-10-24 10:15:00,3,0,0,0.00075782463
2024-10-24 10:30:00,3,0,0,0.0006857935
2024-10-24 10:45:00,3,0,0,0.0006655841
2024-10-24 11:00:00,3,0,0,0.0008080045
2024-10-24 11:15:00,3,0,0,0.00069584005
2024-10-24 11:30:00,3,0,0,0.00074647623
2024-10-24 11:45:00,3,0,0,0.0006907914
2024-10-24 12:00:00,3,0,0,0.0007690461
2024-10-24 12:15:00,3,0,0,0.0008731747
2024-10-24 12:30:00,3,0,0,0.0007784936
2024-10-24 12:45:00,3,0,0,0.00079813245
2024-10-24 13:00:00,3,0,0,0.0007656752
2024-10-24 13:15:00,3,0,0,0.00070410495
2024-10-24 13:30:00,3,0,0,0.00063640776
2024-10-24 13:45:00,3,0,0,0.0005846745
2024-10-24 14:00:00,3,0,0,0.0006209406
2024-10-24 14:15:00,3,0,0,0.00064018246
2024-10-24 14:30:00,3,0,0,0.0006988836
2024-10-24 14:45:00,3,0,0,0.00070745504
2024-10-24 15:00:00,3,0,0,0.0007234933
2024-10-24 15:15:00,3,0,0,0.00070471084
2024-10-24 15:30:00,3,0,0,0.0007136047
2024-10-24 15:45:00,3,0,0,0.00068325776
2024-10-24 16:00:00,3,0,0,0.0006099731
2024-10-24 16:15:00,3,0,0,0.00061193615
2024-10-24 16:30:00,3,0,0,0.0006073296
2024-10-24 16:45:00,3,0,0,0.0005937035
2024-10-24 17:00:00,3,0,0,0.0006236479
2024-10-24 17:15:00,3,0,0,0.00067777064
2024-10-24 17:30:00,3,0,0,0.0006737943
2024-10-24 17:45:00,3,0,0,0.00069420773
2024-10-24 18:00:00,3,0,0,0.0006807162
2024-10-24 18:15:00,3,0,0,0.00067052507
2024-10-24 18:30:00,3,0,0,0.0006586316
2024-10-24 18:45:00,3,0,0,0.00060443254
2024-10-24 19:00:00,3,0,0,0.0006564044
2024-10-24 19:15:00,3,0,0,0.0006068018
2024-10-24 19:30:00,3,0,0,0.0006088982
2024-10-24 19:45:00,3,0,0,0.00058938673
2024-10-24 20:00:00,3,0,0,0.00057978276
2024-10-24 20:15:00,3,0,0,0.00056584046
2024-10-24 20:30:00,3,0,0,0.00058877346
2024-10-24 20:45:00,3,0,0,0.000637909
2024-10-24 21:00:00,3,0,0,0.00062477257
2024-10-24 21:15:00,3,0,0,0.0006274585
2024-10-24 21:30:00,3,0,0,0.0006345186
2024-10-24 21:45:00,3,0,0,0.0006400744
2024-10-24 22:00:00,3,0,0,0.00057766127
2024-10-24 22:15:00,3,0,0,0.0005711759
2024-10-24 22:30:00,3,0,0,0.00059658196
2024-10-24 22:45:00,3,0,0,0.00058870215
2024-10-24 23:00:00,3,0,0,0.0005836589
2024-10-24 23:15:00,3,0,0,0.0006284469
2024-10-24 23:30:00,3,0,0,0.00069068937
2024-10-24 23:45:00,3,0,0,0.0006801967
2024-10-25 00:15:00,3,0,0,0.00065444066
2024-10-25 00:30:00,3,0,0,0.0006458144
2024-10-25 00:45:00,3,0,0,0.00063611264
2024-10-25 01:00:00,3,0,0,0.0006406506
2024-10-25 01:15:00,3,0,0,0.00057284377
2024-10-25 01:30:00,3,0,0,0.00057844445
2024-10-25 01:45:00,3,0,0,0.0006448796
2024-10-25 02:00:00,3,0,0,0.00071189925
2024-10-25 02:15:00,3,0,0,0.0006939911
2024-10-25 02:30:00,3,0,0,0.00061105366
2024-10-25 02:45:00,3,0,0,0.0006675024
2024-10-25 03:00:00,3,0,0,0.00063818344
2024-10-25 03:15:00,3,0,0,0.00065801275
2024-10-25 03:30:00,3,0,0,0.00060387707
2024-10-25 03:45:00,3,0,0,0.0006698761
2024-10-25 04:00:00,3,0,0,0.0008207575
2024-10-25 04:15:00,3,0,0,0.0006969332
2024-10-25 04:30:00,3,0,0,0.0007799737
2024-10-25 04:45:00,3,0,0,0.00073489576
2024-10-25 05:00:00,3,0,0,0.00075115496
2024-10-25 05:15:00,3,0,0,0.00070242403
2024-10-25 05:30:00,3,0,0,0.00069197326
2024-10-25 05:45:00,3,0,0,0.0006917411
2024-10-25 06:00:00,3,0,0,0.0007628795
2024-10-25 06:15:00,3,0,0,0.0006796221
2024-10-25 06:30:00,3,0,0,0.0007249736
2024-10-25 06:45:00,3,0,0,0.00079535955
2024-10-25 07:00:00,3,0,0,0.0008144768
2024-10-25 07:15:00,3,0,0,0.00073003006
2024-10-25 07:30:00,3,0,0,0.0006606232
2024-10-25 07:45:00,3,0,0,0.00067471643
2024-10-25 08:00:00,3,0,0,0.00071477925
2024-10-25 08:15:00,3,0,0,0.00078228273
2024-10-25 08:30:00,3,0,0,0.0007747152
2024-10-25 08:45:00,3,0,0,0.0008326307
2024-10-25 09:00:00,3,0,0,0.0008559318
2024-10-25 09:15:00,3,0,0,0.00089129695
2024-10-25 09:30:00,3,0,0,0.00066769955
2024-10-25 09:45:00,3,0,0,0.0006626525
2024-10-25 10:00:00,3,0,0,0.00075080636
2024-10-25 10:15:00,3,0,0,0.0007335559
2024-10-25 10:30:00,3,0,0,0.000658085
2024-10-25 10:45:00,3,0,0,0.0007093147
2024-10-25 11:00:00,3,0,0,0.0006819572
2024-10-25 11:15:00,3,0,0,0.00063987484
2024-10-25 11:30:00,3,0,0,0.0006615152
2024-10-25 11:45:00,3,0,0,0.00064266723
2024-10-25 12:00:00,3,0,0,0.00069487724
2024-10-25 12:15:00,3,0,0,0.0008688762
2024-10-25 12:30:00,3,0,0,0.0008701998
2024-10-25 12:45:00,3,0,0,0.00079123105
2024-10-25 13:00:00,3,0,0,0.00078666647
2024-10-25 13:15:00,3,0,0,0.000786336
2024-10-25 13:30:00,3,0,0,0.0007343816
2024-10-25 13:45:00,3,0,0,0.0007627291
2024-10-25 14:00:00,3,0,0,0.00068022945
2024-10-25 14:15:00,3,0,0,0.00075718726
2024-10-25 14:30:00,3,0,0,0.0006193481
2024-10-25 14:45:00,3,0,0,0.00077149895
2024-10-25 15:00:00,3,0,0,0.0007156742
2024-10-25 15:15:00,3,0,0,0.00066983205
2024-10-25 15:30:00,3,0,0,0.0006487093
2024-10-25 15:45:00,3,0,0,0.0006425658
2024-10-25 16:00:00,3,0,0,0.0006050262
2024-10-25 16:15:00,3,0,0,0.0006004408
2024-10-25 16:30:00,3,0,0,0.0005877224
2024-10-25 16:45:00,3,0,0,0.0009361239
2024-10-25 17:00:00,3,0,0,0.00056917995
2024-10-25 17:15:00,3,0,0,0.0007093816
2024-10-25 17:30:00,3,0,0,0.0015279944
2024-10-25 17:45:00,3,0,0,0.0010081525
2024-10-25 18:00:00,3,0,0,0.0007368638
2024-10-25 18:15:00,3,0,0,0.001185653
2024-10-25 18:30:00,3,0,0,0.0036163628
2024-10-25 18:45:00,3,0,0,0.0026967986
2024-10-25 19:00:00,3,0,0,0.0016501719
2024-10-25 19:15:00,3,0,0,0.0035497935
2024-10-25 19:30:00,3,0,0,0.0025608195
2024-10-25 19:45:00,3,0,0,0.003675933
2024-10-25 20:00:00,3,0,0,0.0042043636
2024-10-25 20:15:00,3,0,0,0.008390889
2024-10-25 20:30:00,3,0,0,0.0016686205
2024-10-25 20:45:00,3,0,0,0.0013341225
2024-10-25 21:00:00,3,0,0,0.0028092903
2024-10-25 21:15:00,3,0,0,0.0066386126
2024-10-25 21:30:00,3,0,0,0.010753571
2024-10-25 21:45:00,3,0,0,0.0013223093
2024-10-25 22:00:00,3,0,0,0.00074538577
2024-10-25 22:15:00,3,0,0,0.00091365643
2024-10-25 22:30:00,3,0,0,0.0009925987
2024-10-25 22:45:00,3,0,0,0.0023793166
2024-10-25 23:00:00,3,0,0,0.04512371
2024-10-25 23:15:00,3,0,0,0.025546758
2024-10-25 23:30:00,3,0,0,0.017901797
2024-10-25 23:45:00,3,0,0,0.0017519468
2024-10-26 00:15:00,3,0,0,0.0014010111
2024-10-26 00:30:00,3,0,0,0.0023022322
2024-10-26 00:45:00,3,0,0,0.0025022621
2024-10-26 01:00:00,3,0,0,0.0015765779
2024-10-26 01:15:00,3,0,0,0.422041
2024-10-26 01:30:00,3,0,0,0.3054327
2024-10-26 01:45:00,3,0,0,0.06211432
2024-10-26 02:00:00,3,0,0,0.042323135
2024-10-26 02:15:00,3,1,0,0.015014064
2024-10-26 02:30:00,3,1,0,0.026966136
2024-10-26 02:45:00,3,1,0,0.3816434
2024-10-26 03:00:00,3,1,0,0.4905383
2024-10-26 03:15:00,3,1,0,0.40655327
2024-10-26 03:30:00,3,1,0,0.2842582
2024-10-26 03:45:00,3,1,0,0.29079047
2024-10-26 04:00:00,3,1,0,0.2253916
2024-10-26 04:15:00,3,1,0,0.2821494
2024-10-26 04:30:00,3,1,0,0.4478116
2024-10-26 04:45:00,3,1,1,0.5741016
2024-10-26 05:00:00,3,1,1,0.5414245
2024-10-26 05:15:00,3,1,1,0.5968999
2024-10-26 05:30:00,3,1,1,0.56635267
2024-10-26 05:45:00,3,1,0,0.4599684
2024-10-26 06:00:00,3,1,1,0.6078668
2024-10-26 06:15:00,3,1,1,0.58411777
2024-10-26 06:30:00,3,1,0,0.32868463
2024-10-26 06:45:00,3,1,1,0.49685362
2024-10-26 07:00:00,3,1,1,0.6089437
2024-10-26 07:15:00,3,1,1,0.5011936
2024-10-26 07:30:00,3,1,0,0.09215319
2024-10-26 07:45:00,3,1,0,0.23615408
2024-10-26 08:00:00,3,0,0,0.30438447
2024-10-26 08:15:00,3,0,0,0.042842012
2024-10-26 08:30:00,3,0,0,0.0023215006
2024-10-26 08:45:00,3,0,0,0.0018992752
2024-10-26 09:00:00,3,0,0,0.0018989024
2024-10-26 09:15:00,3,0,0,0.003142564
2024-10-26 09:30:00,3,0,0,0.00081491115
2024-10-26 09:45:00,3,0,0,0.0006435253
2024-10-26 10:00:00,3,0,0,0.00060993
2024-10-26 10:15:00,3,0,0,0.0007934777
2024-10-26 10:30:00,3,0,0,0.0008762859
2024-10-26 10:45:00,3,0,0,0.00062578364
2024-10-26 11:00:00,3,0,0,0.0005746574
2024-10-26 11:15:00,3,0,0,0.00058744906
2024-10-26 11:30:00,3,0,0,0.0005738108
2024-10-26 11:45:00,3,0,0,0.0006299175
2024-10-26 12:00:00,3,0,0,0.0005884397
2024-10-26 12:15:00,3,0,0,0.000646454
2024-10-26 12:30:00,3,0,0,0.00064036227
2024-10-26 12:45:00,3,0,0,0.00060241675
2024-10-26 13:00:00,3,0,0,0.00065385795
2024-10-26 13:15:00,3,0,0,0.0006473722
2024-10-26 13:30:00,3,0,0,0.0005930693
2024-10-26 13:45:00,3,0,0,0.00069341616
2024-10-26 14:00:00,3,0,0,0.0007358489
2024-10-26 14:15:00,3,0,0,0.00063865416
2024-10-26 14:30:00,3,0,0,0.000700495
2024-10-26 14:45:00,3,0,0,0.000651277
2024-10-26 15:00:00,3,0,0,0.0006133174
2024-10-26 15:15:00,3,0,0,0.00058614265
2024-10-26 15:30:00,3,0,0,0.0005842764
2024-10-26 15:45:00,3,0,0,0.0007327888
2024-10-26 16:00:00,3,0,0,0.00072404626
2024-10-26 16:15:00,3,0,0,0.0009527743
2024-10-26 16:30:00,3,0,0,0.00090203073
2024-10-26 16:45:00,3,0,0,0.0012483484
2024-10-26 17:00:00,3,0,0,0.002490263
2024-10-26 17:15:00,3,0,0,0.0024112596
2024-10-26 17:30:00,3,0,0,0.0026535396
2024-10-26 17:45:00,3,0,0,0.0025050007
2024-10-26 18:00:00,3,0,0,0.0035489362
2024-10-26 18:15:00,3,0,0,0.0029737244
2024-10-26 18:30:00,3,0,0,0.001921791
2024-10-26 18:45:00,3,0,0,0.0015968092
2024-10-26 19:00:00,3,0,0,0.002386215
2024-10-26 19:15:00,3,0,0,0.0025656489
2024-10-26 19:30:00,3,0,0,0.001539778
2024-10-26 19:45:00,3,0,0,0.0017851256
2024-10-26 20:00:00,3,0,0,0.0012998871
2024-10-26 20:15:00,3,0,0,0.0019816556
2024-10-26 20:30:00,3,0,0,0.0015320027
2024-10-26 20:45:00,3,0,0,0.0018141031
2024-10-26 21:00:00,3,0,0,0.001405483
2024-10-26 21:15:00,3,0,0,0.0011714444
2024-10-26 21:30:00,3,0,0,0.000683623
2024-10-26 21:45:00,3,0,0,0.00066759245
2024-10-26 22:00:00,3,0,0,0.00072342716
2024-10-26 22:15:00,3,0,0,0.000635922
2024-10-26 22:30:00,3,0,0,0.00066697
2024-10-26 22:45:00,3,0,0,0.0006054974
2024-10-26 23:00:00,3,0,0,0.0005957915
2024-10-26 23:15:00,3,0,0,0.000672164
2024-10-26 23:30:00,3,0,0,0.0019377004
2024-10-26 23:45:00,3,0,0,0.008122312
2024-10-27 00:15:00,3,0,0,0.006099104
2024-10-27 00:30:00,3,0,0,0.0045517096
2024-10-27 00:45:00,3,0,0,0.022981139
2024-10-27 01:00:00,3,0,0,0.05207979
2024-10-27 01:15:00,3,0,0,0.15996027
2024-10-27 01:30:00,3,0,0,0.18532379
2024-10-27 01:45:00,3,0,0,0.3656777
2024-10-27 02:00:00,3,0,0,0.3190031
2024-10-27 02:15:00,3,0,0,0.13346772
2024-10-27 02:30:00,3,0,0,0.024261968
2024-10-27 02:45:00,3,0,0,0.006715076
2024-10-27 03:00:00,3,0,0,0.0063274107
2024-10-27 03:15:00,3,0,0,0.017521963
2024-10-27 03:30:00,3,0,0,0.22577354
2024-10-27 03:45:00,3,0,0,0.30482158
2024-10-27 04:00:00,3,0,1,0.46416658
2024-10-27 04:15:00,3,0,1,0.5485704
2024-10-27 04:30:00,3,1,1,0.57600874
2024-10-27 04:45:00,3,1,1,0.6045373
2024-10-27 05:00:00,3,0,1,0.67026085
2024-10-27 05:15:00,3,0,1,0.6827193
2024-10-27 05:30:00,3,0,1,0.5822894
2024-10-27 05:45:00,3,0,0,0.38785505
2024-10-27 06:00:00,3,1,1,0.5468345
2024-10-27 06:15:00,3,1,1,0.5980396
2024-10-27 06:30:00,3,1,1,0.62251866
2024-10-27 06:45:00,3,1,1,0.57601815
2024-10-27 07:00:00,3,0,1,0.52039874
2024-10-27 07:15:00,3,0,1,0.5323948
2024-10-27 07:30:00,3,0,1,0.4882012
2024-10-27 07:45:00,3,1,0,0.46222717
2024-10-27 08:00:00,3,0,1,0.58066714
2024-10-27 08:15:00,3,0,1,0.5270502
2024-10-27 08:30:00,3,0,0,0.3489558
2024-10-27 08:45:00,3,0,0,0.007482738
2024-10-27 09:00:00,3,0,0,0.0012048769
2024-10-27 09:15:00,3,0,0,0.0010200114
2024-10-27 09:30:00,3,0,0,0.0013817087
2024-10-27 09:45:00,3,0,0,0.0011392391
2024-10-27 10:00:00,3,0,0,0.00070309144
2024-10-27 10:15:00,3,0,0,0.0009197555
2024-10-27 10:30:00,3,0,0,0.00092095375
2024-10-27 10:45:00,3,0,0,0.0009118318
2024-10-27 11:00:00,3,0,0,0.0025246108
2024-10-27 11:15:00,3,0,0,0.0008875623
2024-10-27 11:30:00,3,0,0,0.0006979052
2024-10-27 11:45:00,3,0,0,0.0006784487
2024-10-27 12:00:00,3,0,0,0.0005955104
2024-10-27 12:15:00,3,0,0,0.00060834107
2024-10-27 12:30:00,3,0,0,0.0006256564
2024-10-27 12:45:00,3,0,0,0.0005854106
2024-10-27 13:00:00,3,0,0,0.00058804284
2024-10-27 13:15:00,3,0,0,0.00063389266
2024-10-27 13:30:00,3,0,0,0.0005973646
2024-10-27 13:45:00,3,0,0,0.00068696885
2024-10-27 14:00:00,3,0,0,0.0006042937
2024-10-27 14:15:00,3,0,0,0.00062465464
2024-10-27 14:30:00,3,0,0,0.00062748714
2024-10-27 14:45:00,3,0,0,0.0006062952
2024-10-27 15:00:00,3,0,0,0.0008264656
2024-10-27 15:15:00,3,0,0,0.0015754491
2024-10-27 15:30:00,3,0,0,0.0010874987
2024-10-27 15:45:00,3,0,0,0.00065877166
2024-10-27 16:00:00,3,0,0,0.0007102649
2024-10-27 16:15:00,3,0,0,0.0013396406
2024-10-27 16:30:00,3,0,0,0.0009692564
2024-10-27 16:45:00,3,0,0,0.0008843596
2024-10-27 17:00:00,3,0,0,0.0011450646
2024-10-27 17:15:00,3,0,0,0.0015851454
2024-10-27 17:30:00,3,0,0,0.0016864439
2024-10-27 17:45:00,3,0,0,0.0021051294
2024-10-27 18:00:00,3,0,0,0.0019286686
2024-10-27 18:15:00,3,0,0,0.0020164407
2024-10-27 18:30:00,3,0,0,0.0014619032
2024-10-27 18:45:00,3,0,0,0.0010671704
2024-10-27 19:00:00,3,0,0,0.0010053014
2024-10-27 19:15:00,3,0,0,0.0008849074
2024-10-27 19:30:00,3,0,0,0.000650351
2024-10-27 19:45:00,3,0,0,0.0005966474
2024-10-27 20:00:00,3,0,0,0.00060146174
2024-10-27 20:15:00,3,0,0,0.00061420916
2024-10-27 20:30:00,3,0,0,0.0006225116
2024-10-27 20:45:00,3,0,0,0.00061814894
2024-10-27 21:00:00,3,0,0,0.00075770926
2024-10-27 21:15:00,3,0,0,0.0006969903
2024-10-27 21:30:00,3,0,0,0.00059512345
2024-10-27 21:45:00,3,0,0,0.00061392924
2024-10-27 22:00:00,3,0,0,0.00065053307
2024-10-27 22:15:00,3,0,0,0.00059998926
2024-10-27 22:30:00,3,0,0,0.00060576765
2024-10-27 22:45:00,3,0,0,0.0006957038
2024-10-27 23:00:00,3,0,0,0.0006745694
2024-10-27 23:15:00,3,0,0,0.0007769497
2024-10-27 23:30:00,3,0,0,0.0007562224
2024-10-27 23:45:00,3,0,0,0.00071502134
2024-10-28 00:15:00,3,0,0,0.0007360255
2024-10-28 00:30:00,3,0,0,0.00064683956
2024-10-28 00:45:00,3,0,0,0.00062339095
2024-10-28 01:00:00,3,0,0,0.0006237889
2024-10-28 01:15:00,3,0,0,0.00060527015
2024-10-28 01:30:00,3,0,0,0.0006272012
2024-10-28 01:45:00,3,0,0,0.0006215597
2024-10-28 02:00:00,3,0,0,0.00062708015
2024-10-28 02:15:00,3,0,0,0.00061111257
2024-10-28 02:30:00,3,0,0,0.00061855523
2024-10-28 02:45:00,3,0,0,0.0006057015
2024-10-28 03:00:00,3,0,0,0.00061820186
2024-10-28 03:15:00,3,0,0,0.00059932336
2024-10-28 03:30:00,3,0,0,0.0005752853
2024-10-28 03:45:00,3,0,0,0.0005880157
2024-10-28 04:00:00,3,0,0,0.0005770304
2024-10-28 04:15:00,3,0,0,0.0005863267
2024-10-28 04:30:00,3,0,0,0.00055872044
2024-10-28 04:45:00,3,0,0,0.0005611153
2024-10-28 05:00:00,3,0,0,0.00055202894
2024-10-28 05:15:00,3,0,0,0.0005491707
2024-10-28 05:30:00,3,0,0,0.00055059814
2024-10-28 05:45:00,3,0,0,0.00056772085
2024-10-28 06:00:00,3,0,0,0.00057676045
2024-10-28 06:15:00,3,0,0,0.0005809769
2024-10-28 06:30:00,3,0,0,0.0005821661
2024-10-28 06:45:00,3,0,0,0.00061039353
2024-10-28 07:00:00,3,0,0,0.00060793135
2024-10-28 07:15:00,3,0,0,0.0005862372
2024-10-28 07:30:00,3,0,0,0.00069393794
2024-10-28 07:45:00,3,0,0,0.0006832865
2024-10-28 08:00:00,3,0,0,0.00068186794
2024-10-28 08:15:00,3,0,0,0.00069696864
2024-10-28 08:30:00,3,0,0,0.0007216895
2024-10-28 08:45:00,3,0,0,0.0006983388
2024-10-28 09:00:00,3,0,0,0.0007239664
2024-10-28 09:15:00,3,0,0,0.00066194555
2024-10-28 09:30:00,3,0,0,0.00070678105
2024-10-28 09:45:00,3,0,0,0.00064428424
2024-10-28 10:00:00,3,0,0,0.0005855912
2024-10-28 10:15:00,3,0,0,0.000589899
2024-10-28 10:30:00,3,0,0,0.00064365886
2024-10-28 10:45:00,3,0,0,0.0006918616
2024-10-28 11:00:00,3,0,0,0.00064664765
2024-10-28 11:15:00,3,0,0,0.00067771005
2024-10-28 11:30:00,3,0,0,0.0007442536
2024-10-28 11:45:00,3,0,0,0.0014183933
2024-10-28 12:00:00,3,0,0,0.0012825091
2024-10-28 12:15:00,3,0,0,0.0013310972
2024-10-28 12:30:00,3,0,0,0.00095243193
2024-10-28 12:45:00,3,0,0,0.00085931347
2024-10-28 13:00:00,3,0,0,0.0008860808
2024-10-28 13:15:00,3,0,0,0.00086862565
2024-10-28 13:30:00,3,0,0,0.00082145754
2024-10-28 13:45:00,3,0,0,0.0007964292
2024-10-28 14:00:00,3,0,0,0.00096904795
2024-10-28 14:15:00,3,0,0,0.00092284736
2024-10-28 14:30:00,3,0,0,0.0018446719
2024-10-28 14:45:00,3,0,0,0.0024305927
2024-10-28 15:00:00,3,0,0,0.0012794415
2024-10-28 15:15:00,3,0,0,0.00070079084
2024-10-28 15:30:00,3,0,0,0.0007038019
2024-10-28 15:45:00,3,0,0,0.0025724196
2024-10-28 16:00:00,3,0,0,0.002820575
2024-10-28 16:15:00,3,0,0,0.0025536949
2024-10-28 16:30:00,3,0,0,0.0017570336
2024-10-28 16:45:00,3,0,0,0.0021127127
2024-10-28 17:00:00,3,1,0,0.03677463
2024-10-28 17:15:00,3,0,0,0.18620624
2024-10-28 17:30:00,3,0,0,0.35944882
2024-10-28 17:45:00,3,0,0,0.21279222
2024-10-28 18:00:00,3,0,0,0.10371097
2024-10-28 18:15:00,3,0,0,0.17111158
2024-10-28 18:30:00,3,0,0,0.36715546
2024-10-28 18:45:00,3,0,1,0.49041808
2024-10-28 19:00:00,3,0,1,0.58635694
2024-10-28 19:15:00,3,0,1,0.6026825
2024-10-28 19:30:00,3,0,1,0.66630924
2024-10-28 19:45:00,3,0,1,0.68234265
2024-10-28 20:00:00,3,0,1,0.68719333
2024-10-28 20:15:00,3,0,1,0.6882262
2024-10-28 20:30:00,3,0,1,0.6767355
2024-10-28 20:45:00,3,0,1,0.67362416
2024-10-28 21:00:00,3,0,1,0.7147818
2024-10-28 21:15:00,3,0,1,0.72313654
2024-10-28 21:30:00,3,0,1,0.71627575
2024-10-28 21:45:00,3,1,1,0.7250145
2024-10-28 22:00:00,3,1,1,0.725939
2024-10-28 22:15:00,3,0,1,0.70285255
2024-10-28 22:30:00,3,0,1,0.71010154
2024-10-28 22:45:00,3,0,1,0.7106522
2024-10-28 23:00:00,3,1,1,0.6915398
2024-10-28 23:15:00,3,1,1,0.70547444
2024-10-28 23:30:00,3,1,1,0.6879998
2024-10-28 23:45:00,3,1,1,0.6679419
2024-10-29 01:00:00,4,1,1,0.5057663
2024-10-29 01:15:00,4,0,1,0.63960534
2024-10-29 01:30:00,4,0,1,0.691404
2024-10-29 01:45:00,4,0,1,0.63611984
2024-10-29 02:00:00,4,0,1,0.6755861
2024-10-29 02:15:00,4,0,1,0.5785975
2024-10-29 02:30:00,4,0,1,0.58745503
2024-10-29 02:45:00,4,0,1,0.61909306
2024-10-29 03:00:00,4,0,1,0.5800325
2024-10-29 03:15:00,4,1,1,0.6706598
2024-10-29 03:30:00,4,1,1,0.74964195
2024-10-29 03:45:00,4,0,1,0.7083133
2024-10-29 04:00:00,4,1,1,0.61523974
2024-10-29 04:15:00,4,1,1,0.67263645
2024-10-29 04:30:00,4,1,1,0.63736385
2024-10-29 04:45:00,4,1,1,0.6575863
2024-10-29 05:00:00,4,1,1,0.6798209
2024-10-29 05:15:00,4,1,1,0.55571157
2024-10-29 05:30:00,4,1,1,0.65256304
2024-10-29 05:45:00,4,1,1,0.6713756
2024-10-29 06:00:00,4,0,1,0.647062
2024-10-29 06:15:00,4,0,1,0.5757672
2024-10-29 06:30:00,4,0,1,0.5942485
2024-10-29 06:45:00,4,1,1,0.5332904
2024-10-29 07:00:00,4,1,1,0.5096177
2024-10-29 07:15:00,4,1,0,0.4330702
2024-10-29 07:30:00,4,0,0,0.46092492
2024-10-29 07:45:00,4,0,0,0.2890924
2024-10-29 08:00:00,4,0,0,0.1627511
2024-10-29 08:15:00,4,0,0,0.05460758
2024-10-29 08:30:00,4,0,0,0.032901525
2024-10-29 08:45:00,4,0,0,0.009654099
2024-10-29 09:00:00,4,0,0,0.016899263
2024-10-29 09:15:00,4,0,0,0.0081853205
2024-10-29 09:30:00,4,0,0,0.0042226836
2024-10-29 09:45:00,4,0,0,0.003812407
2024-10-29 10:00:00,4,0,0,0.0030621495
2024-10-29 10:15:00,4,0,0,0.0022111526
2024-10-29 10:30:00,4,0,0,0.0022057982
2024-10-29 10:45:00,4,0,0,0.0025444804
2024-10-29 11:00:00,4,0,0,0.0018427055
2024-10-29 11:15:00,4,0,0,0.0018163293
2024-10-29 11:30:00,4,0,0,0.0017399933
2024-10-29 11:45:00,4,0,0,0.0019791569
2024-10-29 12:00:00,4,0,0,0.0016365874
2024-10-29 12:15:00,4,0,0,0.0015828351
2024-10-29 12:30:00,4,0,0,0.0014707376
2024-10-29 12:45:00,4,0,0,0.0014364099
2024-10-29 13:00:00,4,0,0,0.0013805294
2024-10-29 13:15:00,4,0,0,0.0013971659
2024-10-29 13:30:00,4,0,0,0.001533272
2024-10-29 13:45:00,4,0,0,0.0014494134
2024-10-29 14:00:00,4,0,0,0.0016724516
2024-10-29 14:15:00,4,0,0,0.0014733127
2024-10-29 14:30:00,4,0,0,0.0010666216
2024-10-29 14:45:00,4,0,0,0.0010831658
2024-10-29 15:00:00,4,0,0,0.0012036079
2024-10-29 15:15:00,4,0,0,0.0014411354
2024-10-29 15:30:00,4,0,0,0.0012451083
2024-10-29 15:45:00,4,0,0,0.0018177879
2024-10-29 16:00:00,4,0,0,0.0035922697
2024-10-29 16:15:00,4,0,0,0.0022012729
2024-10-29 16:30:00,4,0,0,0.0024096572
2024-10-29 16:45:00,4,0,0,0.013632126
2024-10-29 17:00:00,4,0,0,0.18768746
2024-10-29 17:15:00,4,0,0,0.38589743
2024-10-29 17:30:00,4,0,0,0.26689816
2024-10-29 17:45:00,4,1,0,0.34876877
2024-10-29 18:00:00,4,0,0,0.30389982
2024-10-29 18:15:00,4,0,1,0.50845236
2024-10-29 18:30:00,4,0,0,0.41464323
2024-10-29 18:45:00,4,0,0,0.3915939
2024-10-29 19:00:00,4,0,0,0.34188038
2024-10-29 19:15:00,4,0,1,0.57115835
2024-10-29 19:30:00,4,0,0,0.2513856
2024-10-29 19:45:00,4,0,0,0.1040229
2024-10-29 20:00:00,4,0,0,0.031242043
2024-10-29 20:15:00,4,0,1,0.45059693
2024-10-29 20:30:00,4,0,0,0.3912669
2024-10-29 20:45:00,4,0,1,0.4409448
2024-10-29 21:00:00,4,0,1,0.56084704
2024-10-29 21:15:00,4,0,1,0.47416422
2024-10-29 21:30:00,4,0,0,0.14735834
2024-10-29 21:45:00,4,0,0,0.028582228
2024-10-29 22:00:00,4,0,0,0.16726644
2024-10-29 22:15:00,4,0,0,0.16635913
2024-10-29 22:30:00,4,0,0,0.28865072
2024-10-29 22:45:00,4,0,0,0.4350698
2024-10-29 23:00:00,4,0,1,0.5486741
2024-10-29 23:15:00,4,0,1,0.5618473
2024-10-29 23:30:00,4,0,1,0.60929996
2024-10-29 23:45:00,4,0,1,0.6666417
2024-10-30 00:15:00,4,0,1,0.6229929
2024-10-30 00:30:00,4,0,1,0.5442542
2024-10-30 00:45:00,4,0,1,0.59440595
2024-10-30 01:00:00,4,0,1,0.61852556
2024-10-30 01:15:00,4,0,1,0.61433697
2024-10-30 01:30:00,4,0,1,0.50308144
2024-10-30 01:45:00,4,0,0,0.49403512
2024-10-30 02:00:00,4,1,0,0.4764464
2024-10-30 02:15:00,4,1,0,0.4427689
2024-10-30 02:30:00,4,1,0,0.40280256
2024-10-30 02:45:00,4,0,0,0.36759895
2024-10-30 03:00:00,4,1,1,0.52337706
2024-10-30 03:15:00,4,1,1,0.5496131
2024-10-30 03:30:00,4,0,0,0.47743046
2024-10-30 03:45:00,4,0,0,0.40058175
2024-10-30 04:00:00,4,1,0,0.4409815
2024-10-30 04:15:00,4,0,0,0.45694602
2024-10-30 04:30:00,4,0,0,0.4406558
2024-10-30 04:45:00,4,0,0,0.42723772
2024-10-30 05:00:00,4,0,1,0.51281554
2024-10-30 05:15:00,4,0,1,0.54466
2024-10-30 05:30:00,4,0,1,0.5331999
2024-10-30 05:45:00,4,0,1,0.5195792
2024-10-30 06:00:00,4,0,0,0.4424659
2024-10-30 06:15:00,4,1,0,0.41833904
2024-10-30 06:30:00,4,1,0,0.4093182
2024-10-30 06:45:00,4,1,0,0.41687015
2024-10-30 07:00:00,4,0,0,0.4557394
2024-10-30 07:15:00,4,0,1,0.5808627
2024-10-30 07:30:00,4,0,0,0.48632422
2024-10-30 07:45:00,4,1,0,0.4331602
2024-10-30 08:00:00,4,0,0,0.37483522
2024-10-30 08:15:00,4,0,0,0.34471256
2024-10-30 08:30:00,4,1,0,0.19798245
2024-10-30 08:45:00,4,0,0,0.1895597
2024-10-30 09:00:00,4,0,0,0.095863625
2024-10-30 09:15:00,4,0,0,0.078715235
2024-10-30 09:30:00,4,0,0,0.06267721
2024-10-30 09:45:00,4,0,0,0.102054454
2024-10-30 10:00:00,4,0,0,0.040278327
2024-10-30 10:15:00,4,0,0,0.03179733
2024-10-30 10:30:00,4,0,0,0.010338035
2024-10-30 10:45:00,4,0,0,0.021380836
2024-10-30 11:00:00,4,0,0,0.025476273
2024-10-30 11:15:00,4,0,0,0.0054002153
2024-10-30 11:30:00,4,0,0,0.0083306255
2024-10-30 11:45:00,4,0,0,0.009617085
2024-10-30 12:00:00,4,0,0,0.008989116
2024-10-30 12:15:00,4,0,0,0.0050005354
2024-10-30 12:30:00,4,0,0,0.0076499647
2024-10-30 12:45:00,4,0,0,0.004708317
2024-10-30 13:00:00,4,0,0,0.0038194407
2024-10-30 13:15:00,4,0,0,0.007066677
2024-10-30 13:30:00,4,0,0,0.007077039
2024-10-30 13:45:00,4,0,0,0.0022669076
2024-10-30 14:00:00,4,0,0,0.00507802
2024-10-30 14:15:00,4,0,0,0.012005992
2024-10-30 14:30:00,4,0,0,0.008192349
2024-10-30 14:45:00,4,0,0,0.0044422396
2024-10-30 15:00:00,4,0,0,0.006581199
2024-10-30 15:15:00,4,0,0,0.027916841
2024-10-30 15:30:00,4,0,0,0.08058347
2024-10-30 15:45:00,4,0,0,0.014935193
2024-10-30 16:00:00,4,0,0,0.48367563
2024-10-30 16:15:00,4,0,0,0.43999147
2024-10-30 16:30:00,4,0,1,0.51872104
2024-10-30 16:45:00,4,0,1,0.5566899
2024-10-30 17:00:00,4,0,1,0.56174177
2024-10-30 17:15:00,4,0,1,0.49360502
2024-10-30 17:30:00,4,0,1,0.57257944
2024-10-30 17:45:00,4,0,1,0.5527489
2024-10-30 18:00:00,4,0,0,0.4830677
2024-10-30 18:15:00,4,0,0,0.3001087
2024-10-30 18:30:00,4,0,0,0.39457086
2024-10-30 18:45:00,4,0,0,0.03292203
2024-10-30 19:00:00,4,0,0,0.15342805
2024-10-30 19:15:00,4,0,0,0.35539913
2024-10-30 19:30:00,4,0,0,0.21516056
2024-10-30 19:45:00,4,0,0,0.08385288
2024-10-30 20:00:00,4,0,0,0.12308716
2024-10-30 20:15:00,4,0,0,0.019642763
2024-10-30 20:30:00,4,0,0,0.009052437
2024-10-30 20:45:00,4,0,0,0.008478799
2024-10-30 21:00:00,4,0,0,0.0097306315
2024-10-30 21:15:00,4,0,0,0.0029184327
2024-10-30 21:30:00,4,0,0,0.004110463
2024-10-30 21:45:00,4,0,0,0.009016789
2024-10-30 22:00:00,4,0,0,0.005096498
2024-10-30 22:15:00,4,0,0,0.0060416153
2024-10-30 22:30:00,4,0,0,0.0035107315
2024-10-30 22:45:00,4,0,0,0.0025226339
2024-10-30 23:00:00,4,0,0,0.0029187805
2024-10-30 23:15:00,4,0,0,0.0018524362
2024-10-30 23:30:00,4,0,0,0.003636418
2024-10-30 23:45:00,4,0,0,0.001946483
2024-10-31 00:15:00,4,0,0,0.0025192355
2024-10-31 00:30:00,4,0,0,0.010914021
2024-10-31 00:45:00,4,0,0,0.008987098
2024-10-31 01:00:00,4,0,0,0.009008365
2024-10-31 01:15:00,4,0,0,0.11979786
2024-10-31 01:30:00,4,0,0,0.1633805
2024-10-31 01:45:00,4,0,0,0.048894014
2024-10-31 02:00:00,4,0,0,0.06614212
2024-10-31 02:15:00,4,0,0,0.35223785
2024-10-31 02:30:00,4,0,0,0.4586984
2024-10-31 02:45:00,4,0,1,0.57509124
2024-10-31 03:00:00,4,0,1,0.5371209
2024-10-31 03:15:00,4,0,1,0.57136947
2024-10-31 03:30:00,4,0,1,0.53295
2024-10-31 03:45:00,4,0,1,0.5626454
2024-10-31 04:00:00,4,0,1,0.5434063
2024-10-31 04:15:00,4,0,1,0.55559415
2024-10-31 04:30:00,4,0,1,0.58943975
2024-10-31 04:45:00,4,0,1,0.6286448
2024-10-31 05:00:00,4,0,1,0.6596642
2024-10-31 05:15:00,4,0,1,0.640124
2024-10-31 05:30:00,4,0,1,0.6822127
2024-10-31 05:45:00,4,0,1,0.66639525
2024-10-31 06:00:00,4,0,1,0.68604124
2024-10-31 06:15:00,4,0,1,0.6521207
2024-10-31 06:30:00,4,0,1,0.6289719
2024-10-31 06:45:00,4,0,1,0.60127336
2024-10-31 07:00:00,4,0,1,0.58514696
2024-10-31 07:15:00,4,0,0,0.4427564
2024-10-31 07:30:00,4,0,0,0.2951167
2024-10-31 07:45:00,4,0,0,0.1576782
2024-10-31 08:00:00,4,0,0,0.22660564
2024-10-31 08:15:00,4,0,0,0.16974238
2024-10-31 08:30:00,4,0,0,0.14305927
2024-10-31 08:45:00,4,0,0,0.25393975
2024-10-31 09:00:00,4,0,0,0.22018656
2024-10-31 09:15:00,4,0,0,0.1845723
2024-10-31 09:30:00,4,0,0,0.09666127
2024-10-31 09:45:00,4,0,0,0.019437782
2024-10-31 10:00:00,4,0,0,0.01855751
2024-10-31 10:15:00,4,0,0,0.0994998
2024-10-31 10:30:00,4,0,0,0.043902338
2024-10-31 10:45:00,4,0,0,0.009142026
2024-10-31 11:00:00,4,0,0,0.0028955874
2024-10-31 11:15:00,4,0,0,0.0039145597
2024-10-31 11:30:00,4,0,0,0.0069045206
2024-10-31 11:45:00,4,0,0,0.0029307797
2024-10-31 12:00:00,4,0,0,0.022899186
2024-10-31 12:15:00,4,0,0,0.050010733
2024-10-31 12:30:00,4,0,0,0.02173579
2024-10-31 12:45:00,4,0,0,0.008553872
2024-10-31 13:00:00,4,0,0,0.0022310065
2024-10-31 13:15:00,4,0,0,0.0021989106
2024-10-31 13:30:00,4,0,0,0.0026208223
2024-10-31 13:45:00,4,0,0,0.004759861
2024-10-31 14:00:00,4,0,0,0.003964561
2024-10-31 14:15:00,4,0,0,0.0048803603
2024-10-31 14:30:00,4,0,0,0.006586005
2024-10-31 14:45:00,4,0,0,0.010265818
2024-10-31 15:00:00,4,0,0,0.011258349
2024-10-31 15:15:00,4,0,0,0.0064076935
2024-10-31 15:30:00,4,0,0,0.019205874
2024-10-31 15:45:00,4,0,0,0.040740605
2024-10-31 16:00:00,4,0,0,0.36432496
2024-10-31 16:15:00,4,0,1,0.48884645
2024-10-31 16:30:00,4,0,0,0.458794
2024-10-31 16:45:00,4,0,1,0.50904846
2024-10-31 17:00:00,4,0,0,0.38773355
2024-10-31 17:15:00,4,0,0,0.42777485
2024-10-31 17:30:00,4,0,0,0.4063874
2024-10-31 17:45:00,4,0,0,0.39597893
2024-10-31 18:00:00,4,0,0,0.48336518
2024-10-31 18:15:00,4,0,1,0.59220946
2024-10-31 18:30:00,4,0,1,0.6156364
2024-10-31 18:45:00,4,0,1,0.67596984
2024-10-31 19:00:00,4,0,1,0.61885726
2024-10-31 19:15:00,4,1,1,0.5213741
2024-10-31 19:30:00,4,1,0,0.36914077
2024-10-31 19:45:00,4,1,0,0.12536405
2024-10-31 20:00:00,4,1,0,0.09294554
2024-10-31 20:15:00,4,0,0,0.37133878
2024-10-31 20:30:00,4,0,1,0.5612526
2024-10-31 20:45:00,4,1,1,0.59419376
2024-10-31 21:00:00,4,1,1,0.54470146
2024-10-31 21:15:00,4,1,0,0.486107
2024-10-31 21:30:00,4,0,0,0.46432117
2024-10-31 21:45:00,4,0,1,0.5482119
2024-10-31 22:00:00,4,0,0,0.47753242
2024-10-31 22:15:00,4,0,0,0.22354619
2024-10-31 22:30:00,4,0,0,0.25292334
2024-10-31 22:45:00,4,0,0,0.0400786
2024-10-31 23:00:00,4,0,0,0.0036558977
2024-10-31 23:15:00,4,0,0,0.0044101803
2024-10-31 23:30:00,4,0,0,0.014573516
2024-10-31 23:45:00,4,0,0,0.040343538
2024-11-01 00:15:00,4,1,0,0.37635013
2024-11-01 00:30:00,4,0,0,0.42680177
2024-11-01 00:45:00,4,1,1,0.50626135
2024-11-01 01:00:00,4,0,1,0.5321018
2024-11-01 01:15:00,4,0,1,0.56472456
2024-11-01 01:30:00,4,1,1,0.57198256
2024-11-01 01:45:00,4,0,1,0.567422
2024-11-01 02:00:00,4,1,1,0.6012435
2024-11-01 02:15:00,4,0,1,0.60621494
2024-11-01 02:30:00,4,1,1,0.64056444
2024-11-01 02:45:00,4,1,1,0.6754422
2024-11-01 03:00:00,4,1,1,0.69047743
2024-11-01 03:15:00,4,0,1,0.71326596
2024-11-01 03:30:00,4,0,1,0.67570525
2024-11-01 03:45:00,4,0,1,0.7031131
2024-11-01 04:00:00,4,0,1,0.7065494
2024-11-01 04:15:00,4,0,1,0.72183067
2024-11-01 04:30:00,4,0,1,0.711177
2024-11-01 04:45:00,4,0,1,0.6720008
2024-11-01 05:00:00,4,0,1,0.63242894
2024-11-01 05:15:00,4,0,1,0.5978212
2024-11-01 05:30:00,4,0,1,0.5629593
2024-11-01 05:45:00,4,0,1,0.57678515
2024-11-01 06:00:00,4,0,1,0.53479964
2024-11-01 06:15:00,4,0,1,0.5353186
2024-11-01 06:30:00,4,0,0,0.40309247
2024-11-01 06:45:00,4,0,0,0.44642442
2024-11-01 07:00:00,4,0,0,0.15349782
2024-11-01 07:15:00,4,0,0,0.072158605
2024-11-01 07:30:00,4,0,0,0.020882439
2024-11-01 07:45:00,4,0,0,0.018797876
2024-11-01 08:00:00,4,0,0,0.0032713974
2024-11-01 08:15:00,4,0,0,0.0034309716
2024-11-01 09:30:00,4,0,0,0.00220074
2024-11-01 09:45:00,4,0,0,0.0025515833
2024-11-01 10:00:00,4,0,0,0.0022491515
2024-11-01 10:15:00,4,0,0,0.0017457403
2024-11-01 10:30:00,4,0,0,0.0016987139
2024-11-01 10:45:00,4,0,0,0.0016398552
2024-11-01 11:00:00,4,0,0,0.0014406024
2024-11-01 11:15:00,4,0,0,0.0013883943
2024-11-01 11:30:00,4,0,0,0.0014348226
2024-11-01 11:45:00,4,0,0,0.0014300724
2024-11-01 12:00:00,4,0,0,0.0015609286
2024-11-01 12:15:00,4,0,0,0.0016147662
2024-11-01 12:30:00,4,0,0,0.0015464998
2024-11-01 12:45:00,4,0,0,0.0016610458
2024-11-01 13:00:00,4,0,0,0.0015845989
2024-11-01 13:15:00,4,0,0,0.001578836
2024-11-01 13:30:00,4,0,0,0.0015687782
2024-11-01 13:45:00,4,0,0,0.0016051985
2024-11-01 14:00:00,4,0,0,0.0015315
2024-11-01 14:15:00,4,0,0,0.0015658055
2024-11-01 14:30:00,4,0,0,0.0016345761
2024-11-01 14:45:00,4,0,0,0.0016456706
2024-11-01 15:00:00,4,0,0,0.0014111542
2024-11-01 15:15:00,4,0,0,0.0015349991
2024-11-01 15:30:00,4,0,0,0.0013716413
2024-11-01 15:45:00,4,0,0,0.0012502011
2024-11-01 16:00:00,4,0,0,0.0013071491
2024-11-01 16:15:00,4,0,0,0.0019450797
2024-11-01 16:30:00,4,0,0,0.0022563215
2024-11-01 16:45:00,4,0,0,0.0018937286
2024-11-01 17:00:00,4,0,0,0.0043480163
2024-11-01 17:15:00,4,0,0,0.010403793
2024-11-01 17:30:00,4,0,0,0.0030265497
2024-11-01 17:45:00,4,0,0,0.004239878
2024-11-01 18:00:00,4,0,0,0.0035807642
2024-11-01 18:15:00,4,0,0,0.0050799027
2024-11-01 18:30:00,4,0,0,0.0034663219
2024-11-01 18:45:00,4,0,0,0.0026677842
2024-11-01 19:00:00,4,0,0,0.006434647
2024-11-01 19:15:00,4,0,0,0.006977355
2024-11-01 19:30:00,4,0,0,0.016025536
2024-11-01 19:45:00,4,0,0,0.17219631
2024-11-01 20:00:00,4,0,1,0.4266745
2024-11-01 20:15:00,4,0,1,0.5786251
2024-11-01 20:30:00,4,0,1,0.5907817
2024-11-01 20:45:00,4,0,1,0.6183711
2024-11-01 21:00:00,4,0,1,0.57359916
2024-11-01 21:15:00,4,1,1,0.6358747
2024-11-01 21:30:00,4,1,1,0.67078614
2024-11-01 21:45:00,4,1,1,0.6006256
2024-11-01 22:00:00,4,1,1,0.60262555
2024-11-01 22:15:00,4,0,1,0.649333
2024-11-01 22:30:00,4,0,1,0.69326043
2024-11-01 22:45:00,4,1,1,0.6414948
2024-11-01 23:00:00,4,1,1,0.6369604
2024-11-01 23:15:00,4,0,1,0.61532354
2024-11-01 23:30:00,4,0,1,0.65982974
2024-11-01 23:45:00,4,0,1,0.701513
2024-11-02 00:15:00,4,1,1,0.7176252
2024-11-02 00:30:00,4,1,1,0.68029404
2024-11-02 00:45:00,4,1,1,0.7073697
2024-11-02 01:00:00,4,0,1,0.6720696
2024-11-02 01:15:00,4,0,1,0.6009779
2024-11-02 01:30:00,4,0,1,0.60732234
2024-11-02 01:45:00,4,0,1,0.62889504
2024-11-02 02:00:00,4,0,1,0.6106162
2024-11-02 02:15:00,4,0,1,0.7139326
2024-11-02 02:30:00,4,0,1,0.69664985
2024-11-02 02:45:00,4,1,1,0.7189277
2024-11-02 03:00:00,4,1,1,0.65792084
2024-11-02 03:15:00,4,0,1,0.65954417
2024-11-02 03:30:00,4,1,1,0.5950092
2024-11-02 03:45:00,4,1,0,0.45475158
2024-11-02 04:00:00,4,0,0,0.316744
2024-11-02 04:15:00,4,0,0,0.40936887
2024-11-02 04:30:00,4,0,0,0.2735272
2024-11-02 04:45:00,4,0,0,0.41333607
2024-11-02 05:00:00,4,0,0,0.18776512
2024-11-02 05:15:00,4,0,0,0.14032933
2024-11-02 05:30:00,4,0,0,0.011553332
2024-11-02 05:45:00,4,0,0,0.0031922976
2024-11-02 06:00:00,4,0,0,0.0019386689
2024-11-02 06:15:00,4,0,0,0.0031665605
2024-11-02 06:30:00,4,0,0,0.0021266323
2024-11-02 06:45:00,4,0,0,0.0019272278
2024-11-02 07:00:00,4,0,0,0.0012228336
2024-11-02 07:15:00,4,0,0,0.0009580882
2024-11-02 07:30:00,4,0,0,0.0009832936
2024-11-02 07:45:00,4,0,0,0.0008672657
2024-11-02 08:00:00,4,0,0,0.0008386766
2024-11-02 08:15:00,4,0,0,0.0008277702
2024-11-02 08:30:00,4,0,0,0.0008143413
2024-11-02 08:45:00,4,0,0,0.0007481346
2024-11-02 09:00:00,4,0,0,0.000776164
2024-11-02 09:15:00,4,0,0,0.000791372
2024-11-02 09:30:00,4,0,0,0.0008954937
2024-11-02 09:45:00,4,0,0,0.0008364391
2024-11-02 10:00:00,4,0,0,0.00078992057
2024-11-02 10:15:00,4,0,0,0.0007746897
2024-11-02 10:30:00,4,0,0,0.0007574917
2024-11-02 10:45:00,4,0,0,0.000786434
2024-11-02 11:00:00,4,0,0,0.0008142042
2024-11-02 11:15:00,4,0,0,0.00080628146
2024-11-02 11:30:00,4,0,0,0.000779463
2024-11-02 11:45:00,4,0,0,0.00074967113
2024-11-02 12:00:00,4,0,0,0.0007273309
2024-11-02 12:15:00,4,0,0,0.00071617187
2024-11-02 12:30:00,4,0,0,0.00074448093
2024-11-02 12:45:00,4,0,0,0.00075249036
2024-11-02 13:00:00,4,0,0,0.00079721503
2024-11-02 13:15:00,4,0,0,0.0008933215
2024-11-02 13:30:00,4,0,0,0.00081704307
2024-11-02 13:45:00,4,0,0,0.00089576136
2024-11-02 14:00:00,4,0,0,0.0009271591
2024-11-02 14:15:00,4,0,0,0.0010560524
2024-11-02 14:30:00,4,0,0,0.0009939537
2024-11-02 14:45:00,4,0,0,0.0008961054
2024-11-02 15:00:00,4,0,0,0.00095898675
2024-11-02 15:15:00,4,0,0,0.00095304195
2024-11-02 15:30:00,4,0,0,0.0010980011
2024-11-02 15:45:00,4,0,0,0.0010853607
2024-11-02 16:00:00,4,0,0,0.0013129368
2024-11-02 16:15:00,4,0,0,0.0012138756
2024-11-02 16:30:00,4,0,0,0.0011864399
2024-11-02 16:45:00,4,0,0,0.0011057614
2024-11-02 17:00:00,4,0,0,0.001308234
2024-11-02 17:15:00,4,0,0,0.0015383197
2024-11-02 17:30:00,4,0,0,0.0013709563
2024-11-02 17:45:00,4,0,0,0.0013686994
2024-11-02 18:00:00,4,0,0,0.0016636249
2024-11-02 18:15:00,4,0,0,0.0023420497
2024-11-02 18:30:00,4,0,0,0.0026572251
2024-11-02 18:45:00,4,0,0,0.0028004604
2024-11-02 19:00:00,4,0,0,0.0038787636
2024-11-02 19:15:00,4,0,0,0.0072073643
2024-11-02 19:30:00,4,0,0,0.0035234636
2024-11-02 19:45:00,4,0,0,0.002546373
2024-11-02 20:00:00,4,0,0,0.0046225414
2024-11-02 20:15:00,4,0,0,0.005672571
2024-11-02 20:30:00,4,0,0,0.0035154372
2024-11-02 20:45:00,4,0,0,0.0030942145
2024-11-02 21:00:00,4,0,0,0.003413134
2024-11-02 21:15:00,4,0,0,0.0043182024
2024-11-02 21:30:00,4,0,0,0.004128376
2024-11-02 21:45:00,4,0,0,0.003056938
2024-11-02 22:00:00,4,0,0,0.0022091556
2024-11-02 22:15:00,4,0,0,0.0030394627
2024-11-02 22:30:00,4,0,0,0.0027096462
2024-11-02 22:45:00,4,0,0,0.0024103378
2024-11-02 23:00:00,4,0,0,0.002288857
2024-11-02 23:15:00,4,0,0,0.0020114065
2024-11-02 23:30:00,4,0,0,0.0022564349
2024-11-02 23:45:00,4,0,0,0.0025914842
2024-11-03 00:15:00,4,0,0,0.0019660946
2024-11-03 00:30:00,4,0,0,0.0020118458
2024-11-03 00:45:00,4,0,0,0.0038989282
2024-11-03 01:00:00,4,0,0,0.004366978
2024-11-03 01:15:00,4,0,0,0.0029309583
2024-11-03 01:30:00,4,0,0,0.002068869
2024-11-03 01:45:00,4,0,0,0.001300277
2024-11-03 02:00:00,4,0,0,0.0011023001
2024-11-03 02:15:00,4,0,0,0.0009108931
2024-11-03 02:30:00,4,0,0,0.0010003863
2024-11-03 02:45:00,4,0,0,0.00094012916
2024-11-03 03:00:00,4,0,0,0.0009899582
2024-11-03 03:15:00,4,0,0,0.0012677015
2024-11-03 03:30:00,4,0,0,0.0015321497
2024-11-03 03:45:00,4,0,0,0.0011923279
2024-11-03 04:00:00,4,0,0,0.0010671673
2024-11-03 04:15:00,4,0,0,0.0010450738
2024-11-03 04:30:00,4,0,0,0.0008902207
2024-11-03 04:45:00,4,0,0,0.00088794425
2024-11-03 05:00:00,4,0,0,0.00090146787
2024-11-03 05:15:00,4,0,0,0.0009200332
2024-11-03 05:30:00,4,0,0,0.0010056164
2024-11-03 05:45:00,4,0,0,0.0012240313
2024-11-03 06:00:00,4,0,0,0.0012102304
2024-11-03 06:15:00,4,0,0,0.0011189337
2024-11-03 06:30:00,4,0,0,0.0010600146
2024-11-03 06:45:00,4,0,0,0.0010189496
2024-11-03 07:00:00,4,0,0,0.0010483502
2024-11-03 07:15:00,4,0,0,0.0009999749
2024-11-03 07:30:00,4,0,0,0.00096266955
2024-11-03 07:45:00,4,0,0,0.0008726605
2024-11-03 08:00:00,4,0,0,0.0009350836
2024-11-03 08:15:00,4,0,0,0.0008905707
2024-11-03 08:30:00,4,0,0,0.00091310294
2024-11-03 08:45:00,4,0,0,0.0008773988
2024-11-03 09:00:00,4,0,0,0.0008518784
2024-11-03 09:15:00,4,0,0,0.00087792304
2024-11-03 09:30:00,4,0,0,0.0008140328
2024-11-03 09:45:00,4,0,0,0.0007458892
2024-11-03 10:00:00,4,0,0,0.0007592889
2024-11-03 10:15:00,4,0,0,0.0007801212
2024-11-03 10:30:00,4,0,0,0.00076124864
2024-11-03 10:45:00,4,0,0,0.00075386435
2024-11-03 11:00:00,4,0,0,0.0007519381
2024-11-03 11:15:00,4,0,0,0.00074260077
2024-11-03 11:30:00,4,0,0,0.00074727426
2024-11-03 11:45:00,4,0,0,0.00078527245
2024-11-03 12:00:00,4,0,0,0.0007770293
2024-11-03 12:15:00,4,0,0,0.0007858702
2024-11-03 12:30:00,4,0,0,0.00079449883
2024-11-03 12:45:00,4,0,0,0.0007915763
2024-11-03 13:00:00,4,0,0,0.00078184676
2024-11-03 13:15:00,4,0,0,0.000777227
2024-11-03 13:30:00,4,0,0,0.00078444934
2024-11-03 13:45:00,4,0,0,0.00080187357
2024-11-03 14:00:00,4,0,0,0.0007971881
2024-11-03 14:15:00,4,0,0,0.0008445805
2024-11-03 14:30:00,4,0,0,0.00078583515
2024-11-03 14:45:00,4,0,0,0.0007974474
2024-11-03 15:00:00,4,0,0,0.0008122495
2024-11-03 15:15:00,4,0,0,0.0008401307
2024-11-03 15:30:00,4,0,0,0.000826558
2024-11-03 15:45:00,4,0,0,0.0008097886
2024-11-03 16:00:00,4,0,0,0.00086716353
2024-11-03 16:15:00,4,0,0,0.000880549
2024-11-03 16:30:00,4,0,0,0.000827133
2024-11-03 16:45:00,4,0,0,0.0008287926
2024-11-03 17:00:00,4,0,0,0.000862027
2024-11-03 17:15:00,4,0,0,0.0010535283
2024-11-03 17:30:00,4,0,0,0.0010200127
2024-11-03 17:45:00,4,0,0,0.0009909603
2024-11-03 18:00:00,4,0,0,0.0010342856
2024-11-03 18:15:00,4,0,0,0.0012333138
2024-11-03 18:30:00,4,0,0,0.0011876295
2024-11-03 18:45:00,4,0,0,0.0012577368
2024-11-03 19:00:00,4,0,0,0.001360172
2024-11-03 19:15:00,4,0,0,0.0012777494
2024-11-03 19:30:00,4,0,0,0.0012721581
2024-11-03 19:45:00,4,0,0,0.0011323087
2024-11-03 20:00:00,4,0,0,0.0013337408
2024-11-03 20:15:00,4,0,0,0.0014135692
2024-11-03 20:30:00,4,0,0,0.0017288309
2024-11-03 20:45:00,4,0,0,0.001562598
2024-11-03 21:00:00,4,0,0,0.0016719805
2024-11-03 21:15:00,4,0,0,0.0012323282
2024-11-03 21:30:00,4,0,0,0.0011819643
2024-11-03 21:45:00,4,0,0,0.0014249118
2024-11-03 22:00:00,4,0,0,0.0014260532
2024-11-03 22:15:00,4,0,0,0.0013607363
2024-11-03 22:30:00,4,0,0,0.0014537758
2024-11-03 22:45:00,4,0,0,0.0020102814
2024-11-03 23:00:00,4,0,0,0.002018577
2024-11-03 23:15:00,4,0,0,0.001893005
2024-11-03 23:30:00,4,0,0,0.0015872818
2024-11-03 23:45:00,4,0,0,0.00186326
2024-11-04 00:15:00,4,0,0,0.002192788
2024-11-04 00:30:00,4,0,0,0.0014179302
2024-11-04 00:45:00,4,0,0,0.0017485111
2024-11-04 01:00:00,4,0,0,0.0018968207
2024-11-04 01:15:00,4,0,0,0.0017023784
2024-11-04 01:30:00,4,0,0,0.00172873
2024-11-04 01:45:00,4,0,0,0.0017364428
2024-11-04 02:00:00,4,0,0,0.0016191765
2024-11-04 02:15:00,4,0,0,0.0015810761
2024-11-04 02:30:00,4,0,0,0.0013405333
2024-11-04 02:45:00,4,0,0,0.0016850351
2024-11-04 03:00:00,4,0,0,0.0015997838
2024-11-04 03:15:00,4,0,0,0.0013011352
2024-11-04 03:30:00,4,0,0,0.0011702755
2024-11-04 03:45:00,4,0,0,0.00128475
2024-11-04 04:00:00,4,0,0,0.0012039348
2024-11-04 04:15:00,4,0,0,0.001029072
2024-11-04 04:30:00,4,0,0,0.0011220846
2024-11-04 04:45:00,4,0,0,0.0012332471
2024-11-04 05:00:00,4,0,0,0.0011349444
2024-11-04 05:15:00,4,0,0,0.001057324
2024-11-04 05:30:00,4,0,0,0.0010422847
2024-11-04 05:45:00,4,0,0,0.001198346
2024-11-04 06:00:00,4,0,0,0.0010486479
2024-11-04 06:15:00,4,0,0,0.000994599
2024-11-04 06:30:00,4,0,0,0.0009314036
2024-11-04 06:45:00,4,0,0,0.0009674343
2024-11-04 07:00:00,4,0,0,0.00093954976
2024-11-04 07:15:00,4,0,0,0.0009610352
2024-11-04 07:30:00,4,0,0,0.000927637
2024-11-04 07:45:00,4,0,0,0.0008759753
2024-11-04 08:00:00,4,0,0,0.0008486462
2024-11-04 08:15:00,4,0,0,0.0008456298
2024-11-04 08:30:00,4,0,0,0.000831115
2024-11-04 08:45:00,4,0,0,0.00080369774
2024-11-04 09:00:00,4,0,0,0.0008215316
2024-11-04 09:15:00,4,0,0,0.0008316991
2024-11-04 09:30:00,4,0,0,0.00081266183
2024-11-04 09:45:00,4,0,0,0.00079656555
2024-11-04 10:00:00,4,0,0,0.00079666066
2024-11-04 10:15:00,4,0,0,0.00081719167
2024-11-04 10:30:00,4,0,0,0.0007898299
2024-11-04 10:45:00,4,0,0,0.00078374275
2024-11-04 11:00:00,4,0,0,0.0008009146
2024-11-04 11:15:00,4,0,0,0.00079655007
2024-11-04 11:30:00,4,0,0,0.0007885467
2024-11-04 11:45:00,4,0,0,0.00079304783
2024-11-04 12:00:00,4,0,0,0.0007733968
2024-11-04 12:15:00,4,0,0,0.00078385934
2024-11-04 12:30:00,4,0,0,0.0008102851
2024-11-04 12:45:00,4,0,0,0.0007807178
2024-11-04 13:00:00,4,0,0,0.0008113489
2024-11-04 13:15:00,4,0,0,0.00080446387
2024-11-04 13:30:00,4,0,0,0.00087879016
2024-11-04 13:45:00,4,0,0,0.00081115594
2024-11-04 14:00:00,4,0,0,0.0008378479
2024-11-04 14:15:00,4,0,0,0.0008260593
2024-11-04 14:30:00,4,0,0,0.00084189867
2024-11-04 14:45:00,4,0,0,0.0008353667
2024-11-04 15:00:00,4,0,0,0.0008251727
2024-11-04 15:15:00,4,0,0,0.00092107896
2024-11-04 15:30:00,4,0,0,0.0009903047
2024-11-04 15:45:00,4,0,0,0.0009457522
2024-11-04 16:00:00,4,0,0,0.0010085903
2024-11-04 16:15:00,4,0,0,0.0010919074
2024-11-04 16:30:00,4,0,0,0.0010153071
2024-11-04 16:45:00,4,0,0,0.0009737361
2024-11-04 17:00:00,4,0,0,0.0010592691
2024-11-04 17:15:00,4,0,0,0.0010731597
2024-11-04 17:30:00,4,0,0,0.0009934134
2024-11-04 17:45:00,4,0,0,0.0010524133
2024-11-04 18:00:00,4,0,0,0.0012223528
2024-11-04 18:15:00,4,0,0,0.0012397642
2024-11-04 18:30:00,4,0,0,0.0011659992
2024-11-04 18:45:00,4,0,0,0.0012953008
2024-11-04 19:00:00,4,0,0,0.0013492972
2024-11-04 19:15:00,4,0,0,0.0012490739
2024-11-04 19:30:00,4,0,0,0.0011987087
2024-11-04 19:45:00,4,0,0,0.0012500836
2024-11-04 20:00:00,4,0,0,0.0011983843
2024-11-04 20:15:00,4,0,0,0.0013158057
2024-11-04 20:30:00,4,0,0,0.0012791302
2024-11-04 20:45:00,4,0,0,0.0012684104
2024-11-04 21:00:00,4,0,0,0.0013120262
2024-11-04 21:15:00,4,0,0,0.0014695117
2024-11-04 21:30:00,4,0,0,0.0015665627
2024-11-04 21:45:00,4,0,0,0.0015165166
2024-11-04 22:00:00,4,0,0,0.0015891984
2024-11-04 22:15:00,4,0,0,0.0020964094
2024-11-04 22:30:00,4,0,0,0.0021785933
2024-11-04 22:45:00,4,0,0,0.001845146
2024-11-04 23:00:00,4,0,0,0.0018046978
2024-11-04 23:15:00,4,0,0,0.0017094227
2024-11-04 23:30:00,4,0,0,0.0016635515
2024-11-04 23:45:00,4,0,0,0.0018450412
2024-11-05 02:00:00,5,0,0,0.0064650024
2024-11-05 02:15:00,5,0,0,0.0037305658
2024-11-05 02:30:00,5,0,0,0.0031644178
2024-11-05 02:45:00,5,0,0,0.0030688064
2024-11-05 03:00:00,5,0,0,0.002775633
2024-11-05 03:15:00,5,0,0,0.0034161892
2024-11-05 03:30:00,5,0,0,0.0022381248
2024-11-05 03:45:00,5,0,0,0.0039857524
2024-11-05 04:00:00,5,0,0,0.0052845087
2024-11-05 04:15:00,5,0,0,0.0028171528
2024-11-05 04:30:00,5,0,0,0.0060900864
2024-11-05 04:45:00,5,0,0,0.009762714
2024-11-05 05:00:00,5,0,0,0.0059832884
2024-11-05 05:15:00,5,0,0,0.01568514
2024-11-05 05:30:00,5,0,0,0.019243984
2024-11-05 05:45:00,5,0,0,0.012490701
2024-11-05 06:00:00,5,0,0,0.0054648165
2024-11-05 06:15:00,5,0,0,0.009110895
2024-11-05 06:30:00,5,0,0,0.012888224
2024-11-05 06:45:00,5,0,0,0.0069274553
2024-11-05 07:00:00,5,0,0,0.0056704767
2024-11-05 07:15:00,5,0,0,0.0051519526
2024-11-05 07:30:00,5,0,0,0.0028688954
2024-11-05 07:45:00,5,0,0,0.0022720897
2024-11-05 08:00:00,5,0,0,0.0031794917
2024-11-05 08:15:00,5,0,0,0.00299766
2024-11-05 08:30:00,5,0,0,0.0036866923
2024-11-05 08:45:00,5,0,0,0.002176287
2024-11-05 09:00:00,5,0,0,0.0019688748
2024-11-05 09:15:00,5,0,0,0.0024878161
2024-11-05 09:30:00,5,0,0,0.0029832807
2024-11-05 09:45:00,5,0,0,0.003565026
2024-11-05 10:00:00,5,0,0,0.003060246
2024-11-05 10:15:00,5,0,0,0.0031888348
2024-11-05 10:30:00,5,0,0,0.0022891492
2024-11-05 10:45:00,5,0,0,0.002529416
2024-11-05 11:00:00,5,0,0,0.002254853
2024-11-07 17:30:00,5,0,0,0.0020653205
2024-11-07 17:45:00,5,0,0,0.0011764406
2024-11-07 18:00:00,5,0,0,0.0015788308
2024-11-07 18:15:00,5,0,0,0.0012637905
2024-11-07 18:30:00,5,0,0,0.001103816
2024-11-07 18:45:00,5,0,0,0.00111476
2024-11-07 19:00:00,5,0,0,0.0011869223
2024-11-07 19:15:00,5,0,0,0.0014120927
2024-11-07 19:30:00,5,0,0,0.0016487067
2024-11-07 19:45:00,5,0,0,0.001647634
2024-11-07 20:00:00,5,0,0,0.0014251202
2024-11-07 20:15:00,5,0,0,0.0017874588
2024-11-07 20:30:00,5,0,0,0.0034768772
2024-11-07 20:45:00,5,0,0,0.0037382073
2024-11-07 21:00:00,5,0,0,0.003656729
2024-11-07 21:15:00,5,0,0,0.0038110546
2024-11-07 21:30:00,5,0,0,0.0018668306
2024-11-07 21:45:00,5,0,0,0.0012477067
2024-11-07 22:00:00,5,0,0,0.0016259212
2024-11-07 22:15:00,5,0,0,0.001600058
2024-11-07 22:30:00,5,0,0,0.0013539401
2024-11-07 22:45:00,5,0,0,0.0010221198
2024-11-07 23:00:00,5,0,0,0.0016555764
2024-11-07 23:15:00,5,0,0,0.0009648785
2024-11-07 23:30:00,5,0,0,0.0010825875
2024-11-07 23:45:00,5,0,0,0.0008444227
2024-11-08 00:15:00,5,0,0,0.0009593425
2024-11-08 00:30:00,5,0,0,0.0008576517
2024-11-08 00:45:00,5,0,0,0.0011779974
2024-11-08 01:00:00,5,0,0,0.0016335918
2024-11-08 01:15:00,5,0,0,0.0016213278
2024-11-08 01:30:00,5,0,0,0.0018320506
2024-11-08 01:45:00,5,0,0,0.0014951414
2024-11-08 02:00:00,5,0,0,0.0016673263
2024-11-08 02:15:00,5,0,0,0.0021086095
2024-11-08 02:30:00,5,0,0,0.0019782926
2024-11-08 02:45:00,5,0,0,0.0017787504
2024-11-08 03:00:00,5,0,0,0.0024306846
2024-11-08 03:15:00,5,0,0,0.002753385
2024-11-08 03:30:00,5,0,0,0.0018430527
2024-11-08 03:45:00,5,0,0,0.0016489547
2024-11-08 04:00:00,5,0,0,0.0014521371
2024-11-08 04:15:00,5,0,0,0.0016494355
2024-11-08 04:30:00,5,0,0,0.0015907321
2024-11-08 04:45:00,5,0,0,0.00163704
2024-11-08 05:00:00,5,0,0,0.0016140802
2024-11-08 05:15:00,5,0,0,0.0015716967
2024-11-08 05:30:00,5,0,0,0.0014208968
2024-11-08 05:45:00,5,0,0,0.0012867409
2024-11-08 06:00:00,5,0,0,0.0008412397
2024-11-08 06:15:00,5,0,0,0.0007783706
2024-11-08 06:30:00,5,0,0,0.00080213277
2024-11-08 06:45:00,5,0,0,0.0008656769
2024-11-08 07:00:00,5,0,0,0.0007656211
2024-11-08 07:15:00,5,0,0,0.00085826515
2024-11-08 07:30:00,5,0,0,0.00089482154
2024-11-08 07:45:00,5,0,0,0.0009750167
2024-11-08 08:00:00,5,0,0,0.00090603624
2024-11-08 08:15:00,5,0,0,0.00080742745
2024-11-08 08:30:00,5,0,0,0.00078134704
2024-11-08 08:45:00,5,0,0,0.0008626342
2024-11-08 09:00:00,5,0,0,0.00088558986
2024-11-08 09:15:00,5,0,0,0.00069740845
2024-11-08 09:30:00,5,0,0,0.0007147414
2024-11-08 09:45:00,5,0,0,0.00076517
2024-11-08 10:00:00,5,0,0,0.00073989516
2024-11-08 10:15:00,5,0,0,0.0006947103
2024-11-08 10:30:00,5,0,0,0.0008137061
2024-11-08 10:45:00,5,0,0,0.0007594518
2024-11-08 11:00:00,5,0,0,0.00079562387
2024-11-08 11:15:00,5,0,0,0.0008217908
2024-11-08 11:30:00,5,0,0,0.0009115786
2024-11-08 11:45:00,5,0,0,0.0008462239
2024-11-08 12:00:00,5,0,0,0.0007753597
2024-11-08 12:15:00,5,0,0,0.000861655
2024-11-08 12:30:00,5,0,0,0.000853532
2024-11-08 12:45:00,5,0,0,0.0010178245
2024-11-08 13:00:00,5,0,0,0.00092859066
2024-11-08 13:15:00,5,0,0,0.0009483087
2024-11-08 13:30:00,5,0,0,0.000846817
2024-11-08 13:45:00,5,0,0,0.00092480204
2024-11-08 14:00:00,5,0,0,0.0009699472
2024-11-08 14:15:00,5,0,0,0.0010079928
2024-11-08 14:30:00,5,0,0,0.00088926894
2024-11-08 14:45:00,5,0,0,0.00093001756
2024-11-08 15:00:00,5,0,0,0.0010848822
2024-11-08 15:15:00,5,0,0,0.0011462463
2024-11-08 15:30:00,5,0,0,0.0013817394
2024-11-08 15:45:00,5,0,0,0.0015195009
2024-11-08 16:00:00,5,0,0,0.0016185037
2024-11-08 16:15:00,5,0,0,0.0014990321
2024-11-08 16:30:00,5,0,0,0.0013576096
2024-11-08 16:45:00,5,0,0,0.0012945915
2024-11-08 17:00:00,5,0,0,0.0018026384
2024-11-08 17:15:00,5,0,0,0.0017702325
2024-11-08 17:30:00,5,0,0,0.0018618794
2024-11-08 17:45:00,5,0,0,0.0022286344
2024-11-08 18:00:00,5,0,0,0.0032760808
2024-11-08 18:15:00,5,0,0,0.0026208146
2024-11-08 18:30:00,5,0,0,0.0022914314
2024-11-08 18:45:00,5,0,0,0.0020624197
2024-11-08 19:00:00,5,0,0,0.0016802654
2024-11-08 19:15:00,5,0,0,0.0030978885
2024-11-08 19:30:00,5,0,0,0.0030943695
2024-11-08 19:45:00,5,0,0,0.0045754686
2024-11-08 20:00:00,5,0,0,0.0034531527
2024-11-08 20:15:00,5,0,0,0.0025790448
2024-11-08 20:30:00,5,0,0,0.0033249662
2024-11-08 20:45:00,5,0,0,0.005985104
2024-11-08 21:00:00,5,0,0,0.0035787045
2024-11-08 21:15:00,5,0,0,0.0029175028
2024-11-08 21:30:00,5,0,0,0.0033811901
2024-11-08 21:45:00,5,0,0,0.0032352358
2024-11-08 22:00:00,5,0,0,0.0028853233
2024-11-08 22:15:00,5,0,0,0.0027071757
2024-11-08 22:30:00,5,0,0,0.0029149682
2024-11-08 22:45:00,5,0,0,0.002763283
2024-11-08 23:00:00,5,0,0,0.00227625
2024-11-08 23:15:00,5,0,0,0.0017733732
2024-11-08 23:30:00,5,0,0,0.0018181747
2024-11-08 23:45:00,5,0,0,0.002353529
2024-11-09 00:15:00,5,0,0,0.0010619933
2024-11-09 00:30:00,5,0,0,0.0009607074
2024-11-09 00:45:00,5,0,0,0.0020896539
2024-11-09 01:00:00,5,0,0,0.0029120152
2024-11-09 01:15:00,5,0,0,0.0025527761
2024-11-09 01:30:00,5,0,0,0.002188626
2024-11-09 01:45:00,5,0,0,0.003480639
2024-11-09 02:00:00,5,0,0,0.0032462596
2024-11-09 02:15:00,5,0,0,0.0049430765
2024-11-09 02:30:00,5,0,0,0.004347403
2024-11-09 02:45:00,5,0,0,0.001956713
2024-11-09 03:00:00,5,0,0,0.002147803
2024-11-09 03:15:00,5,0,0,0.005351344
2024-11-09 03:30:00,5,0,0,0.0022015343
2024-11-09 03:45:00,5,0,0,0.002161131
2024-11-09 04:00:00,5,0,0,0.08711691
2024-11-09 04:15:00,5,0,0,0.014346474
2024-11-09 04:30:00,5,0,0,0.39088643
2024-11-09 04:45:00,5,0,0,0.33910006
2024-11-09 05:00:00,5,0,0,0.08279494
2024-11-09 05:15:00,5,0,0,0.36075366
2024-11-09 05:30:00,5,0,1,0.49543217
2024-11-09 05:45:00,5,0,0,0.41428983
2024-11-09 06:00:00,5,0,0,0.42363647
2024-11-09 06:15:00,5,0,0,0.103159785
2024-11-09 06:30:00,5,0,1,0.4879759
2024-11-09 06:45:00,5,0,0,0.47312874
2024-11-09 07:00:00,5,0,0,0.46942493
2024-11-09 07:15:00,5,0,1,0.49654928
2024-11-09 07:30:00,5,0,1,0.5188166
2024-11-09 07:45:00,5,0,0,0.4652946
2024-11-09 08:00:00,5,0,0,0.41526362
2024-11-09 08:15:00,5,0,0,0.43286735
2024-11-09 08:30:00,5,0,0,0.24999651
2024-11-09 08:45:00,5,0,0,0.17960212
2024-11-09 09:00:00,5,0,0,0.04639508
2024-11-09 09:15:00,5,0,0,0.010641214
2024-11-09 09:30:00,5,0,0,0.019595364
2024-11-09 09:45:00,5,0,0,0.022824643
2024-11-09 10:00:00,5,0,0,0.026246736
2024-11-09 10:15:00,5,0,0,0.021611173
2024-11-09 10:30:00,5,0,0,0.021895546
2024-11-09 10:45:00,5,0,0,0.008342749
2024-11-09 11:00:00,5,0,0,0.011989843
2024-11-09 11:15:00,5,0,0,0.02188295
2024-11-09 11:30:00,5,0,0,0.07913573
2024-11-09 11:45:00,5,0,0,0.14680837
2024-11-09 12:00:00,5,0,0,0.007327419
2024-11-09 12:15:00,5,0,0,0.002011149
2024-11-09 12:30:00,5,0,0,0.0020250264
2024-11-09 12:45:00,5,0,0,0.003699156
2024-11-09 13:00:00,5,0,0,0.0051233643
2024-11-09 13:15:00,5,0,0,0.062695086
2024-11-09 13:30:00,5,0,0,0.019703679
2024-11-09 13:45:00,5,0,0,0.0363259
2024-11-09 14:00:00,5,0,0,0.025808861
2024-11-09 14:15:00,5,0,0,0.049130164
2024-11-09 14:30:00,5,0,0,0.04838652
2024-11-09 14:45:00,5,0,0,0.030069899
2024-11-09 15:00:00,5,0,0,0.24116163
2024-11-09 15:15:00,5,0,0,0.25196618
2024-11-09 15:30:00,5,0,0,0.02840163
2024-11-09 15:45:00,5,0,0,0.029422395
2024-11-09 16:00:00,5,0,0,0.020208662
2024-11-09 16:15:00,5,0,0,0.06663422
2024-11-09 16:30:00,5,0,0,0.38619113
2024-11-09 16:45:00,5,0,0,0.20498644
2024-11-09 17:00:00,5,0,0,0.24722968
2024-11-09 17:15:00,5,0,0,0.2594799
2024-11-09 17:30:00,5,0,0,0.28411412
2024-11-09 17:45:00,5,0,0,0.07712046
2024-11-09 18:00:00,5,0,0,0.028168553
2024-11-09 18:15:00,5,0,0,0.0120549
2024-11-09 18:30:00,5,0,0,0.032581463
2024-11-09 18:45:00,5,0,0,0.054089796
2024-11-09 19:00:00,5,0,0,0.06676608
2024-11-09 19:15:00,5,0,0,0.08779541
2024-11-09 19:30:00,5,0,0,0.06775971
2024-11-09 19:45:00,5,0,0,0.027854776
2024-11-09 20:00:00,5,0,0,0.13279235
2024-11-09 20:15:00,5,0,0,0.10266074
2024-11-09 20:30:00,5,0,0,0.16223258
2024-11-09 20:45:00,5,0,0,0.14203842
2024-11-09 21:00:00,5,0,0,0.3328997
2024-11-09 21:15:00,5,0,0,0.13400628
2024-11-09 21:30:00,5,0,0,0.21590208
2024-11-09 21:45:00,5,0,0,0.36317146
2024-11-09 22:00:00,5,0,0,0.1377179
2024-11-09 22:15:00,5,0,0,0.019515324
2024-11-09 22:30:00,5,0,0,0.057131287
2024-11-09 22:45:00,5,0,0,0.05920256
2024-11-09 23:00:00,5,0,0,0.18394558
2024-11-09 23:15:00,5,0,0,0.17346895
2024-11-09 23:30:00,5,0,0,0.08424664
2024-11-09 23:45:00,5,0,0,0.0550839
2024-11-10 00:15:00,5,0,0,0.017889049
2024-11-10 00:30:00,5,0,0,0.0110820625
2024-11-10 00:45:00,5,0,0,0.0687247
2024-11-10 01:00:00,5,0,0,0.39822152
2024-11-10 01:15:00,5,0,0,0.31668395
2024-11-10 01:30:00,5,0,0,0.04765136
2024-11-10 01:45:00,5,0,0,0.10728173
2024-11-10 02:00:00,5,0,0,0.06580742
2024-11-10 02:15:00,5,0,0,0.01684349
2024-11-10 02:30:00,5,0,0,0.048819866
2024-11-10 02:45:00,5,0,0,0.02865564
2024-11-10 03:00:00,5,0,0,0.007648146
2024-11-10 03:15:00,5,0,0,0.0053497655
2024-11-10 03:30:00,5,0,0,0.0077081346
2024-11-10 03:45:00,5,0,0,0.005705666
2024-11-10 04:00:00,5,0,0,0.014111426
2024-11-10 04:15:00,5,0,0,0.005221003
2024-11-10 04:30:00,5,0,0,0.0072113583
2024-11-10 04:45:00,5,0,0,0.0099131595
2024-11-10 05:00:00,5,0,0,0.009055563
2024-11-10 05:15:00,5,0,0,0.008303413
2024-11-10 05:30:00,5,0,0,0.0027316667
2024-11-10 05:45:00,5,0,0,0.0027051382
2024-11-10 06:00:00,5,0,0,0.002182068
2024-11-10 06:15:00,5,0,0,0.0059794867
2024-11-10 06:30:00,5,0,0,0.0047231866
2024-11-10 06:45:00,5,0,0,0.0017754907
2024-11-10 07:00:00,5,0,0,0.0042970227
2024-11-10 07:15:00,5,0,0,0.0057019633
2024-11-10 07:30:00,5,0,0,0.0057312404
2024-11-10 07:45:00,5,0,0,0.008353388
2024-11-10 08:00:00,5,0,0,0.013336464
2024-11-10 08:15:00,5,0,0,0.01985621
2024-11-10 08:30:00,5,0,0,0.028541116
2024-11-10 08:45:00,5,0,0,0.007293269
2024-11-10 09:00:00,5,0,0,0.0033297192
2024-11-10 09:15:00,5,0,0,0.00555432
2024-11-10 09:30:00,5,0,0,0.0030337719
2024-11-10 09:45:00,5,0,0,0.0038350122
2024-11-10 10:00:00,5,0,0,0.0026120709
2024-11-10 10:15:00,5,0,0,0.0033604004
2024-11-10 10:30:00,5,0,0,0.005482684
2024-11-10 10:45:00,5,0,0,0.008570293
2024-11-10 11:00:00,5,0,0,0.014197518
2024-11-10 11:15:00,5,0,0,0.006489466
2024-11-10 11:30:00,5,0,0,0.0054218555
2024-11-10 11:45:00,5,0,0,0.0035581193
2024-11-10 12:00:00,5,0,0,0.001676487
2024-11-10 12:15:00,5,0,0,0.0019649125
2024-11-10 12:30:00,5,0,0,0.0023700106
2024-11-10 12:45:00,5,0,0,0.003928813
2024-11-10 13:00:00,5,0,0,0.0056805294
2024-11-10 13:15:00,5,0,0,0.004484122
2024-11-10 13:30:00,5,0,0,0.003915206
2024-11-10 13:45:00,5,0,0,0.0069677946
2024-11-10 14:00:00,5,0,0,0.005639416
2024-11-10 14:15:00,5,0,0,0.0072871405
2024-11-10 14:30:00,5,0,0,0.008443007
2024-11-10 14:45:00,5,0,0,0.008062757
2024-11-10 15:00:00,5,0,0,0.006895987
2024-11-10 15:15:00,5,0,0,0.007898937
2024-11-10 15:30:00,5,0,0,0.01685643
2024-11-10 15:45:00,5,0,0,0.019144684
2024-11-10 16:00:00,5,0,0,0.023225475
2024-11-10 16:15:00,5,0,0,0.026898962
2024-11-10 16:30:00,5,0,0,0.020203754
2024-11-10 16:45:00,5,0,0,0.052361786
2024-11-10 17:00:00,5,0,0,0.38132894
2024-11-10 17:15:00,5,0,0,0.42945325
2024-11-10 17:30:00,5,0,0,0.421504
2024-11-10 17:45:00,5,0,0,0.41305447
2024-11-10 18:00:00,5,1,0,0.42342108
2024-11-10 18:15:00,5,1,0,0.4172312
2024-11-10 18:30:00,5,0,0,0.42591178
2024-11-10 18:45:00,5,0,0,0.43502337
2024-11-10 19:00:00,5,0,0,0.45968714
2024-11-10 19:15:00,5,0,0,0.4532644
2024-11-10 19:30:00,5,0,0,0.4393337
2024-11-10 19:45:00,5,0,0,0.32803792
2024-11-10 20:00:00,5,0,0,0.18800892
2024-11-10 20:15:00,5,0,0,0.1425323
2024-11-10 20:30:00,5,0,0,0.4256647
2024-11-10 20:45:00,5,0,1,0.4933107
2024-11-10 21:00:00,5,0,1,0.5214583
2024-11-10 21:15:00,5,0,1,0.52401376
2024-11-10 21:30:00,5,0,1,0.53692925
2024-11-10 21:45:00,5,0,1,0.55554867
2024-11-10 22:00:00,5,0,1,0.535009
2024-11-10 22:15:00,5,0,1,0.54343027
2024-11-10 22:30:00,5,0,1,0.5615597
2024-11-10 22:45:00,5,0,1,0.5739257
2024-11-10 23:00:00,5,0,1,0.59568137
2024-11-10 23:15:00,5,0,1,0.59958357
2024-11-10 23:30:00,5,0,1,0.60423136
2024-11-10 23:45:00,5,0,1,0.6301385
2024-11-11 00:15:00,5,0,1,0.6142306
2024-11-11 00:30:00,5,0,1,0.6226594
2024-11-11 00:45:00,5,0,1,0.61391395
2024-11-11 01:00:00,5,0,1,0.6428433
2024-11-11 01:15:00,5,0,1,0.67268527
2024-11-11 01:30:00,5,0,1,0.6536083
2024-11-11 01:45:00,5,0,1,0.6711459
2024-11-11 02:00:00,5,0,1,0.66428447
2024-11-11 02:15:00,5,0,1,0.6777988
2024-11-11 02:30:00,5,0,1,0.6662328
2024-11-11 02:45:00,5,0,1,0.644929
2024-11-11 03:00:00,5,0,1,0.63349855
2024-11-11 03:15:00,5,0,1,0.64952725
2024-11-11 03:30:00,5,0,1,0.64608145
2024-11-11 03:45:00,5,0,1,0.64008856
2024-11-11 04:00:00,5,0,1,0.6224161
2024-11-11 04:15:00,5,0,1,0.6352434
2024-11-11 04:30:00,5,0,1,0.63256615
2024-11-11 04:45:00,5,0,1,0.62463677
2024-11-11 05:00:00,5,0,1,0.6076852
2024-11-11 05:15:00,5,0,1,0.6177849
2024-11-11 05:30:00,5,0,1,0.6204064
2024-11-11 05:45:00,5,0,1,0.60452294
2024-11-11 06:00:00,5,0,1,0.59395164
2024-11-11 06:15:00,5,0,1,0.5907006
2024-11-11 06:30:00,5,0,1,0.5640405
2024-11-11 06:45:00,5,0,1,0.5420283
2024-11-11 07:00:00,5,0,1,0.5723085
2024-11-11 07:15:00,5,0,1,0.5399315
2024-11-11 07:30:00,5,0,1,0.49712086
2024-11-11 07:45:00,5,0,1,0.4794233
2024-11-11 08:00:00,5,0,0,0.46600825
2024-11-11 08:15:00,5,0,0,0.40181723
2024-11-11 08:30:00,5,0,0,0.26989502
2024-11-11 08:45:00,5,0,0,0.40548503
2024-11-11 09:00:00,5,0,0,0.4237224
2024-11-11 09:15:00,5,0,0,0.38906252
2024-11-11 09:30:00,5,0,0,0.32875684
2024-11-11 09:45:00,5,0,0,0.4011821
2024-11-11 10:00:00,5,0,0,0.27961066
2024-11-11 10:15:00,5,0,0,0.3121182
2024-11-11 10:30:00,5,0,0,0.092055656
2024-11-11 10:45:00,5,0,0,0.14176534
2024-11-11 11:00:00,5,0,0,0.05808635
2024-11-11 11:15:00,5,0,0,0.07457951
2024-11-11 11:30:00,5,0,0,0.03284845
2024-11-11 11:45:00,5,0,0,0.023009414
2024-11-11 12:00:00,5,0,0,0.065830074
2024-11-11 12:15:00,5,0,0,0.021592058
2024-11-11 12:30:00,5,0,0,0.013002422
2024-11-11 12:45:00,5,0,0,0.010605675
2024-11-11 13:00:00,5,0,0,0.01565859
2024-11-11 13:15:00,5,0,0,0.0074925316
2024-11-11 13:30:00,5,0,0,0.0055845575
2024-11-11 13:45:00,5,0,0,0.005625077
2024-11-11 14:00:00,5,0,0,0.0039825314
2024-11-11 14:15:00,5,0,0,0.0049309144
2024-11-11 14:30:00,5,0,0,0.0035441509
2024-11-11 14:45:00,5,0,0,0.0057245595
2024-11-11 15:00:00,5,0,0,0.004307372
2024-11-11 15:15:00,5,0,0,0.0050443006
2024-11-11 15:30:00,5,0,0,0.01292552
2024-11-11 15:45:00,5,0,0,0.1633479
2024-11-11 16:00:00,5,0,0,0.24626918
2024-11-11 16:15:00,5,0,0,0.43636838
2024-11-11 16:30:00,5,1,0,0.45853195
2024-11-11 16:45:00,5,1,1,0.49209422
2024-11-11 17:00:00,5,1,1,0.52319396
2024-11-11 17:15:00,5,0,1,0.5113162
2024-11-11 17:30:00,5,0,1,0.5424232
2024-11-11 17:45:00,5,1,1,0.5541256
2024-11-11 18:00:00,5,1,1,0.60681146
2024-11-11 18:15:00,5,1,1,0.5990671
2024-11-11 18:30:00,5,1,1,0.6258332
2024-11-11 18:45:00,5,1,1,0.6289304
2024-11-11 19:00:00,5,1,1,0.6437531
2024-11-11 19:15:00,5,1,1,0.63474834
2024-11-11 19:30:00,5,1,1,0.6307067
2024-11-11 19:45:00,5,1,1,0.6479385
2024-11-11 20:00:00,5,1,1,0.63885343
2024-11-11 20:15:00,5,1,1,0.6620991
2024-11-11 20:30:00,5,1,1,0.65915555
2024-11-11 20:45:00,5,1,1,0.66236687
2024-11-11 21:00:00,5,1,1,0.6673744
2024-11-11 21:15:00,5,1,1,0.6442014
2024-11-11 21:30:00,5,1,1,0.63744944
2024-11-11 21:45:00,5,1,1,0.6135908
2024-11-11 22:00:00,5,1,1,0.5876411
2024-11-11 22:15:00,5,1,1,0.6009859
2024-11-11 22:30:00,5,1,1,0.5275172
2024-11-11 22:45:00,5,0,1,0.549422
2024-11-11 23:00:00,5,1,1,0.63181823
2024-11-11 23:15:00,5,1,1,0.60254353
2024-11-11 23:30:00,5,1,1,0.6081017
2024-11-11 23:45:00,5,1,1,0.6239161
2024-11-12 01:00:00,6,1,1,0.7173704
2024-11-12 01:15:00,6,1,1,0.63488865
2024-11-12 01:30:00,6,1,1,0.5591353
2024-11-12 01:45:00,6,1,1,0.62154716
2024-11-12 02:00:00,6,1,1,0.5521029
2024-11-12 02:15:00,6,1,1,0.5358864
2024-11-12 02:30:00,6,1,1,0.6066476
2024-11-12 02:45:00,6,1,1,0.61125916
2024-11-12 03:00:00,6,1,0,0.49042675
2024-11-12 03:15:00,6,1,1,0.60561806
2024-11-12 03:30:00,6,1,1,0.6403061
2024-11-12 03:45:00,6,1,1,0.652691
2024-11-12 04:00:00,6,1,1,0.61004746
2024-11-12 04:15:00,6,1,1,0.63993
2024-11-12 04:30:00,6,1,1,0.6158483
2024-11-12 04:45:00,6,1,1,0.5567798
2024-11-12 05:00:00,6,1,1,0.58071303
2024-11-12 05:15:00,6,1,1,0.60597503
2024-11-12 05:30:00,6,1,1,0.6312806
2024-11-12 05:45:00,6,1,1,0.70764595
2024-11-12 06:00:00,6,1,1,0.7021998
2024-11-12 06:15:00,6,1,1,0.6665079
2024-11-12 06:30:00,6,1,1,0.7327103
2024-11-12 06:45:00,6,1,1,0.7005559
2024-11-12 07:00:00,6,1,1,0.71243113
2024-11-12 07:15:00,6,1,1,0.7244444
2024-11-12 07:30:00,6,1,1,0.7653331
2024-11-12 07:45:00,6,0,1,0.75647956
2024-11-12 08:00:00,6,0,1,0.70186377
2024-11-12 08:15:00,6,0,1,0.6847015
2024-11-12 08:30:00,6,0,1,0.63746625
2024-11-12 08:45:00,6,0,1,0.5805579
2024-11-12 09:00:00,6,0,1,0.47457218
2024-11-12 09:15:00,6,0,0,0.42059067
2024-11-12 09:30:00,6,0,0,0.2318188
2024-11-12 09:45:00,6,0,0,0.12920293
2024-11-12 10:00:00,6,0,0,0.06767975
2024-11-12 10:15:00,6,0,0,0.015710698
2024-11-12 10:30:00,6,0,0,0.012277981
2024-11-12 10:45:00,6,0,0,0.0034216356
2024-11-12 11:00:00,6,0,0,0.0063487315
2024-11-12 11:15:00,6,0,0,0.011798183
2024-11-12 11:30:00,6,0,0,0.007484493
2024-11-12 11:45:00,6,0,0,0.0020179315
2024-11-12 12:00:00,6,0,0,0.0018778475
2024-11-12 12:15:00,6,0,0,0.0026551487
2024-11-12 12:30:00,6,0,0,0.0014755961
2024-11-12 12:45:00,6,0,0,0.0013538904
2024-11-12 13:00:00,6,0,0,0.0013480881
2024-11-12 13:15:00,6,0,0,0.0013705292
2024-11-12 13:30:00,6,0,0,0.0014696954
2024-11-12 13:45:00,6,0,0,0.0058098794
2024-11-12 14:00:00,6,0,0,0.01578146
2024-11-12 14:15:00,6,0,0,0.010694297
2024-11-12 14:30:00,6,0,0,0.002258709
2024-11-12 14:45:00,6,0,0,0.004200309
2024-11-12 15:00:00,6,0,0,0.0072430614
2024-11-12 15:15:00,6,0,0,0.005805906
2024-11-12 15:30:00,6,0,0,0.002583289
2024-11-12 15:45:00,6,0,0,0.002093601
2024-11-12 16:00:00,6,0,0,0.0048323493
2024-11-12 16:15:00,6,0,0,0.009797487
2024-11-12 16:30:00,6,0,0,0.21519169
2024-11-12 16:45:00,6,0,0,0.25946304
2024-11-12 17:00:00,6,0,0,0.18806657
2024-11-12 17:15:00,6,0,0,0.23363504
2024-11-12 17:30:00,6,0,0,0.35434058
2024-11-12 17:45:00,6,0,1,0.45055962
2024-11-12 18:00:00,6,0,1,0.43368238
2024-11-12 18:15:00,6,0,0,0.3656999
2024-11-12 18:30:00,6,0,0,0.16125648
2024-11-12 18:45:00,6,0,0,0.017126363
2024-11-12 19:00:00,6,0,0,0.049958024
2024-11-12 19:15:00,6,0,0,0.23151061
2024-11-12 19:30:00,6,0,1,0.5078683
2024-11-12 19:45:00,6,0,1,0.60523725
2024-11-12 20:00:00,6,0,1,0.6335858
2024-11-12 20:15:00,6,0,1,0.62859505
2024-11-12 20:30:00,6,0,1,0.64591056
2024-11-12 20:45:00,6,0,1,0.6625606
2024-11-12 21:00:00,6,0,1,0.6922075
2024-11-12 21:15:00,6,1,1,0.7241071
2024-11-12 21:30:00,6,0,1,0.73658043
2024-11-12 21:45:00,6,0,1,0.73559445
2024-11-12 22:00:00,6,0,1,0.71766895
2024-11-12 22:15:00,6,0,1,0.7300839
2024-11-12 22:30:00,6,0,1,0.70333344
2024-11-12 23:00:00,6,0,1,0.684912
2024-11-12 23:15:00,6,0,1,0.6972779
2024-11-12 23:30:00,6,0,1,0.7379458
2024-11-12 23:45:00,6,1,1,0.73759687
2024-11-13 00:15:00,6,0,1,0.7122268
2024-11-13 00:30:00,6,0,1,0.7583257
2024-11-13 00:45:00,6,0,1,0.75366074
2024-11-13 01:00:00,6,1,1,0.7564189
2024-11-13 01:15:00,6,1,1,0.75929254
2024-11-13 01:30:00,6,1,1,0.7407707
2024-11-13 01:45:00,6,1,1,0.7318995
2024-11-13 02:00:00,6,1,1,0.74143296
2024-11-13 02:15:00,6,1,1,0.7458317
2024-11-13 02:30:00,6,1,1,0.74614376
2024-11-13 02:45:00,6,1,1,0.751012
2024-11-13 03:00:00,6,1,1,0.7479311
2024-11-13 03:15:00,6,1,1,0.72368276
2024-11-13 03:30:00,6,1,1,0.7395842
2024-11-13 03:45:00,6,1,1,0.75661874
2024-11-13 04:00:00,6,1,1,0.7422465
2024-11-13 04:15:00,6,1,1,0.74615353
2024-11-13 04:30:00,6,1,1,0.7550256
2024-11-13 04:45:00,6,1,1,0.7522406
2024-11-13 05:00:00,6,0,1,0.7382441
2024-11-13 05:15:00,6,0,1,0.75038856
2024-11-13 05:30:00,6,0,1,0.7545343
2024-11-13 05:45:00,6,0,1,0.7008055
2024-11-13 06:00:00,6,0,1,0.66634524
2024-11-13 06:15:00,6,0,1,0.7134077
2024-11-13 06:30:00,6,0,1,0.7449787
2024-11-13 06:45:00,6,0,1,0.7576602
2024-11-13 07:00:00,6,0,1,0.73130697
2024-11-13 07:15:00,6,0,1,0.6795306
2024-11-13 07:30:00,6,0,1,0.6359237
2024-11-13 07:45:00,6,0,1,0.6322951
2024-11-13 08:00:00,6,0,1,0.6212932
2024-11-13 08:15:00,6,0,1,0.6466307
2024-11-13 08:30:00,6,0,1,0.6359033
2024-11-13 08:45:00,6,0,1,0.58396655
2024-11-13 09:00:00,6,0,1,0.5671758
2024-11-13 09:15:00,6,0,1,0.5386495
2024-11-13 09:30:00,6,0,0,0.4482851
2024-11-13 09:45:00,6,0,1,0.49585506
2024-11-13 10:00:00,6,0,0,0.46508145
2024-11-13 10:15:00,6,0,0,0.43237093
2024-11-13 10:30:00,6,0,0,0.2605904
2024-11-13 10:45:00,6,0,0,0.22631183
2024-11-13 11:00:00,6,0,0,0.08025521
2024-11-13 11:15:00,6,0,0,0.06779945
2024-11-13 11:30:00,6,0,0,0.19456115
2024-11-13 11:45:00,6,0,0,0.2048882
2024-11-13 12:00:00,6,0,0,0.24156643
2024-11-13 12:15:00,6,0,0,0.06714916
2024-11-13 12:30:00,6,0,0,0.12828785
2024-11-13 12:45:00,6,0,0,0.027047249
2024-11-13 13:00:00,6,0,0,0.0051002996
2024-11-13 13:15:00,6,0,0,0.0014299905
2024-11-13 13:30:00,6,0,0,0.0013763438
2024-11-13 13:45:00,6,0,0,0.001357149
2024-11-13 14:00:00,6,0,0,0.0049947985
2024-11-13 14:15:00,6,0,0,0.016994286
2024-11-13 14:30:00,6,0,0,0.004232386
2024-11-13 14:45:00,6,0,0,0.0024472028
2024-11-13 15:00:00,6,0,0,0.0016920686
2024-11-13 15:15:00,6,0,0,0.0014998119
2024-11-13 15:30:00,6,0,0,0.0018671568
2024-11-13 15:45:00,6,0,0,0.002379684
2024-11-13 16:00:00,6,0,0,0.0026045302
2024-11-13 16:15:00,6,0,0,0.0039741113
2024-11-13 16:30:00,6,0,0,0.019041216
2024-11-13 16:45:00,6,0,0,0.04398015
2024-11-13 17:00:00,6,0,0,0.0039825714
2024-11-13 17:15:00,6,0,0,0.004040234
2024-11-13 17:30:00,6,0,0,0.025941182
2024-11-13 17:45:00,6,0,0,0.01653064
2024-11-13 18:00:00,6,0,0,0.122644566
2024-11-13 18:15:00,6,0,0,0.34524438
2024-11-13 18:30:00,6,0,0,0.45766777
2024-11-13 18:45:00,6,0,1,0.50563866
2024-11-13 19:00:00,6,0,1,0.5333603
2024-11-13 19:15:00,6,0,1,0.5361918
2024-11-13 19:30:00,6,0,1,0.5759607
2024-11-13 19:45:00,6,0,1,0.5923441
2024-11-13 20:00:00,6,0,1,0.6341059
2024-11-13 20:15:00,6,0,1,0.63687885
2024-11-13 20:30:00,6,0,1,0.6571806
2024-11-13 20:45:00,6,0,1,0.6462166
2024-11-13 21:00:00,6,0,1,0.6514862
2024-11-13 21:15:00,6,0,1,0.6534744
2024-11-13 21:30:00,6,0,1,0.703254
2024-11-13 21:45:00,6,0,1,0.6859459
2024-11-13 22:00:00,6,0,1,0.65759134
2024-11-13 22:15:00,6,0,1,0.6370291
2024-11-13 22:30:00,6,0,1,0.63205093
2024-11-13 22:45:00,6,0,1,0.64629203
2024-11-13 23:00:00,6,0,1,0.57389814
2024-11-13 23:15:00,6,0,1,0.5448386
2024-11-13 23:30:00,6,0,1,0.5536451
2024-11-13 23:45:00,6,0,1,0.5860662
2024-11-14 00:15:00,6,0,1,0.55670494
2024-11-14 00:30:00,6,0,1,0.5455329
2024-11-14 00:45:00,6,0,1,0.5935748
2024-11-14 01:00:00,6,0,1,0.5571295
2024-11-14 01:15:00,6,0,1,0.52130455
2024-11-14 01:30:00,6,0,1,0.4151033
2024-11-14 01:45:00,6,0,1,0.39096618
2024-11-14 02:00:00,6,0,0,0.15964729
2024-11-14 02:15:00,6,0,0,0.15548928
2024-11-14 02:30:00,6,0,0,0.12555768
2024-11-14 02:45:00,6,0,0,0.08578713
2024-11-14 03:00:00,6,0,0,0.073787384
2024-11-14 03:15:00,6,0,0,0.064212635
2024-11-14 03:30:00,6,0,0,0.09226882
2024-11-14 03:45:00,6,0,0,0.10960016
2024-11-14 04:00:00,6,0,0,0.07636355
2024-11-14 04:15:00,6,0,0,0.05349349
2024-11-14 04:30:00,6,0,0,0.02331751
2024-11-14 04:45:00,6,0,0,0.013037582
2024-11-14 05:00:00,6,0,0,0.010397697
2024-11-14 05:15:00,6,0,0,0.010702332
2024-11-14 05:30:00,6,0,0,0.07232658
2024-11-14 05:45:00,6,0,0,0.06322045
2024-11-14 06:00:00,6,0,0,0.077175304
2024-11-14 06:15:00,6,0,0,0.053367287
2024-11-14 06:30:00,6,0,0,0.10988855
2024-11-14 06:45:00,6,0,0,0.28374112
2024-11-14 07:00:00,6,0,0,0.043733507
2024-11-14 07:15:00,6,0,0,0.004056828
2024-11-14 07:30:00,6,0,0,0.0014064364
2024-11-14 07:45:00,6,0,0,0.0014499534
2024-11-14 08:00:00,6,0,0,0.0014963291
2024-11-14 08:15:00,6,0,0,0.0014212083
2024-11-14 08:30:00,6,0,0,0.0015354926
2024-11-14 08:45:00,6,0,0,0.005323472
2024-11-14 09:00:00,6,0,0,0.011141266
2024-11-14 09:15:00,6,0,0,0.005131966
2024-11-14 09:30:00,6,0,0,0.005065674
2024-11-14 09:45:00,6,0,0,0.0014861149
2024-11-14 10:00:00,6,0,0,0.002657203
2024-11-14 10:15:00,6,0,0,0.006547364
2024-11-14 10:30:00,6,0,0,0.09530842
2024-11-14 10:45:00,6,0,0,0.013431797
2024-11-14 11:00:00,6,0,0,0.0019402704
2024-11-14 11:15:00,6,0,0,0.0016429643
2024-11-14 11:30:00,6,0,0,0.0015135605
2024-11-14 11:45:00,6,0,0,0.0010993292
2024-11-14 12:00:00,6,0,0,0.0013503006
2024-11-14 12:15:00,6,0,0,0.0011393061
2024-11-14 12:30:00,6,0,0,0.0012897351
2024-11-14 12:45:00,6,0,0,0.0010381297
2024-11-14 13:00:00,6,0,0,0.0011164456
2024-11-14 13:15:00,6,0,0,0.0013680031
2024-11-14 13:30:00,6,0,0,0.0013744176
2024-11-14 13:45:00,6,0,0,0.0014200167
2024-11-14 14:00:00,6,0,0,0.0022970755
2024-11-14 14:15:00,6,0,0,0.0027017086
2024-11-14 14:30:00,6,0,0,0.0024154747
2024-11-14 14:45:00,6,0,0,0.0051634843
2024-11-14 15:00:00,6,0,0,0.0067417207
2024-11-14 15:15:00,6,0,0,0.25734913
2024-11-14 15:30:00,6,0,0,0.28218663
2024-11-14 15:45:00,6,0,0,0.11005069
2024-11-14 16:00:00,6,0,0,0.10405239
2024-11-14 16:15:00,6,0,0,0.361982
2024-11-14 16:30:00,6,0,1,0.5351466
2024-11-14 16:45:00,6,0,1,0.53248703
2024-11-14 17:00:00,6,0,1,0.5991159
2024-11-14 17:15:00,6,0,1,0.61137605
2024-11-14 17:30:00,6,1,1,0.68438107
2024-11-14 17:45:00,6,0,1,0.65896606
2024-11-14 18:00:00,6,0,1,0.7075275
2024-11-14 18:15:00,6,1,1,0.7048305
2024-11-14 18:30:00,6,1,1,0.74538475
2024-11-14 18:45:00,6,1,1,0.74035484
2024-11-14 19:00:00,6,1,1,0.7438825
2024-11-14 19:15:00,6,1,1,0.75627655
2024-11-14 19:30:00,6,1,1,0.74743575
2024-11-14 19:45:00,6,1,1,0.7447483
2024-11-14 20:00:00,6,1,1,0.7417407
2024-11-14 20:15:00,6,1,1,0.75506914
2024-11-14 20:30:00,6,1,1,0.7601841
2024-11-14 20:45:00,6,1,1,0.75750095
2024-11-14 21:00:00,6,1,1,0.7644215
2024-11-14 21:15:00,6,1,1,0.76365125
2024-11-14 21:30:00,6,1,1,0.7639824
2024-11-14 21:45:00,6,1,1,0.7646052
2024-11-14 22:00:00,6,1,1,0.7644967
2024-11-14 22:15:00,6,1,1,0.7648012
2024-11-14 22:30:00,6,1,1,0.75505286
2024-11-14 22:45:00,6,1,1,0.76361257
2024-11-14 23:00:00,6,1,1,0.7559834
2024-11-14 23:15:00,6,1,1,0.7408002
2024-11-14 23:30:00,6,1,1,0.7397165
2024-11-14 23:45:00,6,1,1,0.7295738
2024-11-15 00:15:00,6,1,1,0.75775546
2024-11-15 00:30:00,6,1,1,0.724365
2024-11-15 00:45:00,6,1,1,0.7263042
2024-11-15 01:00:00,6,1,1,0.7351359
2024-11-15 01:15:00,6,1,1,0.74000245
2024-11-15 01:30:00,6,1,1,0.6880257
2024-11-15 01:45:00,6,1,1,0.6889442
2024-11-15 02:00:00,6,1,1,0.6966579
2024-11-15 02:15:00,6,1,1,0.6598208
2024-11-15 02:30:00,6,1,1,0.67276883
2024-11-15 02:45:00,6,1,1,0.6574777
2024-11-15 03:00:00,6,1,1,0.67952675
2024-11-15 03:15:00,6,1,1,0.6671188
2024-11-15 03:30:00,6,1,1,0.6529318
2024-11-15 03:45:00,6,1,1,0.627777
2024-11-15 04:00:00,6,1,1,0.5954533
2024-11-15 04:15:00,6,1,1,0.67773193
2024-11-15 04:30:00,6,1,1,0.75182414
2024-11-15 04:45:00,6,1,1,0.6655559
2024-11-15 05:00:00,6,1,1,0.69630736
2024-11-15 05:15:00,6,1,1,0.6564516
2024-11-15 05:30:00,6,1,1,0.64974695
2024-11-15 05:45:00,6,1,1,0.71716195
2024-11-15 06:00:00,6,1,1,0.6990379
2024-11-15 06:15:00,6,1,0,0.31095237
2024-11-15 06:30:00,6,0,0,0.0053465306
2024-11-15 06:45:00,6,0,0,0.005336981
2024-11-15 07:00:00,6,0,0,0.0021794834
2024-11-15 07:15:00,6,0,0,0.0017235255
2024-11-15 07:30:00,6,0,0,0.00325502
2024-11-15 09:00:00,6,0,0,0.0017650658
2024-11-15 09:15:00,6,0,0,0.0011292585
2024-11-15 09:30:00,6,0,0,0.0011104386
2024-11-15 09:45:00,6,0,0,0.0009728201
2024-11-15 10:00:00,6,0,0,0.0010342
2024-11-15 10:15:00,6,0,0,0.0011032681
2024-11-15 10:30:00,6,0,0,0.001315294
2024-11-15 10:45:00,6,0,0,0.0009545858
2024-11-15 11:00:00,6,0,0,0.0008599466
2024-11-15 11:15:00,6,0,0,0.021269325
2024-11-15 11:30:00,6,0,0,0.006646583
2024-11-15 11:45:00,6,0,0,0.0009684765
2024-11-15 12:00:00,6,0,0,0.00087537593
2024-11-15 12:15:00,6,0,0,0.0009731905
2024-11-15 12:30:00,6,0,0,0.00092964957
2024-11-15 12:45:00,6,0,0,0.0011633241
2024-11-15 13:00:00,6,0,0,0.003072014
2024-11-15 13:15:00,6,0,0,0.0013027014
2024-11-15 13:30:00,6,0,0,0.00323966
2024-11-15 13:45:00,6,0,0,0.0034105296
2024-11-15 14:00:00,6,0,0,0.0014292973
2024-11-15 14:15:00,6,0,0,0.0020859896
2024-11-15 14:30:00,6,0,0,0.0015200231
2024-11-15 14:45:00,6,0,0,0.0015146825
2024-11-15 15:00:00,6,0,0,0.0011596025
2024-11-15 15:15:00,6,0,0,0.0016363992
2024-11-15 15:30:00,6,0,0,0.0018065193
2024-11-15 15:45:00,6,0,0,0.0013476288
2024-11-15 16:00:00,6,0,0,0.001293288
2024-11-15 16:15:00,6,0,0,0.0011612661
2024-11-15 16:30:00,6,0,0,0.0010196425
2024-11-15 16:45:00,6,0,0,0.00093694247
2024-11-15 17:00:00,6,0,0,0.0009542897
2024-11-15 17:15:00,6,0,0,0.00094654755
2024-11-15 17:30:00,6,0,0,0.0010377992
2024-11-15 17:45:00,6,0,0,0.0016255637
2024-11-15 18:00:00,6,0,0,0.0022711032
2024-11-15 18:15:00,6,0,0,0.0023763545
2024-11-15 18:30:00,6,0,0,0.0034057845
2024-11-15 18:45:00,6,0,0,0.012334401
2024-11-15 19:00:00,6,0,0,0.0381776
2024-11-15 19:15:00,6,0,0,0.008018641
2024-11-15 19:30:00,6,0,0,0.0030356154
2024-11-15 19:45:00,6,0,0,0.09269098
2024-11-15 20:00:00,6,0,0,0.45765197
2024-11-15 20:15:00,6,0,0,0.2569891
2024-11-15 20:30:00,6,0,0,0.07964118
2024-11-15 20:45:00,6,0,0,0.0046438235
2024-11-15 21:00:00,6,0,0,0.002376234
2024-11-15 21:15:00,6,0,0,0.0016891299
2024-11-15 21:30:00,6,0,0,0.0027194442
2024-11-15 21:45:00,6,0,0,0.0012676279
2024-11-15 22:00:00,6,0,0,0.0012054379
2024-11-15 22:15:00,6,0,0,0.001234857
2024-11-15 22:30:00,6,0,0,0.001188446
2024-11-15 22:45:00,6,0,0,0.001163349
2024-11-15 23:00:00,6,0,0,0.0012293159
2024-11-15 23:15:00,6,0,0,0.0012938515
2024-11-15 23:30:00,6,0,0,0.0014768081
2024-11-15 23:45:00,6,0,0,0.0012998901
2024-11-16 00:15:00,6,0,0,0.0018358814
2024-11-16 00:30:00,6,0,0,0.0016967491
2024-11-16 00:45:00,6,0,0,0.0012754031
2024-11-16 01:00:00,6,0,0,0.0012887898
2024-11-16 01:15:00,6,0,0,0.0013620544
2024-11-16 01:30:00,6,0,0,0.001199093
2024-11-16 01:45:00,6,0,0,0.0023881728
2024-11-16 02:00:00,6,0,0,0.007201271
2024-11-16 02:15:00,6,0,0,0.0019871735
2024-11-16 02:30:00,6,0,0,0.004960972
2024-11-16 02:45:00,6,0,0,0.11950681
2024-11-16 03:00:00,6,0,0,0.20195895
2024-11-16 03:15:00,6,0,0,0.24307686
2024-11-16 03:30:00,6,0,0,0.012189127
2024-11-16 03:45:00,6,0,0,0.041290395
2024-11-16 04:00:00,6,0,0,0.12626725
2024-11-16 04:15:00,6,0,0,0.094961375
2024-11-16 04:30:00,6,0,0,0.003228923
2024-11-16 04:45:00,6,0,0,0.0014993811
2024-11-16 05:00:00,6,0,0,0.0010074077
2024-11-16 05:15:00,6,0,0,0.0023002494
2024-11-16 05:30:00,6,0,0,0.0036910323
2024-11-16 05:45:00,6,0,0,0.014013343
2024-11-16 06:00:00,6,0,0,0.04917994
2024-11-16 06:15:00,6,0,0,0.02108684
2024-11-16 06:30:00,6,0,0,0.00266881
2024-11-16 06:45:00,6,0,0,0.0015973536
2024-11-16 07:00:00,6,0,0,0.003534497
2024-11-16 07:15:00,6,0,0,0.0025834013
2024-11-16 07:30:00,6,0,0,0.0023206878
2024-11-16 07:45:00,6,0,0,0.0029784339
2024-11-16 08:00:00,6,0,0,0.0019878333
2024-11-16 08:15:00,6,0,0,0.0014692375
2024-11-16 08:30:00,6,0,0,0.00248239
2024-11-16 08:45:00,6,0,0,0.0057453816
2024-11-16 09:00:00,6,0,0,0.0027788794
2024-11-16 09:15:00,6,0,0,0.001925586
2024-11-16 09:30:00,6,0,0,0.0016663269
2024-11-16 09:45:00,6,0,0,0.0042200894
2024-11-16 10:00:00,6,0,0,0.006094638
2024-11-16 10:15:00,6,0,0,0.009917987
2024-11-16 10:30:00,6,0,0,0.008949351
2024-11-16 10:45:00,6,0,0,0.018121136
2024-11-16 11:00:00,6,0,0,0.0051052645
2024-11-16 11:15:00,6,0,0,0.0020542736
2024-11-16 11:30:00,6,0,0,0.001437346
2024-11-16 11:45:00,6,0,0,0.0014216361
2024-11-16 12:00:00,6,0,0,0.0013515813
2024-11-16 12:15:00,6,0,0,0.0012932078
2024-11-16 12:30:00,6,0,0,0.0013471467
2024-11-16 12:45:00,6,0,0,0.0013412558
2024-11-16 13:00:00,6,0,0,0.0013984147
2024-11-16 13:15:00,6,0,0,0.0015893399
2024-11-16 13:30:00,6,0,0,0.0014142295
2024-11-16 13:45:00,6,0,0,0.0018377755
2024-11-16 14:00:00,6,0,0,0.0017570335
2024-11-16 14:15:00,6,0,0,0.002072133
2024-11-16 14:30:00,6,0,0,0.0040055495
2024-11-16 14:45:00,6,0,0,0.004779459
2024-11-16 15:00:00,6,0,0,0.006221469
2024-11-16 15:15:00,6,0,0,0.0065057217
2024-11-16 15:30:00,6,0,0,0.0040340256
2024-11-16 15:45:00,6,0,0,0.005686558
2024-11-16 16:00:00,6,0,0,0.0058144624
2024-11-16 16:15:00,6,0,0,0.023104303
2024-11-16 16:30:00,6,0,0,0.04627392
2024-11-16 16:45:00,6,0,0,0.07295597
2024-11-16 17:00:00,6,0,0,0.05310415
2024-11-16 17:15:00,6,0,0,0.041834746
2024-11-16 17:30:00,6,0,0,0.06707363
2024-11-16 17:45:00,6,0,0,0.19627392
2024-11-16 18:00:00,6,0,0,0.16343178
2024-11-16 18:15:00,6,0,0,0.10046233
2024-11-16 18:30:00,6,0,0,0.10087639
2024-11-16 18:45:00,6,0,0,0.10015822
2024-11-16 19:00:00,6,0,0,0.064680316
2024-11-16 19:15:00,6,0,0,0.082662635
2024-11-16 19:30:00,6,0,0,0.045811966
2024-11-16 19:45:00,6,0,0,0.096535936
2024-11-16 20:00:00,6,0,0,0.1356132
2024-11-16 20:15:00,6,0,0,0.1242196
2024-11-16 20:30:00,6,0,0,0.036589894
2024-11-16 20:45:00,6,0,0,0.06614394
2024-11-16 21:00:00,6,0,0,0.28983366
2024-11-16 21:15:00,6,0,0,0.20728962
2024-11-16 21:30:00,6,0,0,0.11299695
2024-11-16 21:45:00,6,0,0,0.040251024
2024-11-16 22:00:00,6,0,0,0.023230135
2024-11-16 22:15:00,6,0,0,0.028459396
2024-11-16 22:30:00,6,0,0,0.07100575
2024-11-16 22:45:00,6,0,0,0.11566668
2024-11-16 23:00:00,6,0,0,0.10057279
2024-11-16 23:15:00,6,0,0,0.12590124
2024-11-16 23:30:00,6,0,0,0.16949016
2024-11-16 23:45:00,6,0,0,0.094270006
2024-11-17 00:15:00,6,0,0,0.26711744
2024-11-17 00:30:00,6,0,0,0.091635205
2024-11-17 00:45:00,6,0,0,0.03635547
2024-11-17 01:00:00,6,0,0,0.05544746
2024-11-17 01:15:00,6,0,0,0.10729116
2024-11-17 01:30:00,6,0,0,0.17835517
2024-11-17 01:45:00,6,0,0,0.3729204
2024-11-17 02:00:00,6,0,0,0.47524324
2024-11-17 02:15:00,6,0,1,0.51745903
2024-11-17 02:30:00,6,0,0,0.4586052
2024-11-17 02:45:00,6,0,0,0.40878886
2024-11-17 04:00:00,6,0,0,0.4611031
2024-11-17 04:15:00,6,0,1,0.5027583
2024-11-17 04:30:00,6,0,1,0.5439025
2024-11-17 04:45:00,6,1,0,0.45720783
2024-11-17 05:00:00,6,0,0,0.36147374
2024-11-17 05:15:00,6,1,0,0.3127226
2024-11-17 05:30:00,6,0,0,0.48478952
2024-11-17 05:45:00,6,0,0,0.26480296
2024-11-17 06:00:00,6,0,0,0.19067046
2024-11-17 06:15:00,6,0,0,0.36596337
2024-11-17 06:30:00,6,0,0,0.3350791
2024-11-17 06:45:00,6,0,0,0.26561344
2024-11-17 07:00:00,6,0,0,0.39656353
2024-11-17 07:15:00,6,0,0,0.4016679
2024-11-17 07:30:00,6,0,0,0.3256049
2024-11-17 07:45:00,6,0,0,0.34098566
2024-11-17 08:00:00,6,1,0,0.41853607
2024-11-17 08:15:00,6,0,0,0.3289281
2024-11-17 08:30:00,6,0,0,0.0537563
2024-11-17 08:45:00,6,0,0,0.16028215
2024-11-17 09:00:00,6,0,0,0.029672788
2024-11-17 09:15:00,6,0,0,0.011043051
2024-11-17 09:30:00,6,0,0,0.033151045
2024-11-17 09:45:00,6,0,0,0.08505388
2024-11-17 10:00:00,6,0,0,0.016517725
2024-11-17 10:15:00,6,0,0,0.011579434
2024-11-17 10:30:00,6,0,0,0.013198965
2024-11-17 10:45:00,6,0,0,0.011073878
2024-11-17 11:00:00,6,0,0,0.013547092
2024-11-17 11:15:00,6,0,0,0.02396336
2024-11-17 11:30:00,6,0,0,0.028251795
2024-11-17 11:45:00,6,0,0,0.02719759
2024-11-17 12:00:00,6,0,0,0.03496397
2024-11-17 12:15:00,6,0,0,0.021245224
2024-11-17 12:30:00,6,0,0,0.03166576
2024-11-17 12:45:00,6,0,0,0.016301952
2024-11-17 13:00:00,6,0,0,0.013360014
2024-11-17 13:15:00,6,0,0,0.012254659
2024-11-17 13:30:00,6,0,0,0.016562508
2024-11-17 13:45:00,6,0,0,0.028483056
2024-11-17 14:00:00,6,0,0,0.020891363
2024-11-17 14:15:00,6,0,0,0.0071155657
2024-11-17 14:30:00,6,0,0,0.006741139
2024-11-17 14:45:00,6,0,0,0.02256485
2024-11-17 15:00:00,6,0,0,0.028531998
2024-11-17 15:15:00,6,0,0,0.031742398
2024-11-17 15:30:00,6,0,0,0.05669418
2024-11-17 15:45:00,6,0,0,0.023285558
2024-11-17 16:00:00,6,0,0,0.054914594
2024-11-17 16:15:00,6,0,0,0.01752566
2024-11-17 16:30:00,6,0,0,0.010221278
2024-11-17 16:45:00,6,0,0,0.016459335
2024-11-17 17:00:00,6,0,0,0.011063
2024-11-17 17:15:00,6,0,0,0.0058021676
2024-11-17 17:30:00,6,0,0,0.0023266505
2024-11-17 17:45:00,6,0,0,0.02505064
2024-11-17 18:00:00,6,0,0,0.13681561
2024-11-17 18:15:00,6,0,0,0.2717636
2024-11-17 18:30:00,6,0,0,0.42014298
2024-11-17 18:45:00,6,0,0,0.46400508
2024-11-17 19:00:00,6,0,1,0.54411703
2024-11-17 19:15:00,6,0,1,0.59095657
2024-11-17 19:30:00,6,0,1,0.65419585
2024-11-17 19:45:00,6,0,1,0.6498387
2024-11-17 20:00:00,6,1,1,0.6289089
2024-11-17 20:15:00,6,1,1,0.7401025
2024-11-17 20:30:00,6,1,1,0.7577889
2024-11-17 20:45:00,6,1,1,0.71215445
2024-11-17 21:00:00,6,1,1,0.72949517
2024-11-17 21:15:00,6,0,1,0.6869383
2024-11-17 21:30:00,6,0,0,0.22042519
2024-11-17 21:45:00,6,0,0,0.13618542
2024-11-17 22:00:00,6,0,0,0.31320333
2024-11-17 22:15:00,6,0,0,0.041387428
2024-11-17 22:30:00,6,0,1,0.53552246
2024-11-17 22:45:00,6,0,1,0.6013776
2024-11-17 23:00:00,6,0,0,0.21809353
2024-11-17 23:15:00,6,0,0,0.06887324
2024-11-17 23:30:00,6,0,0,0.014978587
2024-11-17 23:45:00,6,0,0,0.3123583
2024-11-18 00:15:00,6,0,1,0.49134493
2024-11-18 00:30:00,6,0,1,0.59076774
2024-11-18 00:45:00,6,1,1,0.5847727
2024-11-18 01:00:00,6,0,1,0.5223597
2024-11-18 01:15:00,6,0,0,0.46094972
2024-11-18 01:30:00,6,1,0,0.46040913
2024-11-18 01:45:00,6,1,1,0.54301417
2024-11-18 02:00:00,6,1,1,0.5250784
2024-11-18 02:15:00,6,0,1,0.58103484
2024-11-18 02:30:00,6,0,1,0.537531
2024-11-18 02:45:00,6,0,1,0.5676603
2024-11-18 03:00:00,6,0,1,0.6152615
2024-11-18 03:15:00,6,0,1,0.6619956
2024-11-18 03:30:00,6,0,1,0.62928104
2024-11-18 03:45:00,6,0,1,0.6723053
2024-11-18 04:00:00,6,0,1,0.70593446
2024-11-18 04:15:00,6,0,1,0.687231
2024-11-18 04:30:00,6,0,1,0.6930679
2024-11-18 04:45:00,6,0,1,0.6831818
2024-11-18 05:00:00,6,0,1,0.6128817
2024-11-18 05:15:00,6,0,1,0.6605689
2024-11-18 05:30:00,6,0,1,0.6569886
2024-11-18 05:45:00,6,0,0,0.24017003
2024-11-18 06:00:00,6,0,1,0.5480688
2024-11-18 06:15:00,6,0,0,0.46511158
2024-11-18 06:30:00,6,0,0,0.06435787
2024-11-18 06:45:00,6,0,0,0.03514735
2024-11-18 07:00:00,6,0,0,0.010661061
2024-11-18 07:15:00,6,0,0,0.0030033928
2024-11-18 07:30:00,6,0,0,0.0024671843
2024-11-18 07:45:00,6,0,0,0.0038750386
2024-11-18 08:00:00,6,0,0,0.003010156
2024-11-18 08:15:00,6,0,0,0.008398416
2024-11-18 08:30:00,6,0,0,0.0035926208
2024-11-18 08:45:00,6,0,0,0.001904877
2024-11-18 09:00:00,6,0,0,0.0023927216
2024-11-18 09:15:00,6,0,0,0.0024312837
2024-11-18 09:30:00,6,0,0,0.0015016462
2024-11-18 09:45:00,6,0,0,0.00104042
2024-11-18 10:00:00,6,0,0,0.0010828015
2024-11-18 10:15:00,6,0,0,0.0011061492
2024-11-18 10:30:00,6,0,0,0.001383103
2024-11-18 10:45:00,6,0,0,0.001735483
2024-11-18 11:00:00,6,0,0,0.0015370236
2024-11-18 11:15:00,6,0,0,0.0014489467
2024-11-18 11:30:00,6,0,0,0.0017861795
2024-11-18 11:45:00,6,0,0,0.0011155072
2024-11-18 12:00:00,6,0,0,0.0010638412
2024-11-18 12:15:00,6,0,0,0.0013145873
2024-11-18 12:30:00,6,0,0,0.0014188125
2024-11-18 12:45:00,6,0,0,0.0026082213
2024-11-18 13:00:00,6,0,0,0.0012075354
2024-11-18 13:15:00,6,0,0,0.00097225275
2024-11-18 13:30:00,6,0,0,0.0017718547
2024-11-18 13:45:00,6,0,0,0.0013710579
2024-11-18 14:00:00,6,0,0,0.0012422942
2024-11-18 14:15:00,6,0,0,0.002144828
2024-11-18 14:30:00,6,0,0,0.0014685246
2024-11-18 14:45:00,6,0,0,0.0013810586
2024-11-18 15:00:00,6,0,0,0.0016326322
2024-11-18 15:15:00,6,0,0,0.0013281127
2024-11-18 15:30:00,6,0,0,0.0071823737
2024-11-18 15:45:00,6,0,0,0.0064069047
2024-11-18 16:00:00,6,0,0,0.0063218167
2024-11-18 16:15:00,6,0,0,0.0024318912
2024-11-18 16:30:00,6,0,0,0.002625245
2024-11-18 16:45:00,6,0,0,0.0026389628
2024-11-18 17:00:00,6,0,0,0.0017872256
2024-11-18 17:15:00,6,0,0,0.0019732828
2024-11-18 17:30:00,6,0,0,0.0015715498
2024-11-18 17:45:00,6,0,0,0.0015074931
2024-11-18 18:00:00,6,0,0,0.001588358
2024-11-18 18:15:00,6,0,0,0.0013820824
2024-11-18 18:30:00,6,0,0,0.0016160675
2024-11-18 18:45:00,6,0,0,0.0012702302
2024-11-18 19:00:00,6,0,0,0.0012581297
2024-11-18 19:15:00,6,0,0,0.0012145565
2024-11-18 19:30:00,6,0,0,0.0014283045
2024-11-18 19:45:00,6,0,0,0.00133853
2024-11-18 20:00:00,6,0,0,0.0012418453
2024-11-18 20:15:00,6,0,0,0.001101697
2024-11-18 20:30:00,6,0,0,0.0011151301
2024-11-18 20:45:00,6,0,0,0.0010312925
2024-11-18 21:00:00,6,0,0,0.0010470158
2024-11-18 21:15:00,6,0,0,0.0010677921
2024-11-18 21:30:00,6,0,0,0.0011942149
2024-11-18 21:45:00,6,0,0,0.0012368922
2024-11-18 22:00:00,6,0,0,0.0013197653
2024-11-18 22:15:00,6,0,0,0.0017854271
2024-11-18 22:30:00,6,0,0,0.0016883486
2024-11-18 22:45:00,6,0,0,0.0017668587
2024-11-18 23:00:00,6,0,0,0.0016208965
2024-11-18 23:15:00,6,0,0,0.0016340358
2024-11-18 23:30:00,6,0,0,0.001513777
2024-11-18 23:45:00,6,0,0,0.0013492918
2024-11-19 03:15:00,7,0,0,0.00053022045
2024-11-19 03:30:00,7,0,0,0.00065283966
2024-11-19 03:45:00,7,0,0,0.001324157
2024-11-19 04:00:00,7,0,0,0.0022896826
2024-11-19 04:15:00,7,0,0,0.0010649007
2024-11-19 04:30:00,7,0,0,0.0025905997
2024-11-19 04:45:00,7,0,0,0.008590206
2024-11-19 05:00:00,7,0,0,0.0058923317
2024-11-19 05:15:00,7,0,0,0.0018064704
2024-11-19 05:30:00,7,0,0,0.0007433183
2024-11-19 05:45:00,7,0,0,0.0020235968
2024-11-19 06:00:00,7,0,0,0.0009133692
2024-11-19 06:15:00,7,0,0,0.0011903846
2024-11-19 06:30:00,7,0,0,0.0012827542
2024-11-19 06:45:00,7,0,0,0.0012227795
2024-11-19 07:00:00,7,0,0,0.0005823942
2024-11-19 07:15:00,7,0,0,0.00047780835
2024-11-19 07:30:00,7,0,0,0.00043742434
2024-11-19 07:45:00,7,0,0,0.00045584465
2024-11-19 08:00:00,7,0,0,0.00046275018
2024-11-19 08:15:00,7,0,0,0.00043666209
2024-11-19 08:30:00,7,0,0,0.0012439913
2024-11-19 08:45:00,7,0,0,0.0024296585
2024-11-19 09:00:00,7,0,0,0.0018428548
2024-11-19 09:15:00,7,0,0,0.000749898
2024-11-19 09:30:00,7,0,0,0.0006196394
2024-11-19 09:45:00,7,0,0,0.0006260823
2024-11-19 10:00:00,7,0,0,0.00074243447
2024-11-19 10:15:00,7,0,0,0.00056349067
2024-11-19 10:30:00,7,0,0,0.0005002393
2024-11-19 10:45:00,7,0,0,0.00053053134
2024-11-19 11:00:00,7,0,0,0.00058911496
2024-11-19 11:15:00,7,0,0,0.000744767
2024-11-19 11:30:00,7,0,0,0.0008091345
2024-11-19 11:45:00,7,0,0,0.00052554
2024-11-19 12:00:00,7,0,0,0.0005074397
2024-11-19 12:15:00,7,0,0,0.0007193707
2024-11-19 12:30:00,7,0,0,0.00079578685
2024-11-19 12:45:00,7,0,0,0.0008135129
2024-11-19 13:00:00,7,0,0,0.0007394945
2024-11-19 13:15:00,7,0,0,0.00081370457
2024-11-19 13:30:00,7,0,0,0.001004348
2024-11-19 13:45:00,7,0,0,0.00063679577
2024-11-19 14:00:00,7,0,0,0.00065953855
2024-11-19 14:15:00,7,0,0,0.0005693602
2024-11-19 14:30:00,7,0,0,0.0004865977
2024-11-19 14:45:00,7,0,0,0.0010696072
2024-11-19 15:00:00,7,0,0,0.0033558244
2024-11-19 15:15:00,7,0,0,0.0017140459
2024-11-19 15:30:00,7,0,0,0.00080056814
2024-11-19 15:45:00,7,0,0,0.0012799699
2024-11-19 16:00:00,7,0,0,0.0009737022
2024-11-19 16:15:00,7,0,0,0.0010992708
2024-11-19 16:30:00,7,0,0,0.00093229685
2024-11-19 16:45:00,7,0,0,0.0007285935
2024-11-19 17:00:00,7,0,0,0.0026828449
2024-11-19 17:15:00,7,0,0,0.0027226198
2024-11-19 17:30:00,7,0,0,0.0010503572
2024-11-19 17:45:00,7,0,0,0.0034240016
2024-11-19 18:00:00,7,0,0,0.0045077675
2024-11-19 18:15:00,7,0,0,0.007222553
2024-11-19 18:30:00,7,0,0,0.030390156
2024-11-19 18:45:00,7,0,0,0.38053033
2024-11-19 19:00:00,7,0,0,0.15470773
2024-11-19 19:15:00,7,0,0,0.045092236
2024-11-19 19:30:00,7,0,0,0.027459113
2024-11-19 19:45:00,7,0,0,0.10656422
2024-11-19 20:00:00,7,0,0,0.08118129
2024-11-19 20:15:00,7,0,0,0.20782354
2024-11-19 20:30:00,7,0,0,0.25076705
2024-11-19 20:45:00,7,0,0,0.04049688
2024-11-19 21:00:00,7,0,0,0.010046364
2024-11-19 21:15:00,7,0,0,0.10002687
2024-11-19 21:30:00,7,0,0,0.07408819
2024-11-19 21:45:00,7,0,0,0.31823474
2024-11-19 22:00:00,7,0,0,0.092286915
2024-11-19 22:15:00,7,0,0,0.040860463
2024-11-19 22:30:00,7,0,0,0.014718106
2024-11-19 22:45:00,7,0,0,0.002842774
2024-11-19 23:00:00,7,0,0,0.006474455
2024-11-19 23:15:00,7,0,0,0.007155738
2024-11-19 23:30:00,7,0,0,0.004970865
2024-11-19 23:45:00,7,0,0,0.0020068248
2024-11-20 00:15:00,7,0,0,0.00079686276
2024-11-20 00:30:00,7,0,0,0.0012841317
2024-11-20 00:45:00,7,0,0,0.0010855031
2024-11-20 01:00:00,7,0,0,0.0008446593
2024-11-20 01:15:00,7,0,0,0.0009888522
2024-11-20 01:30:00,7,0,0,0.0017978689
2024-11-20 01:45:00,7,0,0,0.002017834
2024-11-20 02:00:00,7,0,0,0.07106221
2024-11-20 02:15:00,7,0,0,0.15356146
2024-11-20 02:30:00,7,0,0,0.015200012
2024-11-20 02:45:00,7,0,0,0.045433376
2024-11-20 03:00:00,7,0,0,0.012403662
2024-11-20 03:15:00,7,0,0,0.0042632553
2024-11-20 03:30:00,7,0,0,0.0036022586
2024-11-20 03:45:00,7,0,0,0.019098738
2024-11-20 04:00:00,7,0,0,0.120604716
2024-11-20 04:15:00,7,0,0,0.031097341
2024-11-20 04:30:00,7,0,0,0.032264985
2024-11-20 04:45:00,7,0,0,0.037615113
2024-11-20 05:00:00,7,0,0,0.0090145
2024-11-20 05:15:00,7,0,0,0.02210993
2024-11-20 05:30:00,7,0,0,0.015848216
2024-11-20 05:45:00,7,0,0,0.021455042
2024-11-20 06:00:00,7,0,0,0.015493019
2024-11-20 06:15:00,7,0,0,0.024868166
2024-11-20 06:30:00,7,0,0,0.05004414
2024-11-20 06:45:00,7,0,0,0.35813466
2024-11-20 07:00:00,7,0,0,0.06839553
2024-11-20 07:15:00,7,0,0,0.02407011
2024-11-20 07:30:00,7,0,0,0.015337786
2024-11-20 07:45:00,7,0,0,0.0076425634
2024-11-20 08:00:00,7,0,0,0.0030549713
2024-11-20 08:15:00,7,0,0,0.0021413171
2024-11-20 08:30:00,7,0,0,0.006088712
2024-11-20 08:45:00,7,0,0,0.0073220828
2024-11-20 09:00:00,7,0,0,0.0084757395
2024-11-20 09:15:00,7,0,0,0.018937482
2024-11-20 09:30:00,7,0,0,0.0065283896
2024-11-20 09:45:00,7,0,0,0.0031145113
2024-11-20 10:00:00,7,0,0,0.0041982546
2024-11-20 10:15:00,7,0,0,0.0053153904
2024-11-20 10:30:00,7,0,0,0.009183547
2024-11-20 10:45:00,7,0,0,0.011665477
2024-11-20 11:00:00,7,0,0,0.003550437
2024-11-20 11:15:00,7,0,0,0.005133747
2024-11-20 11:30:00,7,0,0,0.01252552
2024-11-20 11:45:00,7,0,0,0.036099844
2024-11-20 12:00:00,7,0,0,0.01365648
2024-11-20 12:15:00,7,0,0,0.00412974
2024-11-20 12:30:00,7,0,0,0.0017850051
2024-11-20 12:45:00,7,0,0,0.0021937701
2024-11-20 13:00:00,7,0,0,0.011817357
2024-11-20 13:15:00,7,0,0,0.014279306
2024-11-20 13:30:00,7,0,0,0.006210312
2024-11-20 13:45:00,7,0,0,0.0022638175
2024-11-20 14:00:00,7,0,0,0.0026115163
2024-11-20 14:15:00,7,0,0,0.002239184
2024-11-20 14:30:00,7,0,0,0.0026667146
2024-11-20 14:45:00,7,0,0,0.003888771
2024-11-20 15:00:00,7,0,0,0.002332777
2024-11-20 15:15:00,7,0,0,0.0042071347
2024-11-20 15:30:00,7,0,0,0.0015437591
2024-11-20 15:45:00,7,0,0,0.0012540485
2024-11-20 16:00:00,7,0,0,0.004225509
2024-11-20 16:15:00,7,0,0,0.0017985892
2024-11-20 16:30:00,7,0,0,0.0018516892
2024-11-20 16:45:00,7,0,0,0.0039761206
2024-11-20 17:00:00,7,0,0,0.026751189
2024-11-20 17:15:00,7,0,0,0.003279617
2024-11-20 17:30:00,7,1,0,0.0015887801
2024-11-20 17:45:00,7,0,0,0.005850043
2024-11-20 18:00:00,7,0,0,0.004321827
2024-11-20 18:15:00,7,0,0,0.0024188564
2024-11-20 18:30:00,7,0,0,0.003727454
2024-11-20 18:45:00,7,1,0,0.0067105214
2024-11-20 19:00:00,7,1,0,0.009105627
2024-11-20 19:15:00,7,0,0,0.005055186
2024-11-20 19:30:00,7,1,0,0.0038853514
2024-11-20 19:45:00,7,0,0,0.0032777106
2024-11-20 20:00:00,7,0,0,0.0036306183
2024-11-20 20:15:00,7,1,0,0.015139082
2024-11-20 20:30:00,7,1,0,0.38152888
2024-11-20 20:45:00,7,0,0,0.31288186
2024-11-20 21:00:00,7,1,0,0.4383421
2024-11-20 21:15:00,7,1,0,0.10592974
2024-11-20 21:30:00,7,1,0,0.013342691
2024-11-20 21:45:00,7,1,0,0.0029110212
2024-11-20 22:00:00,7,1,0,0.0018784576
2024-11-20 22:15:00,7,0,0,0.0014959471
2024-11-20 22:30:00,7,1,0,0.0018457352
2024-11-20 22:45:00,7,1,0,0.0017699201
2024-11-20 23:00:00,7,1,0,0.0012816525
2024-11-20 23:15:00,7,0,0,0.005151342
2024-11-20 23:30:00,7,0,0,0.115030736
2024-11-20 23:45:00,7,0,0,0.28975222
2024-11-21 00:15:00,7,1,0,0.23986875
2024-11-21 00:30:00,7,1,0,0.0029705307
2024-11-21 00:45:00,7,0,0,0.005038654
2024-11-21 01:00:00,7,0,0,0.0064638327
2024-11-21 01:15:00,7,0,0,0.0081737675
2024-11-21 01:30:00,7,0,0,0.01144198
2024-11-21 01:45:00,7,0,0,0.3393503
2024-11-21 02:00:00,7,0,1,0.51035476
2024-11-21 02:15:00,7,0,0,0.33841535
2024-11-21 02:30:00,7,0,1,0.5665788
2024-11-21 02:45:00,7,1,1,0.57329214
2024-11-21 03:00:00,7,0,1,0.62291616
2024-11-21 03:15:00,7,0,1,0.58453405
2024-11-21 03:30:00,7,0,0,0.49630344
2024-11-21 03:45:00,7,0,0,0.34702125
2024-11-21 04:00:00,7,0,1,0.68054867
2024-11-21 04:15:00,7,0,0,0.46427786
2024-11-21 04:30:00,7,0,0,0.44968113
2024-11-21 04:45:00,7,0,1,0.5271737
2024-11-21 05:00:00,7,0,0,0.3447626
2024-11-21 05:15:00,7,1,1,0.6788032
2024-11-21 05:30:00,7,0,1,0.6869359
2024-11-21 05:45:00,7,1,1,0.53753066
2024-11-21 06:00:00,7,1,1,0.52106315
2024-11-21 06:15:00,7,1,1,0.5688479
2024-11-21 06:30:00,7,1,1,0.6017133
2024-11-21 06:45:00,7,1,1,0.6067958
2024-11-21 07:00:00,7,1,1,0.8609001
2024-11-21 07:15:00,7,1,1,0.8036082
2024-11-21 07:30:00,7,1,1,0.73834616
2024-11-21 07:45:00,7,1,0,0.47865877
2024-11-21 08:00:00,7,1,1,0.8283258
2024-11-21 08:15:00,7,1,1,0.8570753
2024-11-21 08:30:00,7,1,1,0.87677526
2024-11-21 08:45:00,7,1,1,0.886022
2024-11-21 09:00:00,7,1,1,0.8352892
2024-11-21 09:15:00,7,1,1,0.7706699
2024-11-21 09:30:00,7,1,1,0.7692458
2024-11-21 09:45:00,7,1,1,0.7948584
2024-11-21 10:00:00,7,0,1,0.7927721
2024-11-21 10:15:00,7,0,1,0.62625927
2024-11-21 10:30:00,7,0,0,0.4889344
2024-11-21 10:45:00,7,0,0,0.19915806
2024-11-21 11:00:00,7,0,0,0.043796588
2024-11-21 11:15:00,7,0,0,0.20017122
2024-11-21 11:30:00,7,0,0,0.10577273
2024-11-21 11:45:00,7,0,0,0.41043714
2024-11-21 12:00:00,7,0,0,0.12010126
2024-11-21 12:15:00,7,0,0,0.14904444
2024-11-21 12:30:00,7,0,0,0.16238792
2024-11-21 12:45:00,7,0,0,0.16835517
2024-11-21 13:00:00,7,0,0,0.020470427
2024-11-21 13:15:00,7,0,0,0.33015144
2024-11-21 13:30:00,7,0,0,0.0136837065
2024-11-21 13:45:00,7,0,0,0.07410612
2024-11-21 14:00:00,7,0,0,0.10656512
2024-11-21 14:15:00,7,0,0,0.19017826
2024-11-21 14:30:00,7,0,0,0.018838586
2024-11-21 14:45:00,7,0,0,0.108801275
2024-11-21 15:00:00,7,1,0,0.25554538
2024-11-21 15:15:00,7,1,0,0.079030514
2024-11-21 15:30:00,7,1,0,0.030155413
2024-11-21 15:45:00,7,1,0,0.06517409
2024-11-21 16:00:00,7,1,0,0.14490679
2024-11-21 16:15:00,7,1,0,0.270981
2024-11-21 16:30:00,7,1,0,0.16339016
2024-11-21 16:45:00,7,1,0,0.029868739
2024-11-21 17:00:00,7,0,0,0.08237249
2024-11-21 17:15:00,7,0,0,0.0568464
2024-11-21 17:30:00,7,0,0,0.043527342
2024-11-21 17:45:00,7,0,0,0.18486968
2024-11-21 18:00:00,7,0,0,0.15669948
2024-11-21 18:15:00,7,0,0,0.3556421
2024-11-21 18:30:00,7,0,0,0.43237945
2024-11-21 18:45:00,7,0,0,0.37494898
2024-11-21 19:00:00,7,0,0,0.35900593
2024-11-21 19:15:00,7,0,0,0.37112787
2024-11-21 19:30:00,7,0,0,0.20195834
2024-11-21 19:45:00,7,0,0,0.03458264
2024-11-21 20:00:00,7,0,0,0.010699914
2024-11-21 20:15:00,7,0,0,0.0046457527
2024-11-21 20:30:00,7,0,0,0.01269552
2024-11-21 20:45:00,7,0,0,0.03172788
2024-11-21 21:00:00,7,0,0,0.011360782
2024-11-21 21:15:00,7,0,0,0.14806336
2024-11-21 21:30:00,7,0,0,0.019265633
2024-11-21 21:45:00,7,0,0,0.023597682
2024-11-21 22:00:00,7,0,0,0.32096234
2024-11-21 22:15:00,7,0,0,0.051860757
2024-11-21 22:30:00,7,0,0,0.0030096683
2024-11-21 22:45:00,7,0,0,0.0016259126
2024-11-21 23:00:00,7,0,0,0.0046419282
2024-11-21 23:15:00,7,0,0,0.0058064573
2024-11-21 23:30:00,7,0,0,0.01703603
2024-11-21 23:45:00,7,0,0,0.23710077
2024-11-22 00:15:00,7,0,0,0.042487428
2024-11-22 00:30:00,7,0,0,0.024680011
2024-11-22 00:45:00,7,0,0,0.00424163
2024-11-22 01:00:00,7,0,0,0.005845165
2024-11-22 01:15:00,7,0,0,0.003594976
2024-11-22 01:30:00,7,0,0,0.0026718387
2024-11-22 01:45:00,7,0,0,0.0029191016
2024-11-22 02:00:00,7,0,0,0.0023689512
2024-11-22 02:15:00,7,0,0,0.003181521
2024-11-22 02:30:00,7,0,0,0.005041497
2024-11-22 02:45:00,7,0,0,0.041929804
2024-11-22 03:00:00,7,0,0,0.020499019
2024-11-22 03:15:00,7,0,0,0.08660241
2024-11-22 03:30:00,7,0,0,0.0152349705
2024-11-22 03:45:00,7,0,0,0.004840271
2024-11-22 04:00:00,7,0,0,0.005286245
2024-11-22 04:15:00,7,0,0,0.0027542484
2024-11-22 04:30:00,7,0,0,0.0032930241
2024-11-22 04:45:00,7,0,0,0.0058073304
2024-11-22 05:00:00,7,0,0,0.008910145
2024-11-22 05:15:00,7,0,0,0.004256456
2024-11-22 05:30:00,7,0,0,0.004945409
2024-11-22 05:45:00,7,0,0,0.007704304
2024-11-22 06:00:00,7,0,0,0.0062519023
2024-11-22 06:15:00,7,0,0,0.0072018886
2024-11-22 06:30:00,7,0,0,0.0039560166
2024-11-22 06:45:00,7,0,0,0.052584246
2024-11-22 07:00:00,7,0,0,0.0059211007
2024-11-22 07:15:00,7,0,0,0.017370945
2024-11-22 07:30:00,7,0,0,0.027927147
2024-11-22 07:45:00,7,0,0,0.32695517
2024-11-22 08:00:00,7,0,0,0.16063729
2024-11-22 08:15:00,7,0,0,0.044641085
2024-11-22 08:30:00,7,0,0,0.13104558
2024-11-22 08:45:00,7,0,0,0.032135744
2024-11-22 09:00:00,7,0,0,0.0864204
2024-11-22 09:15:00,7,0,0,0.02029673
2024-11-22 09:30:00,7,0,0,0.26445
2024-11-22 09:45:00,7,0,0,0.039973482
2024-11-22 10:00:00,7,0,0,0.10226664
2024-11-22 10:15:00,7,0,0,0.033496585
2024-11-22 10:30:00,7,0,0,0.026381912
2024-11-22 10:45:00,7,0,0,0.00515664
2024-11-22 11:00:00,7,0,0,0.008164105
2024-11-22 11:15:00,7,0,0,0.021023229
2024-11-22 11:30:00,7,0,0,0.0050200406
2024-11-22 11:45:00,7,0,0,0.01473535
2024-11-22 12:00:00,7,0,0,0.096925825
2024-11-22 12:15:00,7,0,0,0.29910767
2024-11-22 12:30:00,7,0,0,0.320229
2024-11-22 12:45:00,7,0,0,0.37176025
2024-11-22 13:00:00,7,0,0,0.068475164
2024-11-22 13:15:00,7,0,0,0.0064937407
2024-11-22 13:30:00,7,0,0,0.0056945668
2024-11-22 13:45:00,7,0,0,0.01394377
2024-11-22 14:00:00,7,0,0,0.06998245
2024-11-22 14:15:00,7,0,0,0.028365243
2024-11-22 14:30:00,7,0,0,0.027438084
2024-11-22 14:45:00,7,0,0,0.106106676
2024-11-22 15:00:00,7,0,0,0.39194778
2024-11-22 15:15:00,7,0,0,0.27674937
2024-11-22 15:30:00,7,0,0,0.0306762
2024-11-22 15:45:00,7,0,0,0.030275336
2024-11-22 16:00:00,7,0,0,0.44714937
2024-11-22 16:15:00,7,0,0,0.38875595
2024-11-22 16:30:00,7,0,0,0.44470644
2024-11-22 16:45:00,7,0,0,0.4487621
2024-11-22 17:00:00,7,0,0,0.49200213
2024-11-22 17:15:00,7,0,1,0.50045156
2024-11-22 17:30:00,7,0,0,0.34665057
2024-11-22 17:45:00,7,0,0,0.22536571
2024-11-22 18:00:00,7,0,0,0.38710123
2024-11-22 18:15:00,7,0,0,0.28612867
2024-11-22 18:30:00,7,0,0,0.13853082
2024-11-22 18:45:00,7,0,0,0.0063986233
2024-11-22 19:00:00,7,0,0,0.42036104
2024-11-22 19:15:00,7,0,0,0.3423853
2024-11-22 19:30:00,7,0,0,0.14162245
2024-11-22 19:45:00,7,0,0,0.044098005
2024-11-22 20:00:00,7,0,0,0.017994786
2024-11-22 20:15:00,7,0,0,0.017186675
2024-11-22 20:30:00,7,0,0,0.001886234
2024-11-22 20:45:00,7,0,0,0.00083799846
2024-11-22 21:00:00,7,0,0,0.00077355024
2024-11-22 21:15:00,7,0,0,0.36031562
2024-11-22 21:30:00,7,0,0,0.24039215
2024-11-22 21:45:00,7,0,0,0.028769093
2024-11-22 22:00:00,7,0,0,0.10718894
2024-11-22 22:15:00,7,0,0,0.06692345
2024-11-22 22:30:00,7,0,0,0.1730835
2024-11-22 22:45:00,7,0,0,0.121670075
2024-11-22 23:00:00,7,0,0,0.24187319
2024-11-22 23:15:00,7,0,0,0.14051187
2024-11-22 23:30:00,7,0,0,0.3865814
2024-11-22 23:45:00,7,0,0,0.0053167446
2024-11-23 00:15:00,7,0,0,0.0011846919
2024-11-23 00:30:00,7,0,0,0.0044666785
2024-11-23 00:45:00,7,0,0,0.126305
2024-11-23 01:00:00,7,0,0,0.055747285
2024-11-23 01:15:00,7,0,0,0.2321361
2024-11-23 01:30:00,7,0,0,0.24415295
2024-11-23 01:45:00,7,0,1,0.517337
2024-11-23 02:00:00,7,0,1,0.6044961
2024-11-23 02:15:00,7,0,1,0.53681856
2024-11-23 02:30:00,7,0,1,0.44792086
2024-11-23 02:45:00,7,0,1,0.6701389
2024-11-23 03:00:00,7,0,0,0.40775037
2024-11-23 03:15:00,7,0,0,0.44858783
2024-11-23 03:30:00,7,0,0,0.017538488
2024-11-23 03:45:00,7,0,0,0.0023739287
2024-11-23 04:00:00,7,0,0,0.00078889134
2024-11-23 04:15:00,7,0,0,0.00047619623
2024-11-23 04:30:00,7,0,0,0.0004364293
2024-11-23 04:45:00,7,0,0,0.00048629625
2024-11-23 05:00:00,7,0,0,0.00038089475
2024-11-23 05:15:00,7,0,0,0.00042862518
2024-11-23 05:30:00,7,0,0,0.0004941954
2024-11-23 05:45:00,7,0,0,0.00047013376
2024-11-23 06:00:00,7,0,0,0.0004652902
2024-11-23 06:15:00,7,0,0,0.00067893794
2024-11-23 06:30:00,7,0,0,0.0007987759
2024-11-23 06:45:00,7,0,0,0.0005248959
2024-11-23 07:00:00,7,0,0,0.0004950557
2024-11-23 07:15:00,7,0,0,0.00045619538
2024-11-23 07:30:00,7,0,0,0.00062011107
2024-11-23 07:45:00,7,0,0,0.00083507627
2024-11-23 08:00:00,7,0,0,0.0009003642
2024-11-23 08:15:00,7,0,0,0.0009969777
2024-11-23 08:30:00,7,0,0,0.00094189035
2024-11-23 08:45:00,7,0,0,0.000643299
2024-11-23 09:00:00,7,0,0,0.0005209816
2024-11-23 09:15:00,7,0,0,0.00050196063
2024-11-23 09:30:00,7,0,0,0.00042796173
2024-11-23 09:45:00,7,0,0,0.000585939
2024-11-23 10:00:00,7,0,0,0.00047490787
2024-11-23 10:15:00,7,0,0,0.00046744736
2024-11-23 10:30:00,7,0,0,0.0005887914
2024-11-23 10:45:00,7,0,0,0.00064167526
2024-11-23 11:00:00,7,0,0,0.00067160797
2024-11-23 11:15:00,7,0,0,0.00052952487
2024-11-23 11:30:00,7,0,0,0.0005512982
2024-11-23 11:45:00,7,0,0,0.000574737
2024-11-23 12:00:00,7,0,0,0.00060381956
2024-11-23 12:15:00,7,0,0,0.0005308491
2024-11-23 12:30:00,7,0,0,0.0005146505
2024-11-23 12:45:00,7,0,0,0.000564428
2024-11-23 13:00:00,7,0,0,0.0005954997
2024-11-23 13:15:00,7,0,0,0.0005245726
2024-11-23 13:30:00,7,0,0,0.0006138605
2024-11-23 13:45:00,7,0,0,0.0006168067
2024-11-23 14:00:00,7,0,0,0.0005825859
2024-11-23 14:15:00,7,0,0,0.0006084785
2024-11-23 14:30:00,7,0,0,0.00071726897
2024-11-23 14:45:00,7,0,0,0.00075147126
2024-11-23 15:00:00,7,0,0,0.0008324848
2024-11-23 15:15:00,7,0,0,0.00078825484
2024-11-23 15:30:00,7,0,0,0.0007744508
2024-11-23 15:45:00,7,0,0,0.0007509139
2024-11-23 16:00:00,7,0,0,0.0006523418
2024-11-23 16:15:00,7,0,0,0.0006507533
2024-11-23 16:30:00,7,0,0,0.00065934024
2024-11-23 16:45:00,7,0,0,0.0006215503
2024-11-23 17:00:00,7,0,0,0.0006402108
2024-11-23 17:15:00,7,0,0,0.00062971807
2024-11-23 17:30:00,7,0,0,0.00061619905
2024-11-23 17:45:00,7,0,0,0.00065611576
2024-11-23 18:00:00,7,0,0,0.0006849082
2024-11-23 18:15:00,7,0,0,0.00070954766
2024-11-23 18:30:00,7,0,0,0.00067098904
2024-11-23 18:45:00,7,0,0,0.00068353186
2024-11-23 19:00:00,7,0,0,0.00061873486
2024-11-23 19:15:00,7,0,0,0.0005802609
2024-11-23 19:30:00,7,0,0,0.00067960314
2024-11-23 19:45:00,7,0,0,0.0006753706
2024-11-23 20:00:00,7,0,0,0.0008421156
2024-11-23 20:15:00,7,0,0,0.00076979515
2024-11-23 20:30:00,7,0,0,0.00070465606
2024-11-23 20:45:00,7,0,0,0.0006620875
2024-11-23 21:00:00,7,0,0,0.0006030983
2024-11-23 21:15:00,7,0,0,0.00065539195
2024-11-23 21:30:00,7,0,0,0.0006768581
2024-11-23 21:45:00,7,0,0,0.00056481553
2024-11-23 22:00:00,7,0,0,0.0006135287
2024-11-23 22:15:00,7,0,0,0.00059017394
2024-11-23 22:30:00,7,0,0,0.0005619079
2024-11-23 22:45:00,7,0,0,0.0006057673
2024-11-23 23:00:00,7,0,0,0.0004928242
2024-11-23 23:15:00,7,0,0,0.0005032292
2024-11-23 23:30:00,7,0,0,0.0005534923
2024-11-23 23:45:00,7,0,0,0.00056462915
2024-11-24 00:15:00,7,0,0,0.0005452754
2024-11-24 00:30:00,7,0,0,0.0005351538
2024-11-24 00:45:00,7,0,0,0.0005634906
2024-11-24 02:00:00,7,0,0,0.0005804033
2024-11-24 02:15:00,7,0,0,0.00060832355
2024-11-24 02:30:00,7,0,0,0.0005978168
2024-11-24 02:45:00,7,0,0,0.00064144115
2024-11-24 03:00:00,7,0,0,0.0006312013
2024-11-24 03:15:00,7,0,0,0.00061134674
2024-11-24 03:30:00,7,0,0,0.00058047404
2024-11-24 03:45:00,7,0,0,0.00056865264
2024-11-24 04:00:00,7,0,0,0.0006405012
2024-11-24 04:15:00,7,0,0,0.0006074632
2024-11-24 04:30:00,7,0,0,0.0006565329
2024-11-24 04:45:00,7,0,0,0.000620516
2024-11-24 05:00:00,7,0,0,0.00056953024
2024-11-24 05:15:00,7,0,0,0.00062847
2024-11-24 05:30:00,7,0,0,0.00064855226
2024-11-24 05:45:00,7,0,0,0.0006481997
2024-11-24 06:00:00,7,0,0,0.0006082127
2024-11-24 06:15:00,7,0,0,0.0005983351
2024-11-24 06:30:00,7,0,0,0.0006569966
2024-11-24 06:45:00,7,0,0,0.0005241336
2024-11-24 07:00:00,7,0,0,0.0005409265
2024-11-24 07:15:00,7,0,0,0.0006582064
2024-11-24 07:30:00,7,0,0,0.0006134635
2024-11-24 07:45:00,7,0,0,0.0005680344
2024-11-24 08:00:00,7,0,0,0.0005874615
2024-11-24 08:15:00,7,0,0,0.0005552702
2024-11-24 08:30:00,7,0,0,0.0006898452
2024-11-24 08:45:00,7,0,0,0.0006257127
2024-11-24 09:00:00,7,0,0,0.0005965771
2024-11-24 09:15:00,7,0,0,0.0005883797
2024-11-24 09:30:00,7,0,0,0.0005177329
2024-11-24 09:45:00,7,0,0,0.00054876896
2024-11-24 10:00:00,7,0,0,0.00051866827
2024-11-24 10:15:00,7,0,0,0.0005275859
2024-11-24 10:30:00,7,0,0,0.0006775885
2024-11-24 10:45:00,7,0,0,0.0005699816
2024-11-24 11:00:00,7,0,0,0.00051561504
2024-11-24 11:15:00,7,0,0,0.00060180144
2024-11-24 11:30:00,7,0,0,0.00070061587
2024-11-24 11:45:00,7,0,0,0.0007926101
2024-11-24 12:00:00,7,0,0,0.0007160504
2024-11-24 12:15:00,7,0,0,0.006120063
2024-11-24 12:30:00,7,0,0,0.03830193
2024-11-24 12:45:00,7,0,0,0.0012249886
2024-11-24 13:00:00,7,0,0,0.00063389813
2024-11-24 13:15:00,7,0,0,0.00065921433
2024-11-24 13:30:00,7,0,0,0.0005167181
2024-11-24 13:45:00,7,0,0,0.0007340219
2024-11-24 14:00:00,7,0,0,0.00096330355
2024-11-24 14:15:00,7,0,0,0.0008788095
2024-11-24 14:30:00,7,0,0,0.0010585089
2024-11-24 14:45:00,7,0,0,0.0010078681
2024-11-24 15:00:00,7,0,0,0.000724044
2024-11-24 15:15:00,7,0,0,0.0006498371
2024-11-24 15:30:00,7,0,0,0.00062817254
2024-11-24 15:45:00,7,0,0,0.00085862185
2024-11-24 16:00:00,7,0,0,0.0011291459
2024-11-24 16:15:00,7,0,0,0.00087391643
2024-11-24 16:30:00,7,0,0,0.0008002851
2024-11-24 16:45:00,7,0,0,0.0006439077
2024-11-24 17:00:00,7,0,0,0.0007862635
2024-11-24 17:15:00,7,0,0,0.001394527
2024-11-24 17:30:00,7,0,0,0.0010923491
2024-11-24 17:45:00,7,0,0,0.0012506647
2024-11-24 18:00:00,7,0,0,0.0010544875
2024-11-24 18:15:00,7,0,0,0.000670379
2024-11-24 18:30:00,7,0,0,0.00086874753
2024-11-24 18:45:00,7,0,0,0.0006584548
2024-11-24 19:00:00,7,0,0,0.00087488815
2024-11-24 19:15:00,7,0,0,0.00088144536
2024-11-24 19:30:00,7,0,0,0.0007842554
2024-11-24 19:45:00,7,0,0,0.0010402325
2024-11-24 20:00:00,7,0,0,0.0010731927
2024-11-24 20:15:00,7,0,0,0.0009153136
2024-11-24 20:30:00,7,0,0,0.0008470061
2024-11-24 20:45:00,7,0,0,0.0007346535
2024-11-24 21:00:00,7,0,0,0.0006205989
2024-11-24 21:15:00,7,0,0,0.0005817087
2024-11-24 21:30:00,7,0,0,0.0005152262
2024-11-24 21:45:00,7,0,0,0.0005603679
2024-11-24 22:00:00,7,0,0,0.0006254766
2024-11-24 22:15:00,7,0,0,0.00054232735
2024-11-24 22:30:00,7,0,0,0.0005541873
2024-11-24 22:45:00,7,0,0,0.0005593546
2024-11-24 23:00:00,7,0,0,0.0006189445
2024-11-24 23:15:00,7,0,0,0.0006580993
2024-11-24 23:30:00,7,0,0,0.0006495653
2024-11-24 23:45:00,7,0,0,0.00069466344
2024-11-25 00:15:00,7,0,0,0.00058337254
2024-11-25 00:30:00,7,0,0,0.00054345233
2024-11-25 00:45:00,7,0,0,0.0005567335
2024-11-25 01:00:00,7,0,0,0.000580078
2024-11-25 01:15:00,7,0,0,0.0006373013
2024-11-25 01:30:00,7,0,0,0.0006079027
2024-11-25 01:45:00,7,0,0,0.00059419207
2024-11-25 02:00:00,7,0,0,0.0005098929
2024-11-25 02:15:00,7,0,0,0.0005949151
2024-11-25 02:30:00,7,0,0,0.0005762938
2024-11-25 02:45:00,7,0,0,0.00060049654
2024-11-25 03:00:00,7,0,0,0.0006091683
2024-11-25 03:15:00,7,0,0,0.0006260461
2024-11-25 03:30:00,7,0,0,0.00086305675
2024-11-25 03:45:00,7,0,0,0.0009182123
2024-11-25 04:00:00,7,0,0,0.00052782294
2024-11-25 04:15:00,7,0,0,0.0005082836
2024-11-25 04:30:00,7,0,0,0.00051668216
2024-11-25 04:45:00,7,0,0,0.00055387424
2024-11-25 05:00:00,7,0,0,0.00063321856
2024-11-25 05:15:00,7,0,0,0.00095807976
2024-11-25 05:30:00,7,0,0,0.00090935326
2024-11-25 05:45:00,7,0,0,0.00089881395
2024-11-25 06:00:00,7,0,0,0.0006411772
2024-11-25 06:15:00,7,0,0,0.0007699866
2024-11-25 06:30:00,7,0,0,0.010917106
2024-11-25 06:45:00,7,0,0,0.011882272
2024-11-25 07:00:00,7,0,0,0.0010064992
2024-11-25 07:15:00,7,0,0,0.0008837202
2024-11-25 07:30:00,7,0,0,0.000985354
2024-11-25 07:45:00,7,0,0,0.0014369012
2024-11-25 08:00:00,7,0,0,0.0008107563
2024-11-25 08:15:00,7,0,0,0.00050362997
2024-11-25 08:30:00,7,0,0,0.0011782763
2024-11-25 08:45:00,7,0,0,0.001214616
2024-11-25 09:00:00,7,0,0,0.0005402156
2024-11-25 09:15:00,7,0,0,0.0005173115
2024-11-25 09:30:00,7,0,0,0.0005637488
2024-11-25 09:45:00,7,0,0,0.10565372
2024-11-25 10:00:00,7,0,0,0.0013696816
2024-11-25 10:15:00,7,0,0,0.0006312312
2024-11-25 10:30:00,7,0,0,0.0006432241
2024-11-25 10:45:00,7,0,0,0.00055207754
2024-11-25 11:00:00,7,0,0,0.0006800212
2024-11-25 11:15:00,7,0,0,0.0007873905
2024-11-25 11:30:00,7,0,0,0.0008412962
2024-11-25 11:45:00,7,0,0,0.00080210314
2024-11-25 12:00:00,7,0,0,0.0008016197
2024-11-25 12:15:00,7,0,0,0.00070199557
2024-11-25 12:30:00,7,0,0,0.0009210148
2024-11-25 12:45:00,7,0,0,0.0006709799
2024-11-25 13:00:00,7,0,0,0.00067417294
2024-11-25 13:15:00,7,0,0,0.0007833143
2024-11-25 13:30:00,7,0,0,0.0007434714
2024-11-25 13:45:00,7,0,0,0.0008232321
2024-11-25 14:00:00,7,0,0,0.00077641633
2024-11-25 14:15:00,7,0,0,0.0006174395
2024-11-25 14:30:00,7,0,0,0.00059148844
2024-11-25 14:45:00,7,0,0,0.0008180302
2024-11-25 15:00:00,7,0,0,0.0009110068
2024-11-25 15:15:00,7,0,0,0.001122778
2024-11-25 15:30:00,7,0,0,0.0009597629
2024-11-25 15:45:00,7,0,0,0.0007316176
2024-11-25 16:00:00,7,0,0,0.00080647785
2024-11-25 16:15:00,7,0,0,0.00081722887
2024-11-25 16:30:00,7,0,0,0.0008804504
2024-11-25 16:45:00,7,0,0,0.00089678465
2024-11-25 17:00:00,7,0,0,0.00094780046
2024-11-25 17:15:00,7,0,0,0.0011797904
2024-11-25 17:30:00,7,0,0,0.0022862563
2024-11-25 17:45:00,7,0,0,0.057755377
2024-11-25 18:00:00,7,0,0,0.044020552
2024-11-25 18:15:00,7,0,0,0.00096731895
2024-11-25 18:30:00,7,0,0,0.00045318948
2024-11-25 18:45:00,7,0,0,0.0006714587
2024-11-25 19:00:00,7,0,0,0.0010051758
2024-11-25 19:15:00,7,0,0,0.0016417009
2024-11-25 19:30:00,7,0,0,0.0010251933
2024-11-25 19:45:00,7,0,0,0.0007367388
2024-11-25 20:00:00,7,0,0,0.00056500157
2024-11-25 20:15:00,7,0,0,0.0006595522
2024-11-25 20:30:00,7,0,0,0.00062712916
2024-11-25 20:45:00,7,0,0,0.0006806501
2024-11-25 21:00:00,7,0,0,0.00075261807
2024-11-25 21:15:00,7,0,0,0.0009251777
2024-11-25 21:30:00,7,0,0,0.0009171577
2024-11-25 21:45:00,7,0,0,0.00077134604
2024-11-25 22:00:00,7,0,0,0.0007288228
2024-11-25 22:15:00,7,0,0,0.000775555
2024-11-25 22:30:00,7,0,0,0.000911553
2024-11-25 22:45:00,7,0,0,0.00082749367
2024-11-25 23:00:00,7,0,0,0.0010364399
2024-11-25 23:15:00,7,0,0,0.0009961255
2024-11-25 23:30:00,7,0,0,0.0010575056
2024-11-25 23:45:00,7,0,0,0.0011845443
2024-11-26 02:00:00,8,0,0,0.033670314
2024-11-26 02:15:00,8,0,0,0.031197952
2024-11-26 02:30:00,8,0,0,0.067502625
2024-11-26 02:45:00,8,0,0,0.12973857
2024-11-26 03:00:00,8,0,0,0.1134433
2024-11-26 03:15:00,8,0,0,0.10854296
2024-11-26 03:30:00,8,0,0,0.14709406
2024-11-26 03:45:00,8,0,0,0.1917752
2024-11-26 04:00:00,8,0,0,0.31571162
2024-11-26 04:15:00,8,0,0,0.3631844
2024-11-26 04:30:00,8,0,0,0.37291065
2024-11-26 04:45:00,8,0,0,0.45878586
2024-11-26 05:00:00,8,0,0,0.46047315
2024-11-26 05:15:00,8,0,1,0.49519733
2024-11-26 05:30:00,8,0,1,0.50363064
2024-11-26 05:45:00,8,0,1,0.52823037
2024-11-26 06:00:00,8,0,0,0.46825704
2024-11-26 06:15:00,8,0,0,0.40192476
2024-11-26 06:30:00,8,0,0,0.42211005
2024-11-26 06:45:00,8,0,0,0.27939624
2024-11-26 07:00:00,8,0,1,0.51858383
2024-11-26 07:15:00,8,0,1,0.56016517
2024-11-26 07:30:00,8,0,1,0.53501654
2024-11-26 07:45:00,8,0,1,0.54644567
2024-11-26 08:00:00,8,0,1,0.5862395
2024-11-26 08:15:00,8,0,1,0.60324645
2024-11-26 08:30:00,8,0,1,0.593571
2024-11-26 08:45:00,8,0,1,0.6095055
2024-11-26 09:00:00,8,0,1,0.5851951
2024-11-26 09:15:00,8,0,1,0.5345898
2024-11-26 09:30:00,8,0,0,0.31596693
2024-11-26 09:45:00,8,0,0,0.24587493
2024-11-26 10:00:00,8,0,0,0.09249342
2024-11-26 10:15:00,8,0,0,0.024699587
2024-11-26 10:30:00,8,0,0,0.024184162
2024-11-26 10:45:00,8,0,0,0.025887083
2024-11-26 11:00:00,8,0,0,0.033211537
2024-11-26 11:15:00,8,0,0,0.028500453
2024-11-26 11:30:00,8,0,0,0.026957715
2024-11-26 11:45:00,8,0,0,0.041317962
2024-11-26 12:00:00,8,0,0,0.07991339
2024-11-26 12:15:00,8,0,0,0.021822494
2024-11-26 12:30:00,8,0,0,0.04035094
2024-11-26 12:45:00,8,0,0,0.12876754
2024-11-26 13:00:00,8,0,0,0.038780283
2024-11-26 13:15:00,8,0,0,0.039347474
2024-11-26 13:30:00,8,0,0,0.10988226
2024-11-26 13:45:00,8,0,0,0.11406255
2024-11-26 14:00:00,8,0,0,0.19217224
2024-11-26 14:15:00,8,0,0,0.10938012
2024-11-26 14:30:00,8,0,0,0.046902798
2024-11-26 14:45:00,8,0,0,0.040450756
2024-11-26 15:00:00,8,0,0,0.021749504
2024-11-26 15:15:00,8,0,0,0.029657777
2024-11-26 15:30:00,8,0,0,0.046499442
2024-11-26 15:45:00,8,0,0,0.11756353
2024-11-26 16:00:00,8,0,0,0.47435993
2024-11-26 16:15:00,8,0,0,0.35915014
2024-11-26 16:30:00,8,0,0,0.32579958
2024-11-26 16:45:00,8,0,0,0.35856763
2024-11-26 17:00:00,8,0,0,0.47511187
2024-11-26 17:15:00,8,1,0,0.43600014
2024-11-26 17:30:00,8,1,1,0.48339027
2024-11-26 17:45:00,8,1,1,0.5644439
2024-11-26 18:00:00,8,1,1,0.6161686
2024-11-26 18:15:00,8,1,1,0.5859694
2024-11-26 18:30:00,8,1,1,0.6233378
2024-11-26 18:45:00,8,1,1,0.6299761
2024-11-26 19:00:00,8,1,1,0.6394528
2024-11-26 19:15:00,8,1,1,0.6464301
2024-11-26 19:30:00,8,1,1,0.67270726
2024-11-26 19:45:00,8,1,1,0.6699778
2024-11-26 20:00:00,8,1,1,0.6941902
2024-11-26 20:15:00,8,1,1,0.69980806
2024-11-26 20:30:00,8,1,1,0.6969956
2024-11-26 20:45:00,8,1,1,0.7174371
2024-11-26 21:00:00,8,1,1,0.71374804
2024-11-26 21:15:00,8,1,1,0.7142602
2024-11-26 21:30:00,8,1,1,0.702395
2024-11-26 21:45:00,8,1,1,0.71297574
2024-11-26 22:00:00,8,1,1,0.7138599
2024-11-26 22:15:00,8,1,1,0.7080453
2024-11-26 22:30:00,8,1,1,0.71778697
2024-11-26 22:45:00,8,1,1,0.7120786
2024-11-26 23:00:00,8,1,1,0.69352555
2024-11-26 23:15:00,8,1,1,0.6846887
2024-11-26 23:30:00,8,1,1,0.6873622
2024-11-26 23:45:00,8,1,1,0.7008113
2024-11-27 00:15:00,8,1,1,0.6923315
2024-11-27 00:30:00,8,1,1,0.70576406
2024-11-27 00:45:00,8,1,1,0.68968385
2024-11-27 01:00:00,8,1,1,0.68155456
2024-11-27 01:15:00,8,0,1,0.68148524
2024-11-27 01:30:00,8,0,1,0.6794017
2024-11-27 01:45:00,8,0,1,0.6985537
2024-11-27 02:00:00,8,0,1,0.67264354
2024-11-27 02:15:00,8,0,1,0.6095783
2024-11-27 02:30:00,8,0,1,0.6339698
2024-11-27 02:45:00,8,0,1,0.6263308
2024-11-27 03:00:00,8,0,1,0.62825334
2024-11-27 03:15:00,8,0,1,0.65895426
2024-11-27 03:30:00,8,0,1,0.64528626
2024-11-27 03:45:00,8,0,1,0.5237897
2024-11-27 04:00:00,8,0,1,0.5453418
2024-11-27 04:15:00,8,0,1,0.52971035
2024-11-27 04:30:00,8,0,1,0.5208458
2024-11-27 04:45:00,8,0,0,0.2312324
2024-11-27 05:00:00,8,0,0,0.022854796
2024-11-27 05:15:00,8,0,0,0.12770227
2024-11-27 05:30:00,8,0,0,0.03313122
2024-11-27 05:45:00,8,0,0,0.004999485
2024-11-27 06:00:00,8,0,0,0.0077608908
2024-11-27 06:15:00,8,0,0,0.0038871332
2024-11-27 06:30:00,8,0,0,0.010801999
2024-11-27 06:45:00,8,0,0,0.00395841
2024-11-27 07:00:00,8,0,0,0.0027252936
2024-11-27 07:15:00,8,0,0,0.0017502928
2024-11-27 07:30:00,8,0,0,0.0022916102
2024-11-27 07:45:00,8,0,0,0.003989454
2024-11-27 08:00:00,8,0,0,0.0036073641
2024-11-27 08:15:00,8,0,0,0.001889823
2024-11-27 08:30:00,8,0,0,0.0019506468
2024-11-27 08:45:00,8,0,0,0.0020572967
2024-11-27 09:00:00,8,0,0,0.001926712
2024-11-27 09:15:00,8,0,0,0.0016819615
2024-11-27 09:30:00,8,0,0,0.0019907837
2024-11-27 09:45:00,8,0,0,0.001782094
2024-11-27 10:00:00,8,0,0,0.001975703
2024-11-27 10:15:00,8,0,0,0.0020555141
2024-11-27 10:30:00,8,0,0,0.0021394326
2024-11-27 10:45:00,8,0,0,0.002763235
2024-11-27 11:00:00,8,0,0,0.0030349188
2024-11-27 11:15:00,8,0,0,0.0028321363
2024-11-27 11:30:00,8,0,0,0.0030677759
2024-11-27 11:45:00,8,0,0,0.0023294156
2024-11-27 12:00:00,8,0,0,0.002398644
2024-11-27 12:15:00,8,0,0,0.0029723058
2024-11-27 12:30:00,8,0,0,0.0025795163
2024-11-27 12:45:00,8,0,0,0.0020397778
2024-11-27 13:00:00,8,0,0,0.002740098
2024-11-27 13:15:00,8,0,0,0.004389285
2024-11-27 13:30:00,8,0,0,0.0046110707
2024-11-27 13:45:00,8,0,0,0.004258882
2024-11-27 14:00:00,8,0,0,0.005530662
2024-11-27 14:15:00,8,0,0,0.002922498
2024-11-27 14:30:00,8,0,0,0.002350137
2024-11-27 14:45:00,8,0,0,0.0055472706
2024-11-27 15:00:00,8,0,0,0.011360835
2024-11-27 15:15:00,8,0,0,0.015137904
2024-11-27 15:30:00,8,0,0,0.0123972045
2024-11-27 15:45:00,8,0,0,0.014739467
2024-11-27 16:00:00,8,0,0,0.023324106
2024-11-27 16:15:00,8,0,0,0.08264818
2024-11-27 16:30:00,8,1,0,0.04361547
2024-11-27 16:45:00,8,0,0,0.02934976
2024-11-27 17:00:00,8,0,0,0.2634824
2024-11-27 17:15:00,8,0,0,0.4280716
2024-11-27 17:30:00,8,0,0,0.4078563
2024-11-27 17:45:00,8,0,0,0.24646713
2024-11-27 18:00:00,8,0,0,0.32696968
2024-11-27 18:15:00,8,1,0,0.4282151
2024-11-27 18:30:00,8,0,1,0.49940342
2024-11-27 18:45:00,8,0,1,0.48858398
2024-11-27 19:00:00,8,0,1,0.61602587
2024-11-27 19:15:00,8,0,1,0.61499065
2024-11-27 19:30:00,8,0,1,0.6610343
2024-11-27 19:45:00,8,0,1,0.633639
2024-11-27 20:00:00,8,1,1,0.6633643
2024-11-27 20:15:00,8,1,1,0.6980117
2024-11-27 20:30:00,8,1,1,0.70267814
2024-11-27 20:45:00,8,1,1,0.6969921
2024-11-27 21:00:00,8,1,1,0.6943477
2024-11-27 21:15:00,8,1,1,0.67767686
2024-11-27 21:30:00,8,1,1,0.6861458
2024-11-27 21:45:00,8,1,1,0.6959496
2024-11-27 22:00:00,8,1,1,0.6998536
2024-11-27 22:15:00,8,1,1,0.7100194
2024-11-27 22:30:00,8,1,1,0.6899243
2024-11-27 22:45:00,8,1,1,0.686176
2024-11-27 23:00:00,8,1,1,0.6944333
2024-11-27 23:15:00,8,1,1,0.70022154
2024-11-27 23:30:00,8,1,1,0.7024865
2024-11-27 23:45:00,8,1,1,0.70355767
2024-11-28 00:15:00,8,1,1,0.70161456
2024-11-28 00:30:00,8,1,1,0.66797084
2024-11-28 00:45:00,8,1,1,0.6680459
2024-11-28 01:00:00,8,1,1,0.6014635
2024-11-28 01:15:00,8,1,1,0.6170072
2024-11-28 01:30:00,8,1,1,0.6671424
2024-11-28 01:45:00,8,1,1,0.6797447
2024-11-28 02:00:00,8,1,1,0.6811553
2024-11-28 02:15:00,8,1,1,0.67858493
2024-11-28 02:30:00,8,1,1,0.687889
2024-11-28 02:45:00,8,1,1,0.6718397
2024-11-28 03:00:00,8,1,1,0.6873112
2024-11-28 03:15:00,8,1,1,0.70007986
2024-11-28 03:30:00,8,1,1,0.69065064
2024-11-28 03:45:00,8,1,1,0.6870011
2024-11-28 04:00:00,8,1,1,0.68480647
2024-11-28 04:15:00,8,1,1,0.6911752
2024-11-28 04:30:00,8,1,1,0.6986617
2024-11-28 04:45:00,8,1,1,0.6973041
2024-11-28 05:00:00,8,1,1,0.6913964
2024-11-28 05:15:00,8,1,1,0.6876256
2024-11-28 05:30:00,8,1,1,0.6757848
2024-11-28 05:45:00,8,1,1,0.67678237
2024-11-28 06:00:00,8,1,1,0.6924789
2024-11-28 06:15:00,8,1,1,0.6911597
2024-11-28 06:30:00,8,1,1,0.68179494
2024-11-28 06:45:00,8,1,1,0.690352
2024-11-28 07:00:00,8,1,1,0.68718964
2024-11-28 07:15:00,8,1,1,0.6727124
2024-11-28 07:30:00,8,1,1,0.6822963
2024-11-28 07:45:00,8,1,1,0.6990426
2024-11-28 08:00:00,8,1,1,0.6966301
2024-11-28 08:15:00,8,1,1,0.6790993
2024-11-28 08:30:00,8,1,1,0.6731283
2024-11-28 08:45:00,8,1,1,0.67831117
2024-11-28 09:00:00,8,1,1,0.61912286
2024-11-28 09:15:00,8,1,1,0.6355934
2024-11-28 09:30:00,8,1,1,0.65896183
2024-11-28 09:45:00,8,1,1,0.6477481
2024-11-28 10:00:00,8,1,1,0.6060986
2024-11-28 10:15:00,8,1,1,0.63544893
2024-11-28 10:30:00,8,1,1,0.5645396
2024-11-28 10:45:00,8,0,0,0.2983903
2024-11-28 11:00:00,8,0,0,0.14357026
2024-11-28 11:15:00,8,0,0,0.09705438
2024-11-28 11:30:00,8,0,0,0.08678945
2024-11-28 11:45:00,8,0,0,0.24777909
2024-11-28 12:00:00,8,0,0,0.06795408
2024-11-28 12:15:00,8,0,0,0.08011274
2024-11-28 12:30:00,8,0,0,0.040913705
2024-11-28 12:45:00,8,0,0,0.019175708
2024-11-28 13:00:00,8,0,0,0.010319866
2024-11-28 13:15:00,8,0,0,0.003933766
2024-11-28 13:30:00,8,0,0,0.004052796
2024-11-28 13:45:00,8,0,0,0.0037959153
2024-11-28 14:00:00,8,0,0,0.0034702453
2024-11-28 14:15:00,8,0,0,0.0026953435
2024-11-28 14:30:00,8,0,0,0.0022152807
2024-11-28 14:45:00,8,0,0,0.0024625536
2024-11-28 15:00:00,8,0,0,0.002397168
2024-11-28 15:15:00,8,0,0,0.0028061843
2024-11-28 15:30:00,8,0,0,0.002906516
2024-11-28 15:45:00,8,0,0,0.0035280127
2024-11-28 16:00:00,8,0,0,0.004530405
2024-11-28 16:15:00,8,0,0,0.39470798
2024-11-28 16:30:00,8,0,0,0.34983575
2024-11-28 16:45:00,8,0,1,0.5215168
2024-11-28 17:00:00,8,0,1,0.5508217
2024-11-28 17:15:00,8,0,0,0.35309413
2024-11-28 17:30:00,8,0,0,0.09269843
2024-11-28 17:45:00,8,0,0,0.052687313
2024-11-28 18:00:00,8,0,0,0.020189993
2024-11-28 18:15:00,8,0,0,0.014294045
2024-11-28 18:30:00,8,0,0,0.004829044
2024-11-28 18:45:00,8,0,0,0.004606629
2024-11-28 19:00:00,8,0,0,0.0019812724
2024-11-28 19:15:00,8,0,0,0.002899302
2024-11-28 19:30:00,8,0,0,0.0016410261
2024-11-28 19:45:00,8,0,0,0.0017508629
2024-11-28 20:00:00,8,0,0,0.001962906
2024-11-28 20:15:00,8,0,0,0.0016462929
2024-11-28 20:30:00,8,0,0,0.0017262744
2024-11-28 20:45:00,8,0,0,0.0017227827
2024-11-28 21:00:00,8,0,0,0.0017029864
2024-11-28 21:15:00,8,0,0,0.0017032442
2024-11-28 21:30:00,8,0,0,0.0016462472
2024-11-28 21:45:00,8,0,0,0.0019908405
2024-11-28 22:00:00,8,0,0,0.0018691955
2024-11-28 22:15:00,8,0,0,0.0018360483
2024-11-28 22:30:00,8,0,0,0.0019946482
2024-11-28 22:45:00,8,0,0,0.0022410704
2024-11-28 23:00:00,8,0,0,0.0026421135
2024-11-28 23:15:00,8,0,0,0.0025904241
2024-11-28 23:30:00,8,0,0,0.041694067
2024-11-28 23:45:00,8,0,0,0.09021423
2024-11-29 00:15:00,8,0,0,0.024980541
2024-11-29 00:30:00,8,0,0,0.005033953
2024-11-29 00:45:00,8,0,0,0.0035866397
2024-11-29 01:00:00,8,0,0,0.0053516324
2024-11-29 01:15:00,8,0,0,0.0048506255
2024-11-29 01:30:00,8,0,0,0.0032700102
2024-11-29 01:45:00,8,0,0,0.026061388
2024-11-29 02:00:00,8,0,0,0.08482598
2024-11-29 02:15:00,8,0,0,0.018644996
2024-11-29 02:30:00,8,0,0,0.0045286664
2024-11-29 02:45:00,8,0,0,0.0032898989
2024-11-29 03:00:00,8,0,0,0.003174553
2024-11-29 03:15:00,8,0,0,0.0021239
2024-11-29 03:30:00,8,0,0,0.0039829467
2024-11-29 03:45:00,8,0,0,0.0025773759
2024-11-29 04:00:00,8,0,0,0.003137646
2024-11-29 04:15:00,8,0,0,0.003285217
2024-11-29 04:30:00,8,0,0,0.0026489215
2024-11-29 04:45:00,8,0,0,0.008703469
2024-11-29 05:00:00,8,0,0,0.009465979
2024-11-29 05:15:00,8,0,0,0.0020014858
2024-11-29 05:30:00,8,0,0,0.0017200325
2024-11-29 05:45:00,8,0,0,0.0029539918
2024-11-29 06:00:00,8,0,0,0.0030285048
2024-11-29 06:15:00,8,0,0,0.001977989
2024-11-29 06:30:00,8,0,0,0.00169752
2024-11-29 06:45:00,8,0,0,0.0022535024
2024-11-29 07:00:00,8,0,0,0.0016687427
2024-11-29 07:15:00,8,0,0,0.0016858097
2024-11-29 07:30:00,8,0,0,0.0019629272
2024-11-29 07:45:00,8,0,0,0.0019348225
2024-11-29 08:00:00,8,0,0,0.0018868496
2024-11-29 08:15:00,8,0,0,0.0017935431
2024-11-29 08:30:00,8,0,0,0.0017699037
2024-11-29 08:45:00,8,0,0,0.0018037304
2024-11-29 09:00:00,8,0,0,0.0018066639
2024-11-29 09:15:00,8,0,0,0.0017566896
2024-11-29 09:30:00,8,0,0,0.0018952118
2024-11-29 09:45:00,8,0,0,0.0019416498
2024-11-29 10:00:00,8,0,0,0.0020578722
2024-11-29 10:15:00,8,0,0,0.0021177449
2024-11-29 10:30:00,8,0,0,0.0022173598
2024-11-29 10:45:00,8,0,0,0.0019939048
2024-11-29 11:00:00,8,0,0,0.0021187596
2024-11-29 11:15:00,8,0,0,0.0021128135
2024-11-29 11:30:00,8,0,0,0.0020508182
2024-11-29 11:45:00,8,0,0,0.0019986301
2024-11-29 12:00:00,8,0,0,0.0018826395
2024-11-29 12:15:00,8,0,0,0.0017995975
2024-11-29 12:30:00,8,0,0,0.0018100132
2024-11-29 12:45:00,8,0,0,0.0017266901
2024-11-29 13:00:00,8,0,0,0.0016941816
2024-11-29 13:15:00,8,0,0,0.0016931009
2024-11-29 13:30:00,8,0,0,0.0016944612
2024-11-29 13:45:00,8,0,0,0.0017268031
2024-11-29 14:00:00,8,0,0,0.001747655
2024-11-29 14:15:00,8,0,0,0.0017525958
2024-11-29 14:30:00,8,0,0,0.0015957768
2024-11-29 14:45:00,8,0,0,0.0016403273
2024-11-29 15:00:00,8,0,0,0.0016701441
2024-11-29 15:15:00,8,0,0,0.0018117509
2024-11-29 15:30:00,8,0,0,0.0018267748
2024-11-29 15:45:00,8,0,0,0.0017560846
2024-11-29 16:00:00,8,0,0,0.0017679832
2024-11-29 16:15:00,8,0,0,0.0016738598
2024-11-29 16:30:00,8,0,0,0.0017373422
2024-11-29 16:45:00,8,0,0,0.0016913617
2024-11-29 17:00:00,8,0,0,0.0016546246
2024-11-29 17:15:00,8,0,0,0.0016707241
2024-11-29 17:30:00,8,0,0,0.0016534056
2024-11-29 17:45:00,8,0,0,0.0017449373
2024-11-29 18:00:00,8,0,0,0.0017285361
2024-11-29 18:15:00,8,0,0,0.0016541372
2024-11-29 18:30:00,8,0,0,0.0016656378
2024-11-29 18:45:00,8,0,0,0.0018168178
2024-11-29 19:00:00,8,0,0,0.001841556
2024-11-29 19:15:00,8,0,0,0.0018455305
2024-11-29 19:30:00,8,0,0,0.001984473
2024-11-29 19:45:00,8,0,0,0.0019558938
2024-11-29 20:00:00,8,0,0,0.0022076792
2024-11-29 20:15:00,8,0,0,0.0017923312
2024-11-29 20:30:00,8,0,0,0.0017146555
2024-11-29 20:45:00,8,0,0,0.0017586815
2024-11-29 21:00:00,8,0,0,0.0017698536
2024-11-29 21:15:00,8,0,0,0.0017444969
2024-11-29 21:30:00,8,0,0,0.0017520331
2024-11-29 21:45:00,8,0,0,0.0017779361
2024-11-29 22:00:00,8,0,0,0.0017900325
2024-11-29 22:15:00,8,0,0,0.0018626322
2024-11-29 22:30:00,8,0,0,0.0018215508
2024-11-29 22:45:00,8,0,0,0.0018338049
2024-11-29 23:00:00,8,0,0,0.0018769578
2024-11-29 23:15:00,8,0,0,0.0018325195
2024-11-29 23:30:00,8,0,0,0.0019180629
2024-11-29 23:45:00,8,0,0,0.0019277115
2024-11-30 00:15:00,8,0,0,0.0019289883
2024-11-30 00:30:00,8,0,0,0.0021000097
2024-11-30 00:45:00,8,0,0,0.0022859462
2024-11-30 01:00:00,8,0,0,0.002336954
2024-11-30 01:15:00,8,0,0,0.0023336017
2024-11-30 01:30:00,8,0,0,0.0022111232
2024-11-30 01:45:00,8,0,0,0.0020776407
2024-11-30 02:00:00,8,0,0,0.0020275272
2024-11-30 02:15:00,8,0,0,0.0019640673
2024-11-30 02:30:00,8,0,0,0.00205149
2024-11-30 02:45:00,8,0,0,0.0019271135
2024-11-30 03:00:00,8,0,0,0.0020134388
2024-11-30 03:15:00,8,0,0,0.001932751
2024-11-30 03:30:00,8,0,0,0.0019491889
2024-11-30 03:45:00,8,0,0,0.0019873516
2024-11-30 04:00:00,8,0,0,0.0021326467
2024-11-30 04:15:00,8,0,0,0.002084189
2024-11-30 04:30:00,8,0,0,0.0020286043
2024-11-30 04:45:00,8,0,0,0.0020306278
2024-11-30 05:00:00,8,0,0,0.002120952
2024-11-30 05:15:00,8,0,0,0.0022646287
2024-11-30 05:30:00,8,0,0,0.0021530318
2024-11-30 05:45:00,8,0,0,0.0019996373
2024-11-30 06:00:00,8,0,0,0.0020690437
2024-11-30 06:15:00,8,0,0,0.002209068
2024-11-30 06:30:00,8,0,0,0.002125698
2024-11-30 06:45:00,8,0,0,0.0019730844
2024-11-30 07:00:00,8,0,0,0.0018873066
2024-11-30 07:15:00,8,0,0,0.0019561334
2024-11-30 07:30:00,8,0,0,0.0019186508
2024-11-30 07:45:00,8,0,0,0.0018890803
2024-11-30 08:00:00,8,0,0,0.0018639631
2024-11-30 08:15:00,8,0,0,0.0020553947
2024-11-30 08:30:00,8,0,0,0.0019325059
2024-11-30 08:45:00,8,0,0,0.0019474173
2024-11-30 09:00:00,8,0,0,0.0021487186
2024-11-30 09:15:00,8,0,0,0.0021055378
2024-11-30 09:30:00,8,0,0,0.0019180046
2024-11-30 09:45:00,8,0,0,0.0017863066
2024-11-30 10:00:00,8,0,0,0.001800292
2024-11-30 10:15:00,8,0,0,0.0018735407
2024-11-30 10:30:00,8,0,0,0.0018012743
2024-11-30 10:45:00,8,0,0,0.0017354958
2024-11-30 11:00:00,8,0,0,0.0017809722
2024-11-30 11:15:00,8,0,0,0.0018574694
2024-11-30 11:30:00,8,0,0,0.0018817195
2024-11-30 11:45:00,8,0,0,0.001795305
2024-11-30 12:00:00,8,0,0,0.0019214913
2024-11-30 12:15:00,8,0,0,0.0018745319
2024-11-30 12:30:00,8,0,0,0.0018883547
2024-11-30 12:45:00,8,0,0,0.0018831088
2024-11-30 13:00:00,8,0,0,0.0018133529
2024-11-30 13:15:00,8,0,0,0.0019630727
2024-11-30 13:30:00,8,0,0,0.0018248812
2024-11-30 13:45:00,8,0,0,0.0019190442
2024-11-30 14:00:00,8,0,0,0.0019590543
2024-11-30 14:15:00,8,0,0,0.0020946204
2024-11-30 14:30:00,8,0,0,0.002016837
2024-11-30 14:45:00,8,0,0,0.001912314
2024-11-30 15:00:00,8,0,0,0.0020744442
2024-11-30 15:15:00,8,0,0,0.0019968532
2024-11-30 15:30:00,8,0,0,0.001995449
2024-11-30 15:45:00,8,0,0,0.0021272819
2024-11-30 16:00:00,8,0,0,0.002455153
2024-11-30 16:15:00,8,0,0,0.0026144052
2024-11-30 16:30:00,8,0,0,0.0020829267
2024-11-30 16:45:00,8,0,0,0.0023546643
2024-11-30 17:00:00,8,0,0,0.0019195158
2024-11-30 17:15:00,8,0,0,0.0017920536
2024-11-30 17:30:00,8,0,0,0.0018162607
2024-11-30 17:45:00,8,0,0,0.0018797289
2024-11-30 18:00:00,8,0,0,0.0020765003
2024-11-30 18:15:00,8,0,0,0.0019986928
2024-11-30 18:30:00,8,0,0,0.0020532054
2024-11-30 18:45:00,8,0,0,0.0022073174
2024-11-30 19:00:00,8,0,0,0.0019020509
2024-11-30 19:15:00,8,0,0,0.0019505373
2024-11-30 19:30:00,8,0,0,0.0018180053
2024-11-30 19:45:00,8,0,0,0.0017944943
2024-11-30 20:00:00,8,0,0,0.001769751
2024-11-30 20:15:00,8,0,0,0.0017501268
2024-11-30 20:30:00,8,0,0,0.0017481581
2024-11-30 20:45:00,8,0,0,0.0017293978
2024-11-30 21:00:00,8,0,0,0.0017038072
2024-11-30 21:15:00,8,0,0,0.001703508
2024-11-30 21:30:00,8,0,0,0.001730254
2024-11-30 21:45:00,8,0,0,0.0016903587
2024-11-30 22:00:00,8,0,0,0.0017259418
2024-11-30 22:15:00,8,0,0,0.0018518402
2024-11-30 22:30:00,8,0,0,0.0018429299
2024-11-30 22:45:00,8,0,0,0.0018216082
2024-11-30 23:00:00,8,0,0,0.0018151344
2024-11-30 23:15:00,8,0,0,0.0017717116
2024-11-30 23:30:00,8,0,0,0.001733855
2024-11-30 23:45:00,8,0,0,0.0017035813
2024-12-01 00:15:00,8,0,0,0.0017884965
2024-12-01 00:30:00,8,0,0,0.0018085028
2024-12-01 00:45:00,8,0,0,0.0017732095
2024-12-01 01:00:00,8,0,0,0.0017082405
2024-12-01 01:15:00,8,0,0,0.0017636669
2024-12-01 01:30:00,8,0,0,0.0019820472
2024-12-01 01:45:00,8,0,0,0.0017572759
2024-12-01 02:00:00,8,0,0,0.0017011773
2024-12-01 02:15:00,8,0,0,0.0017742431
2024-12-01 02:30:00,8,0,0,0.0017198672
2024-12-01 02:45:00,8,0,0,0.0016709794
2024-12-01 03:00:00,8,0,0,0.0018341496
2024-12-01 03:15:00,8,0,0,0.0017090839
2024-12-01 03:30:00,8,0,0,0.001713815
2024-12-01 03:45:00,8,0,0,0.0016867508
2024-12-01 04:00:00,8,0,0,0.0017112793
2024-12-01 04:15:00,8,0,0,0.0018431939
2024-12-01 04:30:00,8,0,0,0.0019285175
2024-12-01 04:45:00,8,0,0,0.0017050826
2024-12-01 05:00:00,8,0,0,0.0017049402
2024-12-01 05:15:00,8,0,0,0.0017187152
2024-12-01 05:30:00,8,0,0,0.0017276081
2024-12-01 05:45:00,8,0,0,0.0017366504
2024-12-01 06:00:00,8,0,0,0.0018323037
2024-12-01 06:15:00,8,0,0,0.0017881474
2024-12-01 06:30:00,8,0,0,0.0017305382
2024-12-01 06:45:00,8,0,0,0.0017654275
2024-12-01 07:00:00,8,0,0,0.001739303
2024-12-01 07:15:00,8,0,0,0.0017252547
2024-12-01 07:30:00,8,0,0,0.0017767374
2024-12-01 07:45:00,8,0,0,0.0017139841
2024-12-01 08:00:00,8,0,0,0.002246547
2024-12-01 08:15:00,8,0,0,0.0023264391
2024-12-01 08:30:00,8,0,0,0.0023200973
2024-12-01 08:45:00,8,0,0,0.002083768
2024-12-01 09:00:00,8,0,0,0.0025453842
2024-12-01 09:15:00,8,0,0,0.002944613
2024-12-01 09:30:00,8,0,0,0.0035532478
2024-12-01 09:45:00,8,0,0,0.003939263
2024-12-01 10:00:00,8,0,0,0.0053894906
2024-12-01 10:15:00,8,0,0,0.010408832
2024-12-01 10:30:00,8,0,0,0.0065706284
2024-12-01 10:45:00,8,0,0,0.0036189223
2024-12-01 11:00:00,8,0,0,0.0025555925
2024-12-01 11:15:00,8,0,0,0.0031838235
2024-12-01 11:30:00,8,0,0,0.0029184173
2024-12-01 11:45:00,8,0,0,0.002548595
2024-12-01 12:00:00,8,0,0,0.002417206
2024-12-01 12:15:00,8,0,0,0.0022741945
2024-12-01 12:30:00,8,0,0,0.0026647476
2024-12-01 12:45:00,8,0,0,0.0022139044
2024-12-01 13:00:00,8,0,0,0.0023893407
2024-12-01 13:15:00,8,0,0,0.0024959862
2024-12-01 13:30:00,8,0,0,0.00311222
2024-12-01 13:45:00,8,0,0,0.004466742
2024-12-01 14:00:00,8,0,0,0.003598641
2024-12-01 14:15:00,8,0,0,0.003385869
2024-12-01 14:30:00,8,0,0,0.0036028384
2024-12-01 14:45:00,8,0,0,0.0036034146
2024-12-01 15:00:00,8,0,0,0.0039845817
2024-12-01 15:15:00,8,0,0,0.003950855
2024-12-01 15:30:00,8,0,0,0.0041097603
2024-12-01 15:45:00,8,0,0,0.004207392
2024-12-01 16:00:00,8,0,0,0.004877809
2024-12-01 16:15:00,8,0,0,0.0050538327
2024-12-01 16:30:00,8,0,0,0.005245529
2024-12-01 16:45:00,8,0,0,0.005841461
2024-12-01 17:00:00,8,0,0,0.0047374023
2024-12-01 17:15:00,8,0,0,0.0054132445
2024-12-01 17:30:00,8,0,0,0.007404305
2024-12-01 17:45:00,8,0,0,0.0066113756
2024-12-01 18:00:00,8,0,0,0.007424441
2024-12-01 18:15:00,8,0,0,0.0081305215
2024-12-01 18:30:00,8,0,0,0.007836302
2024-12-01 18:45:00,8,0,0,0.0050542112
2024-12-01 19:00:00,8,0,0,0.005403755
2024-12-01 19:15:00,8,0,0,0.006325242
2024-12-01 19:30:00,8,0,0,0.0074549844
2024-12-01 19:45:00,8,0,0,0.0064032436
2024-12-01 20:00:00,8,0,0,0.0067989687
2024-12-01 20:15:00,8,0,0,0.0073127705
2024-12-01 20:30:00,8,0,0,0.004117654
2024-12-01 20:45:00,8,0,0,0.0033938074
2024-12-01 21:00:00,8,0,0,0.0039023578
2024-12-01 21:15:00,8,0,0,0.00486779
2024-12-01 21:30:00,8,0,0,0.004886336
2024-12-01 21:45:00,8,0,0,0.0049509625
2024-12-01 22:00:00,8,0,0,0.00628821
2024-12-01 22:15:00,8,0,0,0.0061825938
2024-12-01 22:30:00,8,0,0,0.0051612724
2024-12-01 22:45:00,8,0,0,0.0045240554
2024-12-01 23:00:00,8,0,0,0.0044178055
2024-12-01 23:15:00,8,0,0,0.0044267336
2024-12-01 23:30:00,8,0,0,0.0037641334
2024-12-01 23:45:00,8,0,0,0.0032844539
2024-12-02 00:15:00,8,0,0,0.0032968963
2024-12-02 00:30:00,8,0,0,0.0034010094
2024-12-02 00:45:00,8,0,0,0.0036597261
2024-12-02 01:00:00,8,0,0,0.005721384
2024-12-02 01:15:00,8,0,0,0.0063350424
2024-12-02 01:30:00,8,0,0,0.019299123
2024-12-02 01:45:00,8,0,0,0.033169128
2024-12-02 02:00:00,8,0,0,0.009563882
2024-12-02 02:15:00,8,0,0,0.0055988566
2024-12-02 02:30:00,8,0,0,0.004951632
2024-12-02 02:45:00,8,0,0,0.007269243
2024-12-02 03:00:00,8,0,0,0.0058648125
2024-12-02 03:15:00,8,0,0,0.0057033813
2024-12-02 03:30:00,8,0,0,0.0052171354
2024-12-02 03:45:00,8,0,0,0.004976918
2024-12-02 04:00:00,8,0,0,0.004353668
2024-12-02 04:15:00,8,0,0,0.0034743214
2024-12-02 04:30:00,8,0,0,0.0045484724
2024-12-02 04:45:00,8,0,0,0.0045547443
2024-12-02 05:00:00,8,0,0,0.003289107
2024-12-02 05:15:00,8,0,0,0.0027448102
2024-12-02 05:30:00,8,0,0,0.0049845707
2024-12-02 05:45:00,8,0,0,0.0089525
2024-12-02 06:00:00,8,0,0,0.007724603
2024-12-02 06:15:00,8,0,0,0.008579538
2024-12-02 06:30:00,8,0,0,0.12721062
2024-12-02 06:45:00,8,0,0,0.18261845
2024-12-02 07:00:00,8,0,0,0.043108597
2024-12-02 07:15:00,8,0,0,0.019305069
2024-12-02 07:30:00,8,0,0,0.015785912
2024-12-02 07:45:00,8,0,0,0.022397116
2024-12-02 08:00:00,8,0,0,0.011336831
2024-12-02 08:15:00,8,0,0,0.014690841
2024-12-02 08:30:00,8,0,0,0.018367548
2024-12-02 08:45:00,8,0,0,0.0118841855
2024-12-02 09:00:00,8,0,0,0.009526984
2024-12-02 09:15:00,8,0,0,0.006045146
2024-12-02 09:30:00,8,0,0,0.0048742075
2024-12-02 09:45:00,8,0,0,0.0037212628
2024-12-02 10:00:00,8,0,0,0.003956937
2024-12-02 10:15:00,8,0,0,0.0042542755
2024-12-02 10:30:00,8,0,0,0.0063432897
2024-12-02 10:45:00,8,0,0,0.0074526
2024-12-02 11:00:00,8,0,0,0.008915697
2024-12-02 11:15:00,8,0,0,0.012374569
2024-12-02 11:30:00,8,0,0,0.01370012
2024-12-02 11:45:00,8,0,0,0.010934484
2024-12-02 12:00:00,8,0,0,0.012297627
2024-12-02 12:15:00,8,0,0,0.011398663
2024-12-02 12:30:00,8,0,0,0.013734899
2024-12-02 12:45:00,8,0,0,0.023418866
2024-12-02 13:00:00,8,0,0,0.022713166
2024-12-02 13:15:00,8,0,0,0.01921383
2024-12-02 13:30:00,8,0,0,0.00547341
2024-12-02 13:45:00,8,0,0,0.0020613605
2024-12-02 14:00:00,8,0,0,0.0019460254
2024-12-02 14:15:00,8,0,0,0.0018756777
2024-12-02 14:30:00,8,0,0,0.00230352
2024-12-02 14:45:00,8,0,0,0.0016127615
2024-12-02 15:00:00,8,0,0,0.0020222426
2024-12-02 15:15:00,8,0,0,0.0023856447
2024-12-02 15:30:00,8,0,0,0.0035018742
2024-12-02 15:45:00,8,0,0,0.002520113
2024-12-02 16:00:00,8,0,0,0.0022620899
2024-12-02 16:15:00,8,0,0,0.0029324892
2024-12-02 16:30:00,8,0,0,0.0029652289
2024-12-02 16:45:00,8,0,0,0.0020931424
2024-12-02 17:00:00,8,0,0,0.0017405424
2024-12-02 17:15:00,8,0,0,0.002055827
2024-12-02 17:30:00,8,0,0,0.0018072721
2024-12-02 17:45:00,8,0,0,0.0017806501
2024-12-02 18:00:00,8,0,0,0.0017374768
2024-12-02 18:15:00,8,0,0,0.0017535242
2024-12-02 18:30:00,8,0,0,0.0023065573
2024-12-02 18:45:00,8,0,0,0.0021656482
2024-12-02 19:00:00,8,0,0,0.0020127425
2024-12-02 19:15:00,8,0,0,0.0036844017
2024-12-02 19:30:00,8,0,0,0.0077239107
2024-12-02 19:45:00,8,0,0,0.052125596
2024-12-02 20:00:00,8,0,0,0.17019871
2024-12-02 20:15:00,8,0,0,0.22915873
2024-12-02 20:30:00,8,0,0,0.33513594
2024-12-02 20:45:00,8,0,1,0.49443752
2024-12-02 21:00:00,8,0,1,0.49038035
2024-12-02 21:15:00,8,0,1,0.51918435
2024-12-02 21:30:00,8,0,1,0.5652185
2024-12-02 21:45:00,8,0,1,0.6103154
2024-12-02 22:00:00,8,1,1,0.6277182
2024-12-02 22:15:00,8,0,1,0.6354035
2024-12-02 22:30:00,8,0,1,0.6067969
2024-12-02 22:45:00,8,1,1,0.6180938
2024-12-02 23:00:00,8,1,1,0.63196474
2024-12-02 23:15:00,8,0,1,0.6600501
2024-12-02 23:30:00,8,0,1,0.69757193
2024-12-02 23:45:00,8,0,1,0.69954664
2024-12-03 01:00:00,9,0,1,0.7442607
2024-12-03 01:15:00,9,1,1,0.75327426
2024-12-03 01:30:00,9,1,1,0.7465924
2024-12-03 01:45:00,9,0,1,0.7676445
2024-12-03 02:00:00,9,0,1,0.7288447
2024-12-03 02:15:00,9,1,1,0.74808544
2024-12-03 02:30:00,9,1,1,0.6707066
2024-12-03 02:45:00,9,1,1,0.549042
2024-12-03 03:00:00,9,0,1,0.6313263
2024-12-03 03:15:00,9,0,1,0.62046593
2024-12-03 03:30:00,9,0,1,0.5673411
2024-12-03 03:45:00,9,1,1,0.5083088
2024-12-03 04:00:00,9,1,1,0.5956946
2024-12-03 04:15:00,9,1,1,0.5131584
2024-12-03 04:30:00,9,1,1,0.5389079
2024-12-03 04:45:00,9,0,1,0.6250021
2024-12-03 05:00:00,9,0,1,0.5410749
2024-12-03 05:15:00,9,0,1,0.599742
2024-12-03 05:30:00,9,0,1,0.67228943
2024-12-03 05:45:00,9,1,1,0.712852
2024-12-03 06:00:00,9,1,1,0.7025255
2024-12-03 06:15:00,9,1,1,0.6338788
2024-12-03 06:30:00,9,1,1,0.6591858
2024-12-03 06:45:00,9,1,1,0.6780518
2024-12-03 07:00:00,9,1,1,0.6247029
2024-12-03 07:15:00,9,1,0,0.45620745
2024-12-03 07:30:00,9,0,0,0.34856883
2024-12-03 07:45:00,9,0,0,0.009067205
2024-12-03 08:00:00,9,0,0,0.0015441213
2024-12-03 08:15:00,9,0,0,0.0006188232
2024-12-03 08:30:00,9,0,0,0.0026817906
2024-12-03 08:45:00,9,0,0,0.004444785
2024-12-03 09:00:00,9,0,0,0.0006702155
2024-12-03 10:45:00,9,0,0,0.00080942304
2024-12-03 11:00:00,9,0,0,0.00069233397
2024-12-03 11:15:00,9,0,0,0.00056041
2024-12-03 11:30:00,9,0,0,0.0005355423
2024-12-03 11:45:00,9,0,0,0.00057818927
2024-12-03 12:00:00,9,0,0,0.00054053107
2024-12-03 12:15:00,9,0,0,0.0005513694
2024-12-03 12:30:00,9,0,0,0.0007614167
2024-12-03 12:45:00,9,0,0,0.0008335922
2024-12-03 13:00:00,9,0,0,0.0011684251
2024-12-03 13:15:00,9,0,0,0.000817221
2024-12-03 13:30:00,9,0,0,0.0015817626
2024-12-03 13:45:00,9,0,0,0.00050123536
2024-12-03 14:00:00,9,0,0,0.011557051
2024-12-03 14:15:00,9,0,0,0.008496205
2024-12-03 14:30:00,9,0,0,0.008159343
2024-12-03 14:45:00,9,0,0,0.0031140787
2024-12-03 15:00:00,9,0,0,0.054660924
2024-12-03 15:15:00,9,0,0,0.41097993
2024-12-03 15:30:00,9,0,0,0.31336564
2024-12-03 15:45:00,9,0,0,0.343546
2024-12-03 16:00:00,9,0,0,0.372788
2024-12-03 16:15:00,9,0,0,0.41116807
2024-12-03 16:30:00,9,0,1,0.51895356
2024-12-03 16:45:00,9,0,1,0.49072325
2024-12-03 17:00:00,9,0,1,0.5863305
2024-12-03 17:15:00,9,0,1,0.5845572
2024-12-03 17:30:00,9,0,1,0.6879814
2024-12-03 17:45:00,9,0,1,0.70939785
2024-12-03 18:00:00,9,0,1,0.67251736
2024-12-03 18:15:00,9,0,1,0.5106512
2024-12-03 18:30:00,9,0,1,0.571203
2024-12-03 18:45:00,9,0,0,0.47082987
2024-12-03 19:00:00,9,0,0,0.48245108
2024-12-03 19:15:00,9,0,1,0.63558495
2024-12-03 19:30:00,9,0,1,0.60636103
2024-12-03 19:45:00,9,0,0,0.4656428
2024-12-03 20:00:00,9,0,0,0.47751123
2024-12-03 20:15:00,9,0,1,0.57515144
2024-12-03 20:30:00,9,0,1,0.60341656
2024-12-03 20:45:00,9,0,1,0.5656953
2024-12-03 21:00:00,9,0,1,0.5890918
2024-12-03 21:15:00,9,0,1,0.6007986
2024-12-03 21:30:00,9,0,1,0.6082685
2024-12-03 21:45:00,9,0,1,0.5291948
2024-12-03 22:00:00,9,0,0,0.16043067
2024-12-03 22:15:00,9,0,0,0.004748575
2024-12-03 22:30:00,9,0,0,0.02738965
2024-12-03 22:45:00,9,0,0,0.36582452
2024-12-03 23:00:00,9,0,0,0.38723853
2024-12-03 23:15:00,9,0,0,0.08831523
2024-12-03 23:30:00,9,0,0,0.0007599809
2024-12-03 23:45:00,9,0,0,0.0004162008
2024-12-04 00:15:00,9,0,0,0.032418635
2024-12-04 00:30:00,9,0,0,0.015512914
2024-12-04 00:45:00,9,0,0,0.00056710123
2024-12-04 01:00:00,9,0,0,0.00038407894
2024-12-04 01:15:00,9,0,0,0.0009339067
2024-12-04 01:30:00,9,0,0,0.0016247984
2024-12-04 01:45:00,9,0,0,0.30778414
2024-12-04 02:00:00,9,0,0,0.4748428
2024-12-04 02:15:00,9,0,0,0.40291023
2024-12-04 02:30:00,9,0,0,0.079509206
2024-12-04 02:45:00,9,0,0,0.047268044
2024-12-04 03:00:00,9,0,0,0.002883314
2024-12-04 03:15:00,9,0,0,0.018130066
2024-12-04 03:30:00,9,0,0,0.4257095
2024-12-04 03:45:00,9,0,0,0.28467453
2024-12-04 04:00:00,9,1,0,0.3412604
2024-12-04 04:15:00,9,0,0,0.08655127
2024-12-04 04:30:00,9,0,0,0.37268627
2024-12-04 04:45:00,9,0,0,0.028436298
2024-12-04 05:00:00,9,0,0,0.0005831913
2024-12-04 05:15:00,9,0,0,0.00058064173
2024-12-04 05:30:00,9,0,0,0.026376214
2024-12-04 05:45:00,9,0,0,0.24924415
2024-12-04 06:00:00,9,0,0,0.28633723
2024-12-04 06:15:00,9,0,0,0.4224774
2024-12-04 06:30:00,9,0,1,0.5188343
2024-12-04 06:45:00,9,0,0,0.100043796
2024-12-04 07:00:00,9,0,0,0.0034388176
2024-12-04 07:15:00,9,0,0,0.0005518741
2024-12-04 07:30:00,9,0,0,0.0005371036
2024-12-04 07:45:00,9,0,0,0.0059053726
2024-12-04 08:00:00,9,0,0,0.03761881
2024-12-04 08:15:00,9,0,1,0.5199638
2024-12-04 08:30:00,9,0,0,0.43537572
2024-12-04 08:45:00,9,0,0,0.10029133
2024-12-04 09:00:00,9,0,0,0.0012606657
2024-12-04 09:15:00,9,0,0,0.0009492379
2024-12-04 09:30:00,9,0,0,0.0004653638
2024-12-04 09:45:00,9,0,0,0.0011818456
2024-12-04 10:00:00,9,0,0,0.00046742856
2024-12-04 10:15:00,9,0,0,0.0014522837
2024-12-04 10:30:00,9,0,0,0.00058593316
2024-12-04 10:45:00,9,0,0,0.00044415088
2024-12-04 11:00:00,9,0,0,0.00043682003
2024-12-04 11:15:00,9,0,0,0.00039779796
2024-12-04 11:30:00,9,0,0,0.00053217524
2024-12-04 11:45:00,9,0,0,0.00043475133
2024-12-04 12:00:00,9,0,0,0.0005229683
2024-12-04 12:15:00,9,0,0,0.00047700253
2024-12-04 12:30:00,9,0,0,0.00042937737
2024-12-04 12:45:00,9,0,0,0.00035384207
2024-12-04 13:00:00,9,0,0,0.0003423003
2024-12-04 13:15:00,9,0,0,0.000344983
2024-12-04 13:30:00,9,0,0,0.00034259557
2024-12-04 13:45:00,9,0,0,0.0003852213
2024-12-04 14:00:00,9,0,0,0.00034632534
2024-12-04 14:15:00,9,0,0,0.00035939662
2024-12-04 14:30:00,9,0,0,0.00043271223
2024-12-04 14:45:00,9,0,0,0.00036767355
2024-12-04 15:00:00,9,0,0,0.00046476815
2024-12-04 15:15:00,9,0,0,0.00036553293
2024-12-04 15:30:00,9,0,0,0.00036190983
2024-12-04 15:45:00,9,0,0,0.00034621774
2024-12-04 16:00:00,9,0,0,0.00037398754
2024-12-04 16:15:00,9,0,0,0.00038199333
2024-12-04 16:30:00,9,0,0,0.0003461498
2024-12-04 16:45:00,9,0,0,0.00032912122
2024-12-04 17:00:00,9,0,0,0.00034165021
2024-12-04 17:15:00,9,0,0,0.00033600972
2024-12-04 17:30:00,9,0,0,0.0003274269
2024-12-04 17:45:00,9,0,0,0.00034198025
2024-12-04 18:00:00,9,0,0,0.0003334965
2024-12-04 18:15:00,9,0,0,0.00035151196
2024-12-04 18:30:00,9,0,0,0.00032940743
2024-12-04 18:45:00,9,0,0,0.000334166
2024-12-04 19:00:00,9,0,0,0.00037482294
2024-12-04 19:15:00,9,0,0,0.00035350746
2024-12-04 19:30:00,9,0,0,0.00035186426
2024-12-04 19:45:00,9,0,0,0.00033386672
2024-12-04 20:00:00,9,0,0,0.00035262507
2024-12-04 20:15:00,9,0,0,0.00035475194
2024-12-04 20:30:00,9,0,0,0.00038445258
2024-12-04 20:45:00,9,0,0,0.00036630867
2024-12-04 21:00:00,9,0,0,0.00036725195
2024-12-04 21:15:00,9,0,0,0.00038480276
2024-12-04 21:30:00,9,0,0,0.00037571523
2024-12-04 21:45:00,9,0,0,0.0003693066
2024-12-04 22:00:00,9,0,0,0.0003586849
2024-12-04 22:15:00,9,0,0,0.00035734498
2024-12-04 22:30:00,9,0,0,0.0003578583
2024-12-04 22:45:00,9,0,0,0.00033106995
2024-12-04 23:00:00,9,0,0,0.00032373675
2024-12-04 23:15:00,9,0,0,0.0003353946
2024-12-04 23:30:00,9,0,0,0.0003498375
2024-12-04 23:45:00,9,0,0,0.00033043005
2024-12-05 00:15:00,9,0,0,0.0003486567
2024-12-05 00:30:00,9,0,0,0.0003384082
2024-12-05 00:45:00,9,0,0,0.00034830338
2024-12-05 01:00:00,9,0,0,0.0003182467
2024-12-05 01:15:00,9,0,0,0.0003321302
2024-12-05 01:30:00,9,0,0,0.00033634395
2024-12-05 01:45:00,9,0,0,0.00032853414
2024-12-05 02:00:00,9,0,0,0.0003269448
2024-12-05 02:15:00,9,0,0,0.00031518596
2024-12-05 02:30:00,9,0,0,0.0003229079
2024-12-05 02:45:00,9,0,0,0.0003302191
2024-12-05 03:00:00,9,0,0,0.00034003422
2024-12-05 03:15:00,9,0,0,0.00033724384
2024-12-05 03:30:00,9,0,0,0.00034126497
2024-12-05 03:45:00,9,0,0,0.0003314964
2024-12-05 04:00:00,9,0,0,0.00033230067
2024-12-05 04:15:00,9,0,0,0.00031940755
2024-12-05 04:30:00,9,0,0,0.00032574052
2024-12-05 04:45:00,9,0,0,0.00032936575
2024-12-05 05:00:00,9,0,0,0.00033836195
2024-12-05 05:15:00,9,0,0,0.00033976918
2024-12-05 05:30:00,9,0,0,0.00036618576
2024-12-05 05:45:00,9,0,0,0.00046880165
2024-12-05 06:00:00,9,0,0,0.0006003953
2024-12-05 06:15:00,9,0,0,0.056076944
2024-12-05 06:30:00,9,0,0,0.20446478
2024-12-05 06:45:00,9,0,1,0.5469815
2024-12-05 07:00:00,9,0,0,0.34035248
2024-12-05 07:15:00,9,0,1,0.52009034
2024-12-05 07:30:00,9,0,1,0.5634508
2024-12-05 07:45:00,9,0,1,0.54199415
2024-12-05 08:00:00,9,1,0,0.37563264
2024-12-05 08:15:00,9,1,0,0.06262492
2024-12-05 08:30:00,9,1,0,0.22409818
2024-12-05 08:45:00,9,1,0,0.349478
2024-12-05 09:00:00,9,1,0,0.28841117
2024-12-05 09:15:00,9,0,0,0.010198209
2024-12-05 09:30:00,9,0,0,0.026088241
2024-12-05 09:45:00,9,1,0,0.015137288
2024-12-05 10:00:00,9,0,0,0.04174055
2024-12-05 10:15:00,9,0,0,0.027254654
2024-12-05 10:30:00,9,0,0,0.01730238
2024-12-05 10:45:00,9,0,0,0.0012250586
2024-12-05 11:00:00,9,0,0,0.00092824386
2024-12-05 11:15:00,9,0,0,0.0026503317
2024-12-05 11:30:00,9,0,0,0.00096805225
2024-12-05 11:45:00,9,0,0,0.0012374143
2024-12-05 12:00:00,9,0,0,0.0006337032
2024-12-05 12:15:00,9,0,0,0.00080882007
2024-12-05 12:30:00,9,0,0,0.0008879147
2024-12-05 12:45:00,9,0,0,0.0007771217
2024-12-05 13:00:00,9,0,0,0.00066055945
2024-12-05 13:15:00,9,0,0,0.0007484106
2024-12-05 13:30:00,9,0,0,0.0008786487
2024-12-05 13:45:00,9,0,0,0.0006956083
2024-12-05 14:00:00,9,0,0,0.00062852865
2024-12-05 14:15:00,9,0,0,0.00060620956
2024-12-05 14:30:00,9,0,0,0.00055925973
2024-12-05 14:45:00,9,0,0,0.00045162227
2024-12-05 15:00:00,9,0,0,0.00048154514
2024-12-05 15:15:00,9,0,0,0.00055225065
2024-12-05 15:30:00,9,0,0,0.0004856484
2024-12-05 15:45:00,9,0,0,0.0004205684
2024-12-05 16:00:00,9,0,0,0.00050686946
2024-12-05 16:15:00,9,0,0,0.00046130543
2024-12-05 16:30:00,9,0,0,0.00046270102
2024-12-05 16:45:00,9,0,0,0.0009675487
2024-12-05 17:00:00,9,0,0,0.007903693
2024-12-05 17:15:00,9,0,0,0.0012585135
2024-12-05 17:30:00,9,0,0,0.0021261554
2024-12-05 17:45:00,9,0,0,0.0019075404
2024-12-05 18:00:00,9,0,0,0.00090553076
2024-12-05 18:15:00,9,0,0,0.00071737537
2024-12-05 18:30:00,9,0,0,0.0006915553
2024-12-05 18:45:00,9,0,0,0.00074713153
2024-12-05 19:00:00,9,0,0,0.000659649
2024-12-05 19:15:00,9,0,0,0.0007347189
2024-12-05 19:30:00,9,0,0,0.0007268994
2024-12-05 19:45:00,9,0,0,0.0007384196
2024-12-05 20:00:00,9,0,0,0.00067429227
2024-12-05 20:15:00,9,0,0,0.0006582838
2024-12-05 20:30:00,9,0,0,0.00065168965
2024-12-05 20:45:00,9,0,0,0.001094871
2024-12-05 21:00:00,9,0,0,0.0015765266
2024-12-05 21:15:00,9,0,0,0.0014957928
2024-12-05 21:30:00,9,0,0,0.0014331482
2024-12-05 21:45:00,9,0,0,0.0012757904
2024-12-05 22:00:00,9,0,0,0.0012512386
2024-12-05 22:15:00,9,0,0,0.0012096561
2024-12-05 22:30:00,9,0,0,0.0011763347
2024-12-05 22:45:00,9,0,0,0.00078278343
2024-12-05 23:00:00,9,0,0,0.0006500553
2024-12-05 23:15:00,9,0,0,0.00058484357
2024-12-05 23:30:00,9,0,0,0.00047315934
2024-12-05 23:45:00,9,0,0,0.0005177111
2024-12-06 00:15:00,9,0,0,0.0004105286
2024-12-06 00:30:00,9,0,0,0.00045233697
2024-12-06 00:45:00,9,0,0,0.00046599563
2024-12-06 01:00:00,9,0,0,0.00042649408
2024-12-06 01:15:00,9,0,0,0.00045453402
2024-12-06 01:30:00,9,0,0,0.00043568082
2024-12-06 01:45:00,9,0,0,0.0004058245
2024-12-06 02:00:00,9,0,0,0.0004936363
2024-12-06 02:15:00,9,0,0,0.00051249657
2024-12-06 02:30:00,9,0,0,0.000577755
2024-12-06 02:45:00,9,0,0,0.00048941304
2024-12-06 03:00:00,9,0,0,0.00048165504
2024-12-06 03:15:00,9,0,0,0.00048568874
2024-12-06 03:30:00,9,0,0,0.00050722604
2024-12-06 03:45:00,9,0,0,0.0005671752
2024-12-06 04:00:00,9,0,0,0.0005321629
2024-12-06 04:15:00,9,0,0,0.000527286
2024-12-06 04:30:00,9,0,0,0.00047699278
2024-12-06 04:45:00,9,0,0,0.00044083563
2024-12-06 05:00:00,9,0,0,0.00047493534
2024-12-06 05:15:00,9,0,0,0.0004102021
2024-12-06 05:30:00,9,0,0,0.00045920073
2024-12-06 05:45:00,9,0,0,0.00045343008
2024-12-06 06:00:00,9,0,0,0.00045623968
2024-12-06 06:15:00,9,0,0,0.00049223914
2024-12-06 06:30:00,9,0,0,0.00047073915
2024-12-06 06:45:00,9,0,0,0.00045384857
2024-12-06 07:00:00,9,0,0,0.00076507626
2024-12-06 07:15:00,9,0,0,0.0006583068
2024-12-06 07:30:00,9,0,0,0.0009366218
2024-12-06 07:45:00,9,0,0,0.00095285743
2024-12-06 08:00:00,9,0,0,0.0009887208
2024-12-06 08:15:00,9,0,0,0.0007123539
2024-12-06 08:30:00,9,0,0,0.00086126133
2024-12-06 08:45:00,9,0,0,0.0007166654
2024-12-06 09:00:00,9,0,0,0.0026951362
2024-12-06 09:15:00,9,0,0,0.023257405
2024-12-06 09:30:00,9,0,0,0.011362079
2024-12-06 09:45:00,9,0,0,0.00074630015
2024-12-06 10:00:00,9,0,0,0.0007419848
2024-12-06 10:15:00,9,0,0,0.002269193
2024-12-06 10:30:00,9,0,0,0.0035123676
2024-12-06 10:45:00,9,0,0,0.0056258608
2024-12-06 11:00:00,9,0,0,0.0011635522
2024-12-06 11:15:00,9,0,0,0.00098767
2024-12-06 11:30:00,9,0,0,0.0012620451
2024-12-06 11:45:00,9,0,0,0.013509365
2024-12-06 12:00:00,9,0,0,0.004555347
2024-12-06 12:15:00,9,0,0,0.004630396
2024-12-06 12:30:00,9,0,0,0.0038041645
2024-12-06 12:45:00,9,0,0,0.0027258575
2024-12-06 13:00:00,9,0,0,0.0043968526
2024-12-06 13:15:00,9,0,0,0.007971792
2024-12-06 13:30:00,9,0,0,0.004493927
2024-12-06 13:45:00,9,0,0,0.0014737034
2024-12-06 14:00:00,9,0,0,0.0016933344
2024-12-06 14:15:00,9,0,0,0.0019891171
2024-12-06 14:30:00,9,0,0,0.0013520053
2024-12-06 14:45:00,9,0,0,0.0010138714
2024-12-06 15:00:00,9,0,0,0.00063635467
2024-12-06 15:15:00,9,0,0,0.00084070273
2024-12-06 15:30:00,9,0,0,0.0011375713
2024-12-06 15:45:00,9,0,0,0.00058642577
2024-12-06 16:00:00,9,0,0,0.0005299637
2024-12-06 16:15:00,9,0,0,0.00062992284
2024-12-06 16:30:00,9,0,0,0.00052836584
2024-12-06 16:45:00,9,0,0,0.0006893724
2024-12-06 17:00:00,9,0,0,0.00046986598
2024-12-06 17:15:00,9,0,0,0.00035865422
2024-12-06 17:30:00,9,0,0,0.00037019848
2024-12-06 17:45:00,9,0,0,0.000364505
2024-12-06 18:00:00,9,0,0,0.00036110645
2024-12-06 18:15:00,9,0,0,0.00034514652
2024-12-06 18:30:00,9,0,0,0.00033524705
2024-12-06 18:45:00,9,0,0,0.00033250774
2024-12-06 19:00:00,9,0,0,0.0003322679
2024-12-06 19:15:00,9,0,0,0.0003239412
2024-12-06 19:30:00,9,0,0,0.0003048507
2024-12-06 19:45:00,9,0,0,0.00031116392
2024-12-06 20:00:00,9,0,0,0.00031957947
2024-12-06 20:15:00,9,0,0,0.00031847222
2024-12-06 20:30:00,9,0,0,0.00030249916
2024-12-06 20:45:00,9,0,0,0.00033861474
2024-12-06 21:00:00,9,0,0,0.00033530034
2024-12-06 21:15:00,9,0,0,0.00031361487
2024-12-06 21:30:00,9,0,0,0.00033111795
2024-12-06 21:45:00,9,0,0,0.00030399955
2024-12-06 22:00:00,9,0,0,0.00030717166
2024-12-06 22:15:00,9,0,0,0.0003064068
2024-12-06 22:30:00,9,0,0,0.00031862906
2024-12-06 22:45:00,9,0,0,0.00033893777
2024-12-06 23:00:00,9,0,0,0.00030395656
2024-12-06 23:15:00,9,0,0,0.00035443337
2024-12-06 23:30:00,9,0,0,0.00035133786
2024-12-06 23:45:00,9,0,0,0.00035685228
2024-12-07 00:15:00,9,0,0,0.0003806017
2024-12-07 00:30:00,9,0,0,0.00037957993
2024-12-07 00:45:00,9,0,0,0.00042225127
2024-12-07 01:00:00,9,0,0,0.00040994605
2024-12-07 01:15:00,9,0,0,0.00038652986
2024-12-07 01:30:00,9,0,0,0.0004702138
2024-12-07 01:45:00,9,0,0,0.00048984686
2024-12-07 02:00:00,9,0,0,0.0005234736
2024-12-07 02:15:00,9,0,0,0.00056476996
2024-12-07 02:30:00,9,0,0,0.0005114309
2024-12-07 02:45:00,9,0,0,0.000507177
2024-12-07 03:00:00,9,0,0,0.00064800034
2024-12-07 03:15:00,9,0,0,0.0005768757
2024-12-07 03:30:00,9,0,0,0.0006085594
2024-12-07 03:45:00,9,0,0,0.0006326292
2024-12-07 04:00:00,9,0,0,0.00058298494
2024-12-07 04:15:00,9,0,0,0.00056722807
2024-12-07 04:30:00,9,0,0,0.000566868
2024-12-07 04:45:00,9,0,0,0.0005606668
2024-12-07 05:00:00,9,0,0,0.00068249466
2024-12-07 05:15:00,9,0,0,0.001086272
2024-12-07 05:30:00,9,0,0,0.00087997166
2024-12-07 05:45:00,9,0,0,0.00086194795
2024-12-07 06:00:00,9,0,0,0.0011315651
2024-12-07 06:15:00,9,0,0,0.0009581587
2024-12-07 06:30:00,9,0,0,0.00075290236
2024-12-07 06:45:00,9,0,0,0.0007231495
2024-12-07 07:00:00,9,0,0,0.0007296712
2024-12-07 07:15:00,9,0,0,0.00070306
2024-12-07 07:30:00,9,0,0,0.00066818553
2024-12-07 07:45:00,9,0,0,0.00065819395
2024-12-07 08:00:00,9,0,0,0.0007104017
2024-12-07 08:15:00,9,0,0,0.0006763953
2024-12-07 08:30:00,9,0,0,0.00064251275
2024-12-07 08:45:00,9,0,0,0.00068981864
2024-12-07 09:00:00,9,0,0,0.00066579063
2024-12-07 09:15:00,9,0,0,0.000613194
2024-12-07 09:30:00,9,0,0,0.0005941601
2024-12-07 09:45:00,9,0,0,0.000565785
2024-12-07 10:00:00,9,0,0,0.0005444331
2024-12-07 10:15:00,9,0,0,0.0004980576
2024-12-07 10:30:00,9,0,0,0.0004439932
2024-12-07 10:45:00,9,0,0,0.00049395044
2024-12-07 11:00:00,9,0,0,0.0004516458
2024-12-07 11:15:00,9,0,0,0.00042546738
2024-12-07 11:30:00,9,0,0,0.00041699788
2024-12-07 11:45:00,9,0,0,0.0003977088
2024-12-07 12:00:00,9,0,0,0.00045525617
2024-12-07 12:15:00,9,0,0,0.00046389934
2024-12-07 12:30:00,9,0,0,0.00044180668
2024-12-07 12:45:00,9,0,0,0.0004303071
2024-12-07 13:00:00,9,0,0,0.00044090475
2024-12-07 13:15:00,9,0,0,0.00044195066
2024-12-07 13:30:00,9,0,0,0.0004212752
2024-12-07 13:45:00,9,0,0,0.00045002956
2024-12-07 14:00:00,9,0,0,0.00045000436
2024-12-07 14:15:00,9,0,0,0.0004456503
2024-12-07 14:30:00,9,0,0,0.0004847336
2024-12-07 14:45:00,9,0,0,0.0004779041
2024-12-07 15:00:00,9,0,0,0.00049560016
2024-12-07 15:15:00,9,0,0,0.00047936605
2024-12-07 15:30:00,9,0,0,0.0004545311
2024-12-07 15:45:00,9,0,0,0.0004114554
2024-12-07 16:00:00,9,0,0,0.00040879592
2024-12-07 16:15:00,9,0,0,0.00041932892
2024-12-07 16:30:00,9,0,0,0.00039586498
2024-12-07 16:45:00,9,0,0,0.00040491926
2024-12-07 17:00:00,9,0,0,0.0003879692
2024-12-07 17:15:00,9,0,0,0.00039672374
2024-12-07 17:30:00,9,0,0,0.00038430942
2024-12-07 17:45:00,9,0,0,0.00040384682
2024-12-07 18:00:00,9,0,0,0.0003709143
2024-12-07 18:15:00,9,0,0,0.0003644918
2024-12-07 18:30:00,9,0,0,0.0003671333
2024-12-07 18:45:00,9,0,0,0.0003534821
2024-12-07 19:00:00,9,0,0,0.00035174712
2024-12-07 19:15:00,9,0,0,0.00034751874
2024-12-07 19:30:00,9,0,0,0.00036015868
2024-12-07 19:45:00,9,0,0,0.00036154388
2024-12-07 20:00:00,9,0,0,0.00035275315
2024-12-07 20:15:00,9,0,0,0.00035201892
2024-12-07 20:30:00,9,0,0,0.0003537688
2024-12-07 20:45:00,9,0,0,0.00035385453
2024-12-07 21:00:00,9,0,0,0.00036729235
2024-12-07 21:15:00,9,0,0,0.00035315266
2024-12-07 21:30:00,9,0,0,0.00036175794
2024-12-07 21:45:00,9,0,0,0.00036360833
2024-12-07 22:00:00,9,0,0,0.00034699577
2024-12-07 22:15:00,9,0,0,0.00034413097
2024-12-07 22:30:00,9,0,0,0.00034499957
2024-12-07 22:45:00,9,0,0,0.00035390374
2024-12-07 23:00:00,9,0,0,0.00035647806
2024-12-07 23:15:00,9,0,0,0.00035341427
2024-12-07 23:30:00,9,0,0,0.0003566745
2024-12-07 23:45:00,9,0,0,0.00035505873
2024-12-08 00:15:00,9,0,0,0.00035046326
2024-12-08 00:30:00,9,0,0,0.00035639096
2024-12-08 00:45:00,9,0,0,0.00035687382
2024-12-08 01:00:00,9,0,0,0.00037367438
2024-12-08 01:15:00,9,0,0,0.00037363757
2024-12-08 01:30:00,9,0,0,0.00036661042
2024-12-08 01:45:00,9,0,0,0.0003574668
2024-12-08 02:00:00,9,0,0,0.00035953533
2024-12-08 02:15:00,9,0,0,0.0003644393
2024-12-08 02:30:00,9,0,0,0.00035912846
2024-12-08 02:45:00,9,0,0,0.0003645457
2024-12-08 03:00:00,9,0,0,0.0003877565
2024-12-08 03:15:00,9,0,0,0.00037115396
2024-12-08 03:30:00,9,0,0,0.00037356082
2024-12-08 03:45:00,9,0,0,0.00036148276
2024-12-08 04:00:00,9,0,0,0.00036490345
2024-12-08 04:15:00,9,0,0,0.00035622888
2024-12-08 04:30:00,9,0,0,0.000360073
2024-12-08 04:45:00,9,0,0,0.00035913882
2024-12-08 05:00:00,9,0,0,0.00035900573
2024-12-08 05:15:00,9,0,0,0.00035906865
2024-12-08 05:30:00,9,0,0,0.0003632708
2024-12-08 05:45:00,9,0,0,0.00036154166
2024-12-08 06:00:00,9,0,0,0.00036127644
2024-12-08 06:15:00,9,0,0,0.00036295183
2024-12-08 06:30:00,9,0,0,0.00036542607
2024-12-08 06:45:00,9,0,0,0.00036471532
2024-12-08 07:00:00,9,0,0,0.0003640057
2024-12-08 07:15:00,9,0,0,0.00037190542
2024-12-08 07:30:00,9,0,0,0.00036795388
2024-12-08 07:45:00,9,0,0,0.0003652541
2024-12-08 08:00:00,9,0,0,0.0003609464
2024-12-08 08:15:00,9,0,0,0.00036602333
2024-12-08 08:30:00,9,0,0,0.0003629328
2024-12-08 08:45:00,9,0,0,0.00036532638
2024-12-08 09:00:00,9,0,0,0.00035914188
2024-12-08 09:15:00,9,0,0,0.00036149533
2024-12-08 09:30:00,9,0,0,0.0003637539
2024-12-08 09:45:00,9,0,0,0.00036342468
2024-12-08 10:00:00,9,0,0,0.0003639331
2024-12-08 10:15:00,9,0,0,0.00035962337
2024-12-08 10:30:00,9,0,0,0.00036101067
2024-12-08 10:45:00,9,0,0,0.00036125208
2024-12-08 11:00:00,9,0,0,0.00035383334
2024-12-08 11:15:00,9,0,0,0.0003625
2024-12-08 11:30:00,9,0,0,0.0003529838
2024-12-08 11:45:00,9,0,0,0.00035394824
2024-12-08 12:00:00,9,0,0,0.00035667123
2024-12-08 12:15:00,9,0,0,0.0003589829
2024-12-08 12:30:00,9,0,0,0.00034765154
2024-12-08 12:45:00,9,0,0,0.00035989747
2024-12-08 13:00:00,9,0,0,0.00035837156
2024-12-08 13:15:00,9,0,0,0.00035553664
2024-12-08 13:30:00,9,0,0,0.00036619947
2024-12-08 13:45:00,9,0,0,0.000373216
2024-12-08 14:00:00,9,0,0,0.00037503798
2024-12-08 14:15:00,9,0,0,0.0003702795
2024-12-08 14:30:00,9,0,0,0.00035126996
2024-12-08 14:45:00,9,0,0,0.00036106017
2024-12-08 15:00:00,9,0,0,0.00036785257
2024-12-08 15:15:00,9,0,0,0.0003411646
2024-12-08 15:30:00,9,0,0,0.0003455394
2024-12-08 15:45:00,9,0,0,0.0003588768
2024-12-08 16:00:00,9,0,0,0.00037313878
2024-12-08 16:15:00,9,0,0,0.00037609175
2024-12-08 16:30:00,9,0,0,0.00036481096
2024-12-08 16:45:00,9,0,0,0.00037487058
2024-12-08 17:00:00,9,0,0,0.0003698896
2024-12-08 17:15:00,9,0,0,0.0003982102
2024-12-08 17:30:00,9,0,0,0.00041555316
2024-12-08 17:45:00,9,0,0,0.00046206918
2024-12-08 18:00:00,9,0,0,0.00047533796
2024-12-08 18:15:00,9,0,0,0.00045015616
2024-12-08 18:30:00,9,0,0,0.0007199084
2024-12-08 18:45:00,9,0,0,0.00057255925
2024-12-08 19:00:00,9,0,0,0.000583793
2024-12-08 19:15:00,9,0,0,0.00057844975
2024-12-08 19:30:00,9,0,0,0.0006069916
2024-12-08 19:45:00,9,0,0,0.0003508519
2024-12-08 20:00:00,9,0,0,0.0003268051
2024-12-08 20:15:00,9,0,0,0.00036153567
2024-12-08 20:30:00,9,0,0,0.00036544312
2024-12-08 20:45:00,9,0,0,0.00034780367
2024-12-08 21:00:00,9,0,0,0.00035609945
2024-12-08 21:15:00,9,0,0,0.00036239647
2024-12-08 21:30:00,9,0,0,0.00037960455
2024-12-08 21:45:00,9,0,0,0.0003754843
2024-12-08 22:00:00,9,0,0,0.00037367147
2024-12-08 22:15:00,9,0,0,0.00039271
2024-12-08 22:30:00,9,0,0,0.00039697922
2024-12-08 22:45:00,9,0,0,0.00039735893
2024-12-08 23:00:00,9,0,0,0.00040052817
2024-12-08 23:15:00,9,0,0,0.00040384394
2024-12-08 23:30:00,9,0,0,0.00039791103
2024-12-08 23:45:00,9,0,0,0.00048795715
2024-12-09 00:15:00,9,0,0,0.0004672723
2024-12-09 00:30:00,9,0,0,0.00039906913
2024-12-09 00:45:00,9,0,0,0.00039870632
2024-12-09 01:00:00,9,0,0,0.00040504683
2024-12-09 01:15:00,9,0,0,0.0004140868
2024-12-09 01:30:00,9,0,0,0.000409764
2024-12-09 01:45:00,9,0,0,0.00042907265
2024-12-09 02:00:00,9,0,0,0.0005568691
2024-12-09 02:15:00,9,0,0,0.00055764755
2024-12-09 02:30:00,9,0,0,0.00071567873
2024-12-09 02:45:00,9,0,0,0.0008492942
2024-12-09 03:00:00,9,0,0,0.0005918748
2024-12-09 03:15:00,9,0,0,0.0005743978
2024-12-09 03:30:00,9,0,0,0.00048481618
2024-12-09 03:45:00,9,0,0,0.0004241636
2024-12-09 04:00:00,9,0,0,0.00044477658
2024-12-09 04:15:00,9,0,0,0.000577891
2024-12-09 04:30:00,9,0,0,0.0004732339
2024-12-09 04:45:00,9,0,0,0.00047158575
2024-12-09 05:00:00,9,0,0,0.00041770146
2024-12-09 05:15:00,9,0,0,0.00042451007
2024-12-09 05:30:00,9,0,0,0.00040505978
2024-12-09 05:45:00,9,0,0,0.0004676186
2024-12-09 06:00:00,9,0,0,0.000496914
2024-12-09 06:15:00,9,0,0,0.00060528325
2024-12-09 06:30:00,9,0,0,0.0005327182
2024-12-09 06:45:00,9,0,0,0.0005128365
2024-12-09 07:00:00,9,0,0,0.00046715958
2024-12-09 07:15:00,9,0,0,0.00045855466
2024-12-09 07:30:00,9,0,0,0.00045338442
2024-12-09 07:45:00,9,0,0,0.0004638091
2024-12-09 08:00:00,9,0,0,0.00045788515
2024-12-09 08:15:00,9,0,0,0.00043020258
2024-12-09 08:30:00,9,0,0,0.0004425245
2024-12-09 08:45:00,9,0,0,0.00041496547
2024-12-09 09:00:00,9,0,0,0.00042977807
2024-12-09 09:15:00,9,0,0,0.0004222393
2024-12-09 09:30:00,9,0,0,0.00044316484
2024-12-09 09:45:00,9,0,0,0.00041544647
2024-12-09 10:00:00,9,0,0,0.0004357955
2024-12-09 10:15:00,9,0,0,0.0004196781
2024-12-09 10:30:00,9,0,0,0.00043675257
2024-12-09 10:45:00,9,0,0,0.00043323875
2024-12-09 11:00:00,9,0,0,0.00045068018
2024-12-09 11:15:00,9,0,0,0.00044977944
2024-12-09 11:30:00,9,0,0,0.00043390508
2024-12-09 11:45:00,9,0,0,0.000451562
2024-12-09 12:00:00,9,0,0,0.00043666488
2024-12-09 12:15:00,9,0,0,0.00045657606
2024-12-09 12:30:00,9,0,0,0.00046493058
2024-12-09 12:45:00,9,0,0,0.0004488752
2024-12-09 13:00:00,9,0,0,0.00044315652
2024-12-09 13:15:00,9,0,0,0.00045016245
2024-12-09 13:30:00,9,0,0,0.00046934464
2024-12-09 13:45:00,9,0,0,0.00044085292
2024-12-09 14:00:00,9,0,0,0.00044269304
2024-12-09 14:15:00,9,0,0,0.0004387304
2024-12-09 14:30:00,9,0,0,0.00044526302
2024-12-09 14:45:00,9,0,0,0.00041840973
2024-12-09 15:00:00,9,0,0,0.00042520938
2024-12-09 15:15:00,9,0,0,0.00038982154
2024-12-09 15:30:00,9,0,0,0.00043428945
2024-12-09 15:45:00,9,0,0,0.00041509283
2024-12-09 16:00:00,9,0,0,0.00041213268
2024-12-09 16:15:00,9,0,0,0.0004060941
2024-12-09 16:30:00,9,0,0,0.00039859023
2024-12-09 16:45:00,9,0,0,0.00041974487
2024-12-09 17:00:00,9,0,0,0.00040928007
2024-12-09 17:15:00,9,0,0,0.00040387845
2024-12-09 17:30:00,9,0,0,0.0004138009
2024-12-09 17:45:00,9,0,0,0.0004147002
2024-12-09 18:00:00,9,0,0,0.00039540543
2024-12-09 18:15:00,9,0,0,0.0003962743
2024-12-09 18:30:00,9,0,0,0.00039143398
2024-12-09 18:45:00,9,0,0,0.0003891139
2024-12-09 19:00:00,9,0,0,0.00040117756
2024-12-09 19:15:00,9,0,0,0.0003940143
2024-12-09 19:30:00,9,0,0,0.0003949668
2024-12-09 19:45:00,9,0,0,0.00035237055
2024-12-09 20:00:00,9,0,0,0.00036532624
2024-12-09 20:15:00,9,0,0,0.00036111297
2024-12-09 20:30:00,9,0,0,0.00037148266
2024-12-09 20:45:00,9,0,0,0.00038733444
2024-12-09 21:00:00,9,0,0,0.0004008694
2024-12-09 21:15:00,9,0,0,0.00039379532
2024-12-09 21:30:00,9,0,0,0.00043911426
2024-12-09 21:45:00,9,0,0,0.0003822078
2024-12-09 22:00:00,9,0,0,0.00040198662
2024-12-09 22:15:00,9,0,0,0.00039694176
2024-12-09 22:30:00,9,0,0,0.0003936659
2024-12-09 22:45:00,9,0,0,0.00043920314
2024-12-09 23:00:00,9,0,0,0.00043622256
2024-12-09 23:15:00,9,0,0,0.00042681064
2024-12-09 23:30:00,9,0,0,0.00043165925
2024-12-09 23:45:00,9,0,0,0.00045959343
2024-12-10 01:00:00,10,0,0,0.00021817801
2024-12-10 01:15:00,10,0,0,0.00020254379
2024-12-10 01:30:00,10,0,0,0.00020137067
2024-12-10 01:45:00,10,0,0,0.0001995413
2024-12-10 02:00:00,10,0,0,0.00020306751
2024-12-10 02:15:00,10,0,0,0.00021329928
2024-12-10 02:30:00,10,0,0,0.00020719568
2024-12-10 02:45:00,10,0,0,0.00021263199
2024-12-10 03:00:00,10,0,0,0.00021722553
2024-12-10 03:15:00,10,0,0,0.0002153448
2024-12-10 03:30:00,10,0,0,0.00020736184
2024-12-10 03:45:00,10,0,0,0.00021799147
2024-12-10 04:00:00,10,0,0,0.00020553001
2024-12-10 04:15:00,10,0,0,0.00021124011
2024-12-10 04:30:00,10,0,0,0.00021232426
2024-12-10 04:45:00,10,0,0,0.00020423798
2024-12-10 05:00:00,10,0,0,0.00020158413
2024-12-10 05:15:00,10,0,0,0.00021530788
2024-12-10 05:30:00,10,0,0,0.00022045088
2024-12-10 05:45:00,10,0,0,0.00021166628
2024-12-10 06:00:00,10,0,0,0.00022359245
2024-12-10 06:15:00,10,0,0,0.00024524963
2024-12-10 06:30:00,10,0,0,0.00021899633
2024-12-10 06:45:00,10,0,0,0.00021196695
2024-12-10 07:00:00,10,0,0,0.00020396333
2024-12-10 07:15:00,10,0,0,0.00022600508
2024-12-10 07:30:00,10,0,0,0.00024454342
2024-12-10 07:45:00,10,0,0,0.00022418503
2024-12-10 08:00:00,10,0,0,0.00023101144
2024-12-10 08:15:00,10,0,0,0.00021864574
2024-12-10 08:30:00,10,0,0,0.00022252249
2024-12-10 08:45:00,10,0,0,0.00021297636
2024-12-10 09:00:00,10,0,0,0.00022011306
2024-12-10 09:15:00,10,0,0,0.00022488914
2024-12-10 09:30:00,10,0,0,0.00021519513
2024-12-10 09:45:00,10,0,0,0.00021807631
2024-12-10 10:00:00,10,0,0,0.00021544856
2024-12-10 10:15:00,10,0,0,0.00022157337
2024-12-10 10:30:00,10,0,0,0.0002215053
2024-12-10 10:45:00,10,0,0,0.0002075262
2024-12-10 11:00:00,10,0,0,0.00019724957
2024-12-10 11:15:00,10,0,0,0.00020336191
2024-12-10 11:30:00,10,0,0,0.00020697758
2024-12-10 11:45:00,10,0,0,0.00021270705
2024-12-10 12:00:00,10,0,0,0.00023100965
2024-12-10 12:15:00,10,0,0,0.00022525099
2024-12-10 12:30:00,10,0,0,0.00022210785
2024-12-10 12:45:00,10,0,0,0.00022258464
2024-12-10 13:00:00,10,0,0,0.00022375592
2024-12-10 13:15:00,10,0,0,0.00021418552
2024-12-10 13:30:00,10,0,0,0.0002179146
2024-12-10 13:45:00,10,0,0,0.00021676077
2024-12-10 14:00:00,10,0,0,0.00023473946
2024-12-10 14:15:00,10,0,0,0.0002186902
2024-12-10 14:30:00,10,0,0,0.00025892654
2024-12-10 14:45:00,10,0,0,0.0002201362
2024-12-10 15:00:00,10,0,0,0.00024581348
2024-12-10 15:15:00,10,0,0,0.0002225986
2024-12-10 15:30:00,10,0,0,0.00023809324
2024-12-10 15:45:00,10,0,0,0.00023713028
2024-12-10 16:00:00,10,0,0,0.00025355534
2024-12-10 16:15:00,10,0,0,0.00022655011
2024-12-10 16:30:00,10,0,0,0.00023901639
2024-12-10 16:45:00,10,0,0,0.0002411846
2024-12-10 17:00:00,10,0,0,0.000245514
2024-12-10 17:15:00,10,0,0,0.00023462177
2024-12-10 17:30:00,10,0,0,0.00034581646
2024-12-10 17:45:00,10,0,0,0.00039524562
2024-12-10 18:00:00,10,0,0,0.00043660094
2024-12-10 18:15:00,10,0,0,0.00022823278
2024-12-10 18:30:00,10,0,0,0.00030178746
2024-12-10 18:45:00,10,0,0,0.0002302513
2024-12-10 19:00:00,10,0,0,0.00024930786
2024-12-10 19:15:00,10,0,0,0.00028718228
2024-12-10 19:30:00,10,0,0,0.00024595417
2024-12-10 19:45:00,10,0,0,0.00025026384
2024-12-10 20:00:00,10,0,0,0.00035125148
2024-12-10 20:15:00,10,0,0,0.00019793453
2024-12-10 20:30:00,10,0,0,0.0004034183
2024-12-10 20:45:00,10,0,0,0.0004365876
2024-12-10 21:00:00,10,0,0,0.0003038139
2024-12-10 21:15:00,10,0,0,0.0019762092
2024-12-10 21:30:00,10,0,0,0.00022388094
2024-12-10 21:45:00,10,0,0,0.00019190082
2024-12-10 22:00:00,10,0,0,0.00020350078
2024-12-10 22:15:00,10,0,0,0.00023483191
2024-12-10 22:30:00,10,0,0,0.00019956428
2024-12-10 23:00:00,10,0,0,0.00020709539
2024-12-10 23:15:00,10,0,0,0.00017969051
2024-12-10 23:30:00,10,0,0,0.0010246887
2024-12-10 23:45:00,10,0,0,0.0045234584
2024-12-11 00:15:00,10,0,0,0.00024994387
2024-12-11 00:30:00,10,0,0,0.00023526655
2024-12-11 00:45:00,10,0,0,0.00037358995
2024-12-11 01:00:00,10,0,0,0.0002082372
2024-12-11 01:15:00,10,0,0,0.00019397201
2024-12-11 01:30:00,10,0,0,0.00019628774
2024-12-11 01:45:00,10,0,0,0.00020526919
2024-12-11 02:00:00,10,0,0,0.00021639842
2024-12-11 02:15:00,10,0,0,0.00022560844
2024-12-11 02:30:00,10,0,0,0.00020940632
2024-12-11 02:45:00,10,0,0,0.0002566355
2024-12-11 03:00:00,10,0,0,0.00020817561
2024-12-11 03:15:00,10,0,0,0.0002011954
2024-12-11 03:30:00,10,0,0,0.00020446641
2024-12-11 03:45:00,10,0,0,0.00020099067
2024-12-11 04:00:00,10,0,0,0.00021339912
2024-12-11 04:15:00,10,0,0,0.00019834285
2024-12-11 04:30:00,10,0,0,0.0004110326
2024-12-11 04:45:00,10,0,0,0.0002540178
2024-12-11 05:00:00,10,0,0,0.00022648458
2024-12-11 05:15:00,10,0,0,0.00025182305
2024-12-11 05:30:00,10,0,0,0.0002724653
2024-12-11 05:45:00,10,0,0,0.0002703952
2024-12-11 06:00:00,10,0,0,0.000318962
2024-12-11 06:15:00,10,0,0,0.00027621427
2024-12-11 06:30:00,10,0,0,0.00023963115
2024-12-11 06:45:00,10,0,0,0.00044132874
2024-12-11 07:00:00,10,0,0,0.00026554757
2024-12-11 07:15:00,10,0,0,0.000241399
2024-12-11 07:30:00,10,0,0,0.00021783402
2024-12-11 07:45:00,10,0,0,0.00029850972
2024-12-11 08:00:00,10,0,0,0.00023622408
2024-12-11 08:15:00,10,0,0,0.00031968733
2024-12-11 08:30:00,10,0,0,0.00029120513
2024-12-11 08:45:00,10,0,0,0.000268603
2024-12-11 09:00:00,10,0,0,0.00021441939
2024-12-11 09:15:00,10,0,0,0.00031622945
2024-12-11 09:30:00,10,0,0,0.00030449388
2024-12-11 09:45:00,10,0,0,0.0003955663
2024-12-11 10:00:00,10,0,0,0.00033762833
2024-12-11 10:15:00,10,0,0,0.00028950768
2024-12-11 10:30:00,10,0,0,0.00024136237
2024-12-11 10:45:00,10,0,0,0.00034870344
2024-12-11 11:00:00,10,0,0,0.00027141615
2024-12-11 11:15:00,10,0,0,0.0003402657
2024-12-11 11:30:00,10,0,0,0.0002926104
2024-12-11 11:45:00,10,0,0,0.0002861446
2024-12-11 12:00:00,10,0,0,0.00026226614
2024-12-11 12:15:00,10,0,0,0.0002856364
2024-12-11 12:30:00,10,0,0,0.00029378562
2024-12-11 12:45:00,10,0,0,0.00026014808
2024-12-11 13:00:00,10,0,0,0.00026578247
2024-12-11 13:15:00,10,0,0,0.00034725724
2024-12-11 13:30:00,10,0,0,0.00027798128
2024-12-11 13:45:00,10,0,0,0.00029998203
2024-12-11 14:00:00,10,0,0,0.00032600836
2024-12-11 14:15:00,10,0,0,0.00029505522
2024-12-11 14:30:00,10,0,0,0.00028179982
2024-12-11 14:45:00,10,0,0,0.0003355064
2024-12-11 15:00:00,10,0,0,0.00032260775
2024-12-11 15:15:00,10,0,0,0.0002951985
2024-12-11 15:30:00,10,0,0,0.00024629972
2024-12-11 15:45:00,10,0,0,0.00024767837
2024-12-11 16:00:00,10,0,0,0.0002843385
2024-12-11 16:15:00,10,0,0,0.00052968884
2024-12-11 16:30:00,10,0,0,0.00032104703
2024-12-11 16:45:00,10,0,0,0.00032414158
2024-12-11 17:00:00,10,0,0,0.00039701659
2024-12-11 17:15:00,10,0,0,0.0003232432
2024-12-11 17:30:00,10,0,0,0.00044436552
2024-12-11 17:45:00,10,0,0,0.00081315485
2024-12-11 18:00:00,10,0,0,0.00057613355
2024-12-11 18:15:00,10,0,0,0.0034373552
2024-12-11 18:30:00,10,0,0,0.00054513075
2024-12-11 18:45:00,10,0,0,0.00064333866
2024-12-11 19:00:00,10,0,0,0.0010433024
2024-12-11 19:15:00,10,0,0,0.0008298686
2024-12-11 19:30:00,10,0,0,0.0002697453
2024-12-11 19:45:00,10,0,0,0.0003415375
2024-12-11 20:00:00,10,0,0,0.00022238541
2024-12-11 20:15:00,10,0,0,0.0002657143
2024-12-11 20:30:00,10,0,0,0.0003456338
2024-12-11 20:45:00,10,0,0,0.0002260852
2024-12-11 21:00:00,10,0,0,0.00030033555
2024-12-11 21:15:00,10,0,0,0.00027455526
2024-12-11 21:30:00,10,0,0,0.000232196
2024-12-11 21:45:00,10,0,0,0.00063297554
2024-12-11 22:00:00,10,0,0,0.00039716985
2024-12-11 22:15:00,10,0,0,0.0010345306
2024-12-11 22:30:00,10,0,0,0.009530056
2024-12-11 22:45:00,10,0,0,0.012516848
2024-12-11 23:00:00,10,0,0,0.051345017
2024-12-11 23:15:00,10,0,0,0.0059724706
2024-12-11 23:30:00,10,0,0,0.01662351
2024-12-11 23:45:00,10,0,0,0.029064784
2024-12-12 00:15:00,10,0,0,0.2234221
2024-12-12 00:30:00,10,0,0,0.12789942
2024-12-12 00:45:00,10,0,0,0.031669445
2024-12-12 01:00:00,10,0,0,0.016859036
2024-12-12 01:15:00,10,0,0,0.04339232
2024-12-12 01:30:00,10,0,0,0.055593
2024-12-12 01:45:00,10,0,0,0.076671995
2024-12-12 02:00:00,10,0,0,0.09516358
2024-12-12 02:15:00,10,0,0,0.06503206
2024-12-12 02:30:00,10,0,0,0.022001972
2024-12-12 02:45:00,10,0,0,0.27318874
2024-12-12 03:00:00,10,0,0,0.13181765
2024-12-12 03:15:00,10,0,0,0.060490973
2024-12-12 03:30:00,10,0,0,0.05079911
2024-12-12 03:45:00,10,0,0,0.097321816
2024-12-12 04:00:00,10,0,0,0.040827803
2024-12-12 04:15:00,10,0,0,0.09817967
2024-12-12 04:30:00,10,0,0,0.10741837
2024-12-12 04:45:00,10,0,1,0.49849892
2024-12-12 05:00:00,10,0,1,0.50834316
2024-12-12 05:15:00,10,0,1,0.56310236
2024-12-12 05:30:00,10,0,1,0.6200432
2024-12-12 05:45:00,10,0,1,0.57022226
2024-12-12 06:00:00,10,0,0,0.4557372
2024-12-12 06:15:00,10,0,0,0.14490052
2024-12-12 06:30:00,10,0,0,0.1650037
2024-12-12 06:45:00,10,0,0,0.2637026
2024-12-12 07:00:00,10,0,0,0.14473666
2024-12-12 07:15:00,10,0,0,0.017747577
2024-12-12 07:30:00,10,0,0,0.0082132835
2024-12-12 07:45:00,10,0,0,0.013567954
2024-12-12 08:00:00,10,0,0,0.0013757407
2024-12-12 08:15:00,10,0,0,0.0017194749
2024-12-12 08:30:00,10,0,0,0.001224617
2024-12-12 08:45:00,10,0,0,0.01433288
2024-12-12 09:00:00,10,0,0,0.0014303395
2024-12-12 09:15:00,10,0,0,0.0077376217
2024-12-12 09:30:00,10,0,0,0.0020233304
2024-12-12 09:45:00,10,0,0,0.0035365568
2024-12-12 10:00:00,10,0,0,0.26383737
2024-12-12 10:15:00,10,0,0,0.3510172
2024-12-12 10:30:00,10,0,0,0.33753774
2024-12-12 10:45:00,10,0,1,0.5245757
2024-12-12 11:00:00,10,0,1,0.5089151
2024-12-12 11:15:00,10,0,0,0.4534192
2024-12-12 11:30:00,10,0,1,0.4934342
2024-12-12 11:45:00,10,0,0,0.43250126
2024-12-12 12:00:00,10,0,1,0.524745
2024-12-12 12:15:00,10,0,0,0.026545033
2024-12-12 12:30:00,10,0,0,0.0012182344
2024-12-12 12:45:00,10,0,0,0.01892208
2024-12-12 13:00:00,10,0,0,0.30854213
2024-12-12 13:15:00,10,0,0,0.0009933278
2024-12-12 13:30:00,10,0,0,0.0013131485
2024-12-12 13:45:00,10,0,0,0.00043681383
2024-12-12 14:00:00,10,0,0,0.00038581394
2024-12-12 14:15:00,10,0,0,0.00040120157
2024-12-12 14:30:00,10,0,0,0.0005726836
2024-12-12 14:45:00,10,0,0,0.00038880736
2024-12-12 15:00:00,10,0,0,0.0004215911
2024-12-12 15:15:00,10,0,0,0.00041824122
2024-12-12 15:30:00,10,0,0,0.00051849755
2024-12-12 15:45:00,10,0,0,0.0006736797
2024-12-12 16:00:00,10,0,0,0.0003871817
2024-12-12 16:15:00,10,0,0,0.0005745505
2024-12-12 16:30:00,10,0,0,0.00046338805
2024-12-12 16:45:00,10,0,0,0.00041545022
2024-12-12 17:00:00,10,0,0,0.00036091515
2024-12-12 17:15:00,10,0,0,0.00036966876
2024-12-12 17:30:00,10,0,0,0.0003466484
2024-12-12 17:45:00,10,0,0,0.0005368118
2024-12-12 18:00:00,10,0,0,0.0003882596
2024-12-12 18:15:00,10,0,0,0.00029176672
2024-12-12 18:30:00,10,0,0,0.00032647199
2024-12-12 18:45:00,10,0,0,0.00065466936
2024-12-12 19:00:00,10,0,0,0.00042643302
2024-12-12 19:15:00,10,0,0,0.00037303293
2024-12-12 19:30:00,10,0,0,0.0004392501
2024-12-12 19:45:00,10,0,0,0.00031906093
2024-12-12 20:00:00,10,0,0,0.0003050536
2024-12-12 20:15:00,10,0,0,0.00033840095
2024-12-12 20:30:00,10,0,0,0.0003064569
2024-12-12 20:45:00,10,0,0,0.0002763332
2024-12-12 21:00:00,10,0,0,0.00025453742
2024-12-12 21:15:00,10,0,0,0.00031563957
2024-12-12 21:30:00,10,0,0,0.00034002776
2024-12-12 21:45:00,10,0,0,0.0002078043
2024-12-12 22:00:00,10,0,0,0.00020911473
2024-12-12 22:15:00,10,0,0,0.0002107692
2024-12-12 22:30:00,10,0,0,0.00017925061
2024-12-12 23:00:00,10,0,0,0.00018059899
2024-12-12 23:15:00,10,0,0,0.000185868
2024-12-12 23:30:00,10,0,0,0.00017421927
2024-12-12 23:45:00,10,0,0,0.00017776086
2024-12-13 00:15:00,10,0,0,0.00021131388
2024-12-13 00:30:00,10,0,0,0.0002501571
2024-12-13 00:45:00,10,0,0,0.00022127091
2024-12-13 01:00:00,10,0,0,0.00033079906
2024-12-13 01:15:00,10,0,0,0.0002241024
2024-12-13 01:30:00,10,0,0,0.000206465
2024-12-13 01:45:00,10,0,0,0.00023399202
2024-12-13 02:00:00,10,0,0,0.00025061154
2024-12-13 02:15:00,10,0,0,0.00026000073
2024-12-13 02:30:00,10,0,0,0.00026905895
2024-12-13 02:45:00,10,0,0,0.00032235004
2024-12-13 03:00:00,10,0,0,0.00026459168
2024-12-13 03:15:00,10,0,0,0.00025542226
2024-12-13 03:30:00,10,0,0,0.0002488092
2024-12-13 03:45:00,10,0,0,0.00047091342
2024-12-13 04:00:00,10,0,0,0.00033937301
2024-12-13 04:15:00,10,0,0,0.04611087
2024-12-13 04:30:00,10,0,0,0.008679976
2024-12-13 04:45:00,10,0,0,0.13915642
2024-12-13 05:00:00,10,1,0,0.03120149
2024-12-13 05:15:00,10,1,0,0.1215691
2024-12-13 05:30:00,10,1,0,0.011457955
2024-12-13 05:45:00,10,1,0,0.04018501
2024-12-13 06:00:00,10,1,0,0.03206629
2024-12-13 06:15:00,10,0,0,0.045042526
2024-12-13 06:30:00,10,1,0,0.11235883
2024-12-13 06:45:00,10,1,0,0.16398756
2024-12-13 07:00:00,10,1,0,0.16475366
2024-12-13 07:15:00,10,1,0,0.050583426
2024-12-13 07:30:00,10,1,0,0.20447765
2024-12-13 07:45:00,10,1,0,0.04067813
2024-12-13 08:00:00,10,1,0,0.009399256
2024-12-13 08:15:00,10,0,0,0.0020677303
2024-12-13 08:30:00,10,0,0,0.00056537066
2024-12-13 08:45:00,10,0,0,0.00046166967
2024-12-13 09:00:00,10,0,0,0.0043335957
2024-12-13 09:15:00,10,1,0,0.00172994
2024-12-13 09:30:00,10,1,0,0.0014944968
2024-12-13 09:45:00,10,0,0,0.0018570558
2024-12-13 10:00:00,10,0,0,0.000489794
2024-12-13 10:15:00,10,0,0,0.00040454106
2024-12-13 10:30:00,10,0,0,0.00039920432
2024-12-13 10:45:00,10,0,0,0.00044965194
2024-12-13 11:00:00,10,0,0,0.00044251807
2024-12-13 11:15:00,10,0,0,0.00095095654
2024-12-13 11:30:00,10,0,0,0.0066612964
2024-12-13 11:45:00,10,0,0,0.0058693234
2024-12-13 12:00:00,10,0,0,0.000787837
2024-12-13 12:15:00,10,0,0,0.0018857976
2024-12-13 12:30:00,10,0,0,0.0028484715
2024-12-13 12:45:00,10,0,0,0.00068024994
2024-12-13 13:00:00,10,0,0,0.0012317545
2024-12-13 13:15:00,10,0,0,0.0006396926
2024-12-13 13:30:00,10,0,0,0.0004190792
2024-12-13 13:45:00,10,0,0,0.0007063569
2024-12-13 14:00:00,10,0,0,0.41951588
2024-12-13 14:15:00,10,1,1,0.5385922
2024-12-13 14:30:00,10,0,1,0.6334464
2024-12-13 14:45:00,10,1,1,0.6217779
2024-12-13 15:00:00,10,0,1,0.65215284
2024-12-13 15:15:00,10,0,1,0.5732903
2024-12-13 15:30:00,10,1,0,0.3035396
2024-12-13 15:45:00,10,0,0,0.1376863
2024-12-13 16:00:00,10,1,0,0.38317814
2024-12-13 16:15:00,10,0,0,0.46161205
2024-12-13 16:30:00,10,1,0,0.09987763
2024-12-13 16:45:00,10,1,0,0.30233833
2024-12-13 17:00:00,10,1,0,0.36837015
2024-12-13 17:15:00,10,0,0,0.44180447
2024-12-13 17:30:00,10,0,0,0.4415824
2024-12-13 17:45:00,10,1,1,0.6970691
2024-12-13 18:00:00,10,1,1,0.7617795
2024-12-13 18:15:00,10,1,1,0.87282777
2024-12-13 18:30:00,10,1,1,0.87215114
2024-12-13 18:45:00,10,1,1,0.8830899
2024-12-13 19:00:00,10,0,1,0.87745607
2024-12-13 19:15:00,10,0,1,0.88226897
2024-12-13 19:30:00,10,0,1,0.87465316
2024-12-13 19:45:00,10,1,1,0.87872
2024-12-13 20:00:00,10,1,1,0.8801453
2024-12-13 20:15:00,10,1,1,0.8826397
2024-12-13 20:30:00,10,1,1,0.88436913
2024-12-13 20:45:00,10,1,1,0.8823471
2024-12-13 21:00:00,10,0,1,0.8831857
2024-12-13 21:15:00,10,1,1,0.820714
2024-12-13 21:30:00,10,1,1,0.83002764
2024-12-13 21:45:00,10,1,1,0.7204044
2024-12-13 22:00:00,10,1,1,0.63832736
2024-12-13 22:15:00,10,0,1,0.53426886
2024-12-13 22:30:00,10,1,1,0.73439467
2024-12-13 22:45:00,10,1,1,0.7873276
2024-12-13 23:00:00,10,1,1,0.81516653
2024-12-13 23:15:00,10,1,1,0.7075344
2024-12-13 23:30:00,10,1,1,0.6455746
2024-12-13 23:45:00,10,1,1,0.62891173
2024-12-14 00:15:00,10,0,0,0.47416028
2024-12-14 00:30:00,10,0,1,0.58516675
2024-12-14 00:45:00,10,0,1,0.59867346
2024-12-14 01:00:00,10,1,1,0.6596448
2024-12-14 01:15:00,10,1,1,0.57311165
2024-12-14 01:30:00,10,1,1,0.6814166
2024-12-14 01:45:00,10,1,1,0.70800394
2024-12-14 02:00:00,10,1,1,0.69447845
2024-12-14 02:15:00,10,1,1,0.6719133
2024-12-14 02:30:00,10,1,1,0.6603616
2024-12-14 02:45:00,10,1,1,0.6646088
2024-12-14 03:00:00,10,1,1,0.6796268
2024-12-14 03:15:00,10,1,1,0.6350207
2024-12-14 03:30:00,10,1,0,0.47832817
2024-12-14 03:45:00,10,1,0,0.48170522
2024-12-14 04:00:00,10,1,0,0.2599893
2024-12-14 04:15:00,10,1,0,0.040313523
2024-12-14 04:30:00,10,1,0,0.11602223
2024-12-14 04:45:00,10,1,0,0.067284815
2024-12-14 05:00:00,10,1,0,0.0583049
2024-12-14 05:15:00,10,1,0,0.07651058
2024-12-14 05:30:00,10,0,0,0.08505067
2024-12-14 05:45:00,10,0,0,0.036858868
2024-12-14 06:00:00,10,0,0,0.04361569
2024-12-14 06:15:00,10,1,0,0.22356229
2024-12-14 06:30:00,10,1,0,0.24325548
2024-12-14 06:45:00,10,1,1,0.559286
2024-12-14 07:00:00,10,1,0,0.37907544
2024-12-14 07:15:00,10,1,1,0.6138833
2024-12-14 07:30:00,10,1,1,0.59450597
2024-12-14 07:45:00,10,1,1,0.69869685
2024-12-14 08:00:00,10,1,1,0.7114442
2024-12-14 08:15:00,10,1,1,0.6113803
2024-12-14 08:30:00,10,1,1,0.56742984
2024-12-14 08:45:00,10,1,1,0.50693667
2024-12-14 09:00:00,10,1,1,0.5554177
2024-12-14 09:15:00,10,1,0,0.41722602
2024-12-14 09:30:00,10,1,0,0.3854616
2024-12-14 09:45:00,10,1,0,0.005265452
2024-12-14 10:00:00,10,1,0,0.017816082
2024-12-14 10:15:00,10,1,0,0.061013903
2024-12-14 10:30:00,10,1,0,0.23488694
2024-12-14 10:45:00,10,1,0,0.018779472
2024-12-14 11:00:00,10,1,0,0.0047862153
2024-12-14 11:15:00,10,1,0,0.0022559809
2024-12-14 11:30:00,10,1,0,0.008188584
2024-12-14 11:45:00,10,1,0,0.009756527
2024-12-14 12:00:00,10,1,0,0.0049062804
2024-12-14 12:15:00,10,1,0,0.0037899397
2024-12-14 12:30:00,10,1,0,0.034256194
2024-12-14 12:45:00,10,1,0,0.0054831877
2024-12-14 13:00:00,10,0,0,0.0018173839
2024-12-14 13:15:00,10,1,0,0.0028076805
2024-12-14 13:30:00,10,1,0,0.009651001
2024-12-14 13:45:00,10,1,0,0.01052846
2024-12-14 14:00:00,10,1,0,0.027159989
2024-12-14 14:15:00,10,1,0,0.013378472
2024-12-14 14:30:00,10,1,0,0.019678116
2024-12-14 14:45:00,10,1,0,0.052596528
2024-12-14 15:00:00,10,1,0,0.117638014
2024-12-14 15:15:00,10,1,0,0.17793891
2024-12-14 15:30:00,10,1,0,0.13289233
2024-12-14 15:45:00,10,1,0,0.107333295
2024-12-14 16:00:00,10,1,0,0.41089156
2024-12-14 16:15:00,10,1,0,0.40042278
2024-12-14 16:30:00,10,0,1,0.5251445
2024-12-14 16:45:00,10,1,0,0.42275408
2024-12-14 17:00:00,10,1,0,0.35605195
2024-12-14 17:15:00,10,1,1,0.670805
2024-12-14 17:30:00,10,1,1,0.55281353
2024-12-14 17:45:00,10,1,1,0.6792827
2024-12-14 18:00:00,10,1,1,0.6951792
2024-12-14 18:15:00,10,1,1,0.63803124
2024-12-14 18:30:00,10,1,1,0.6632057
2024-12-14 18:45:00,10,1,1,0.5835871
2024-12-14 19:00:00,10,1,1,0.5470804
2024-12-14 19:15:00,10,1,0,0.44286767
2024-12-14 19:30:00,10,1,0,0.37712556
2024-12-14 19:45:00,10,1,1,0.5941206
2024-12-14 20:00:00,10,1,1,0.57097375
2024-12-14 20:15:00,10,0,0,0.40598014
2024-12-14 20:30:00,10,0,0,0.095543526
2024-12-14 20:45:00,10,0,0,0.012718505
2024-12-14 21:00:00,10,0,0,0.0012634221
2024-12-14 21:15:00,10,0,0,0.0010826262
2024-12-14 21:30:00,10,0,0,0.0005444198
2024-12-14 21:45:00,10,0,0,0.00044496945
2024-12-14 22:00:00,10,0,0,0.0006717794
2024-12-14 22:15:00,10,0,0,0.001215656
2024-12-14 22:30:00,10,0,0,0.008568871
2024-12-14 22:45:00,10,0,0,0.0021740827
2024-12-14 23:00:00,10,0,0,0.0006076154
2024-12-14 23:15:00,10,0,0,0.0008620694
2024-12-14 23:30:00,10,0,0,0.039817575
2024-12-14 23:45:00,10,0,0,0.011632118
2024-12-15 00:15:00,10,0,0,0.0070516183
2024-12-15 00:30:00,10,0,0,0.0036650156
2024-12-15 00:45:00,10,0,0,0.040991046
2024-12-15 01:00:00,10,0,0,0.039967466
2024-12-15 01:15:00,10,0,0,0.012983876
2024-12-15 01:30:00,10,0,0,0.07129787
2024-12-15 01:45:00,10,1,0,0.13312021
2024-12-15 02:00:00,10,1,0,0.23530188
2024-12-15 02:15:00,10,1,0,0.13664164
2024-12-15 02:30:00,10,1,0,0.1251503
2024-12-15 02:45:00,10,1,0,0.11983513
2024-12-15 03:00:00,10,0,0,0.25357217
2024-12-15 03:15:00,10,1,0,0.3673474
2024-12-15 03:30:00,10,1,0,0.31632155
2024-12-15 03:45:00,10,1,0,0.118016906
2024-12-15 04:00:00,10,1,0,0.06437554
2024-12-15 04:15:00,10,1,0,0.0046281014
2024-12-15 04:30:00,10,1,0,0.0013435996
2024-12-15 04:45:00,10,1,0,0.00096599985
2024-12-15 05:00:00,10,1,0,0.0011674112
2024-12-15 05:15:00,10,1,0,0.0005785168
2024-12-15 05:30:00,10,0,0,0.00076104235
2024-12-15 05:45:00,10,0,0,0.00046371145
2024-12-15 06:00:00,10,0,0,0.00043187552
2024-12-15 06:15:00,10,0,0,0.00052571465
2024-12-15 06:30:00,10,1,0,0.0007236303
2024-12-15 06:45:00,10,1,0,0.00074509316
2024-12-15 07:00:00,10,1,0,0.0008359483
2024-12-15 07:15:00,10,0,0,0.0005990572
2024-12-15 07:30:00,10,1,0,0.001762404
2024-12-15 07:45:00,10,1,0,0.010115419
2024-12-15 08:00:00,10,1,0,0.022267474
2024-12-15 08:15:00,10,1,0,0.012658817
2024-12-15 08:30:00,10,1,0,0.1421494
2024-12-15 08:45:00,10,1,0,0.12933896
2024-12-15 09:00:00,10,1,0,0.045609824
2024-12-15 09:15:00,10,1,0,0.018433684
2024-12-15 09:30:00,10,1,0,0.024973327
2024-12-15 09:45:00,10,0,0,0.018865248
2024-12-15 10:00:00,10,0,0,0.012232168
2024-12-15 10:15:00,10,0,0,0.011920643
2024-12-15 10:30:00,10,0,0,0.018464025
2024-12-15 10:45:00,10,0,0,0.0046685077
2024-12-15 11:00:00,10,0,0,0.0032996233
2024-12-15 11:15:00,10,0,0,0.0049650036
2024-12-15 11:30:00,10,1,0,0.005107323
2024-12-15 11:45:00,10,1,0,0.0014950997
2024-12-15 12:00:00,10,1,0,0.0017772331
2024-12-15 12:15:00,10,1,0,0.0013756257
2024-12-15 12:30:00,10,0,0,0.0016220112
2024-12-15 12:45:00,10,0,0,0.0011057577
2024-12-15 13:00:00,10,0,0,0.003380264
2024-12-15 13:15:00,10,1,0,0.0020726095
2024-12-15 13:30:00,10,0,0,0.002317126
2024-12-15 13:45:00,10,0,0,0.0019113073
2024-12-15 14:00:00,10,0,0,0.0022628775
2024-12-15 14:15:00,10,0,0,0.0024317934
2024-12-15 14:30:00,10,1,0,0.006401119
2024-12-15 14:45:00,10,0,0,0.0045042783
2024-12-15 15:00:00,10,0,0,0.018471587
2024-12-15 15:15:00,10,0,0,0.01922933
2024-12-15 15:30:00,10,0,0,0.0015560874
2024-12-15 15:45:00,10,0,0,0.002306287
2024-12-15 16:00:00,10,0,0,0.03714277
2024-12-15 16:15:00,10,0,0,0.006799901
2024-12-15 16:30:00,10,0,0,0.0021336551
2024-12-15 16:45:00,10,0,0,0.0008355728
2024-12-15 17:00:00,10,0,0,0.0014507956
2024-12-15 17:15:00,10,0,0,0.0015554545
2024-12-15 17:30:00,10,0,0,0.0014039357
2024-12-15 17:45:00,10,0,0,0.0018779301
2024-12-15 18:00:00,10,0,0,0.11412044
2024-12-15 18:15:00,10,0,0,0.00248824
2024-12-15 18:30:00,10,0,0,0.0007096169
2024-12-15 18:45:00,10,0,0,0.0005404728
2024-12-15 19:00:00,10,0,0,0.00047567373
2024-12-15 19:15:00,10,0,0,0.0004346166
2024-12-15 19:30:00,10,0,0,0.0005419901
2024-12-15 19:45:00,10,0,0,0.00084355625
2024-12-15 20:00:00,10,0,0,0.000539374
2024-12-15 20:15:00,10,0,0,0.0006286666
2024-12-15 20:30:00,10,0,0,0.00076982076
2024-12-15 20:45:00,10,0,0,0.0006881663
2024-12-15 21:00:00,10,0,0,0.00038622323
2024-12-15 21:15:00,10,0,0,0.00025850104
2024-12-15 21:30:00,10,0,0,0.00023184458
2024-12-15 21:45:00,10,0,0,0.00026516904
2024-12-15 22:00:00,10,0,0,0.00034312854
2024-12-15 22:15:00,10,0,0,0.00030511981
2024-12-15 22:30:00,10,0,0,0.0007721301
2024-12-15 22:45:00,10,0,0,0.0012354812
2024-12-15 23:00:00,10,0,0,0.0019470208
2024-12-15 23:15:00,10,0,0,0.0074358988
2024-12-15 23:30:00,10,0,0,0.0068345615
2024-12-15 23:45:00,10,0,0,0.039735407
2024-12-16 00:15:00,10,0,0,0.004404237
2024-12-16 00:30:00,10,0,0,0.0011828865
2024-12-16 00:45:00,10,0,0,0.0064657447
2024-12-16 01:00:00,10,0,0,0.02872501
2024-12-16 01:15:00,10,0,0,0.008607323
2024-12-16 01:30:00,10,0,0,0.0016146341
2024-12-16 01:45:00,10,0,0,0.0059014973
2024-12-16 02:00:00,10,0,0,0.0070359707
2024-12-16 02:15:00,10,0,0,0.001896997
2024-12-16 02:30:00,10,0,0,0.0027240333
2024-12-16 02:45:00,10,0,0,0.004946425
2024-12-16 03:00:00,10,0,0,0.0782456
2024-12-16 03:15:00,10,1,0,0.15150599
2024-12-16 03:30:00,10,0,0,0.0043087113
2024-12-16 03:45:00,10,0,0,0.00047491278
2024-12-16 04:00:00,10,0,0,0.00030147025
2024-12-16 04:15:00,10,0,0,0.00039727584
2024-12-16 04:30:00,10,0,0,0.00047146386
2024-12-16 04:45:00,10,0,0,0.0007780936
2024-12-16 05:00:00,10,0,0,0.00064771104
2024-12-16 05:15:00,10,0,0,0.0006284777
2024-12-16 05:30:00,10,0,0,0.0009850542
2024-12-16 05:45:00,10,0,0,0.0048440266
2024-12-16 06:00:00,10,0,0,0.0009697759
2024-12-16 06:15:00,10,0,0,0.00045344222
2024-12-16 06:30:00,10,0,0,0.00052570377
2024-12-16 06:45:00,10,0,0,0.00041564647
2024-12-16 07:00:00,10,0,0,0.0003030486
2024-12-16 07:15:00,10,0,0,0.009211203
2024-12-16 07:30:00,10,0,0,0.43796813
2024-12-16 07:45:00,10,0,0,0.092326134
2024-12-16 08:00:00,10,0,0,0.0013484894
2024-12-16 08:15:00,10,0,0,0.0002933178
2024-12-16 08:30:00,10,0,0,0.00037552035
2024-12-16 08:45:00,10,0,0,0.0007060145
2024-12-16 09:00:00,10,0,0,0.002527901
2024-12-16 09:15:00,10,0,0,0.053182114
2024-12-16 09:30:00,10,0,0,0.028320868
2024-12-16 09:45:00,10,0,0,0.0060753967
2024-12-16 10:00:00,10,0,0,0.0017444215
2024-12-16 10:15:00,10,0,0,0.00078389776
2024-12-16 10:30:00,10,0,0,0.0006166729
2024-12-16 10:45:00,10,0,0,0.0013011743
2024-12-16 11:00:00,10,0,0,0.0009399715
2024-12-16 11:15:00,10,0,0,0.00060978957
2024-12-16 11:30:00,10,0,0,0.0008221332
2024-12-16 11:45:00,10,0,0,0.0008871141
2024-12-16 12:00:00,10,0,0,0.00086576014
2024-12-16 12:15:00,10,0,0,0.00094433804
2024-12-16 12:30:00,10,0,0,0.0009947552
2024-12-16 12:45:00,10,0,0,0.00072828314
2024-12-16 13:00:00,10,0,0,0.0006425702
2024-12-16 13:15:00,10,0,0,0.0009171536
2024-12-16 13:30:00,10,0,0,0.0012492826
2024-12-16 13:45:00,10,0,0,0.0011564711
2024-12-16 14:00:00,10,0,0,0.0012523733
2024-12-16 14:15:00,10,0,0,0.0020435755
2024-12-16 14:30:00,10,0,0,0.0027804303
2024-12-16 14:45:00,10,0,0,0.0015687456
2024-12-16 15:00:00,10,0,0,0.0011758145
2024-12-16 15:15:00,10,0,0,0.0013329942
2024-12-16 15:30:00,10,0,0,0.00088989094
2024-12-16 15:45:00,10,0,0,0.000563915
2024-12-16 16:00:00,10,0,0,0.001208362
2024-12-16 16:15:00,10,0,0,0.001692598
2024-12-16 16:30:00,10,0,0,0.0022879548
2024-12-16 16:45:00,10,0,0,0.0010148804
2024-12-16 18:00:00,10,0,0,0.00087642274
2024-12-16 18:15:00,10,0,0,0.00063095073
2024-12-16 18:30:00,10,0,0,0.0009949043
2024-12-16 18:45:00,10,0,0,0.0014518877
2024-12-16 19:00:00,10,0,0,0.00115044
2024-12-16 19:15:00,10,0,0,0.0004543873
2024-12-16 19:30:00,10,0,0,0.00046120916
2024-12-16 19:45:00,10,0,0,0.00035074528
2024-12-16 20:00:00,10,0,0,0.00052789034
2024-12-16 20:15:00,10,0,0,0.0011516603
2024-12-16 20:30:00,10,0,0,0.0021071278
2024-12-16 20:45:00,10,0,0,0.0009633578
2024-12-16 21:00:00,10,0,0,0.0003630753
2024-12-16 21:15:00,10,0,0,0.00031501584
2024-12-16 21:30:00,10,0,0,0.00034407453
2024-12-16 21:45:00,10,0,0,0.0003197862
2024-12-16 22:00:00,10,0,0,0.00030530323
2024-12-16 22:15:00,10,0,0,0.0004140468
2024-12-16 22:30:00,10,0,0,0.00038820138
2024-12-16 22:45:00,10,0,0,0.00043782688
2024-12-16 23:00:00,10,0,0,0.0003859701
2024-12-16 23:15:00,10,0,0,0.0007157673
2024-12-16 23:30:00,10,0,0,0.00056063064
2024-12-16 23:45:00,10,0,0,0.00047763003
2024-12-17 02:00:00,11,0,0,0.004935127
2024-12-17 02:15:00,11,0,0,0.0048157945
2024-12-17 02:30:00,11,0,0,0.0047955513
2024-12-17 02:45:00,11,0,0,0.0054553044
2024-12-17 03:00:00,11,0,0,0.0050417017
2024-12-17 03:15:00,11,0,0,0.004044823
2024-12-17 03:30:00,11,0,0,0.0036122447
2024-12-17 03:45:00,11,0,0,0.0045051794
2024-12-17 04:00:00,11,0,0,0.0091813905
2024-12-17 04:15:00,11,0,0,0.007982027
2024-12-17 04:30:00,11,0,0,0.005545026
2024-12-17 04:45:00,11,0,0,0.01316767
2024-12-17 05:00:00,11,0,0,0.012944306
2024-12-17 05:15:00,11,0,0,0.019770611
2024-12-17 05:30:00,11,0,0,0.0052079833
2024-12-17 05:45:00,11,0,0,0.0037844086
2024-12-17 06:00:00,11,0,0,0.0040934137
2024-12-17 06:15:00,11,0,0,0.0028990186
2024-12-17 06:30:00,11,0,0,0.0026677204
2024-12-17 06:45:00,11,0,0,0.002453214
2024-12-17 07:00:00,11,0,0,0.003177738
2024-12-17 07:15:00,11,0,0,0.0023078094
2024-12-17 07:30:00,11,0,0,0.0020431976
2024-12-17 07:45:00,11,0,0,0.0027889758
2024-12-17 11:00:00,11,0,0,0.0019087398
2024-12-17 11:15:00,11,0,0,0.0018849337
2024-12-17 11:30:00,11,0,0,0.0017463996
2024-12-17 11:45:00,11,0,0,0.0016738619
2024-12-17 12:00:00,11,0,0,0.0013824997
2024-12-17 12:15:00,11,0,0,0.0015278412
2024-12-17 12:30:00,11,0,0,0.0013596866
2024-12-17 12:45:00,11,0,0,0.0013959078
2024-12-17 13:00:00,11,0,0,0.0015011587
2024-12-17 13:15:00,11,0,0,0.001514978
2024-12-17 13:30:00,11,0,0,0.001543298
2024-12-17 13:45:00,11,0,0,0.0014998048
2024-12-17 14:00:00,11,0,0,0.0014880872
2024-12-17 14:15:00,11,0,0,0.001411009
2024-12-17 14:30:00,11,0,0,0.0014327843
2024-12-17 14:45:00,11,0,0,0.001510463
2024-12-17 15:00:00,11,0,0,0.0015524289
2024-12-17 15:15:00,11,0,0,0.0015694887
2024-12-17 15:30:00,11,0,0,0.0017009034
2024-12-17 15:45:00,11,0,0,0.0015957839
2024-12-17 16:00:00,11,0,0,0.0015916803
2024-12-17 16:15:00,11,0,0,0.0015240384
2024-12-17 16:30:00,11,0,0,0.0017178374
2024-12-17 16:45:00,11,0,0,0.0016424501
2024-12-17 17:00:00,11,0,0,0.0016945273
2024-12-17 17:15:00,11,0,0,0.0013322254
2024-12-17 17:30:00,11,0,0,0.0015586365
2024-12-17 17:45:00,11,0,0,0.0014761833
2024-12-17 18:00:00,11,0,0,0.001518977
2024-12-17 18:15:00,11,0,0,0.0016941164
2024-12-17 18:30:00,11,0,0,0.0018097894
2024-12-17 18:45:00,11,0,0,0.0016538613
2024-12-17 19:00:00,11,0,0,0.0017083979
2024-12-17 19:15:00,11,0,0,0.0016787645
2024-12-17 19:30:00,11,0,0,0.001903638
2024-12-17 19:45:00,11,0,0,0.0018613316
2024-12-17 20:00:00,11,0,0,0.0017463677
2024-12-17 20:15:00,11,0,0,0.0017342687
2024-12-17 20:30:00,11,0,0,0.0016413124
2024-12-17 20:45:00,11,0,0,0.0017781142
2024-12-17 21:00:00,11,0,0,0.0018543596
2024-12-17 21:15:00,11,0,0,0.0019404144
2024-12-17 21:30:00,11,0,0,0.0019898408
2024-12-17 21:45:00,11,0,0,0.0021988864
2024-12-17 22:00:00,11,0,0,0.0021651492
2024-12-17 22:15:00,11,0,0,0.0021632318
2024-12-17 22:30:00,11,0,0,0.0021206238
2024-12-17 22:45:00,11,0,0,0.002105234
2024-12-17 23:00:00,11,0,0,0.0020476384
2024-12-17 23:15:00,11,0,0,0.0020331936
2024-12-17 23:30:00,11,0,0,0.0019985887
2024-12-17 23:45:00,11,0,0,0.0021399097
2024-12-18 00:15:00,11,0,0,0.0022125503
2024-12-18 00:30:00,11,0,0,0.0022598805
2024-12-18 00:45:00,11,0,0,0.0020853227
2024-12-18 01:00:00,11,0,0,0.0019451395
2024-12-18 01:15:00,11,0,0,0.001980019
2024-12-18 01:30:00,11,0,0,0.0020691415
2024-12-18 01:45:00,11,0,0,0.0021263699
2024-12-18 02:00:00,11,0,0,0.0022464967
2024-12-18 02:15:00,11,0,0,0.0021122284
2024-12-18 02:30:00,11,0,0,0.002167233
2024-12-18 02:45:00,11,0,0,0.0020300238
2024-12-18 03:00:00,11,0,0,0.002347329
2024-12-18 03:15:00,11,0,0,0.0023552913
2024-12-18 03:30:00,11,0,0,0.0025042938
2024-12-18 03:45:00,11,0,0,0.0020320304
2024-12-18 04:00:00,11,0,0,0.0020967103
2024-12-18 04:15:00,11,0,0,0.0027120898
2024-12-18 04:30:00,11,0,0,0.0031682753
2024-12-18 04:45:00,11,0,0,0.0032183381
2024-12-18 05:00:00,11,0,0,0.0032059972
2024-12-18 05:15:00,11,0,0,0.0030171215
2024-12-18 05:30:00,11,0,0,0.0035139476
2024-12-18 05:45:00,11,0,0,0.004960011
2024-12-18 06:00:00,11,0,0,0.0050629145
2024-12-18 06:15:00,11,0,0,0.0042865044
2024-12-18 06:30:00,11,0,0,0.0043728715
2024-12-18 06:45:00,11,0,0,0.0048143887
2024-12-18 07:00:00,11,0,0,0.0043633585
2024-12-18 07:15:00,11,0,0,0.0084885135
2024-12-18 07:30:00,11,0,0,0.015061969
2024-12-18 07:45:00,11,0,0,0.006908216
2024-12-18 08:00:00,11,0,0,0.0063760052
2024-12-18 08:15:00,11,0,0,0.0077772792
2024-12-18 08:30:00,11,0,0,0.0109332455
2024-12-18 08:45:00,11,0,0,0.013562508
2024-12-18 09:00:00,11,0,0,0.06308678
2024-12-18 09:15:00,11,0,0,0.09144312
2024-12-18 09:30:00,11,0,0,0.05931123
2024-12-18 09:45:00,11,0,0,0.046914432
2024-12-18 10:00:00,11,0,0,0.06869298
2024-12-18 10:15:00,11,0,0,0.039877422
2024-12-18 10:30:00,11,0,0,0.02249114
2024-12-18 10:45:00,11,0,0,0.039177213
2024-12-18 11:00:00,11,0,0,0.030774998
2024-12-18 11:15:00,11,0,0,0.0232233
2024-12-18 11:30:00,11,0,0,0.028446324
2024-12-18 11:45:00,11,0,0,0.07368555
2024-12-18 12:00:00,11,0,0,0.05455458
2024-12-18 12:15:00,11,1,0,0.057911083
2024-12-18 12:30:00,11,0,0,0.056621052
2024-12-18 12:45:00,11,1,0,0.053361587
2024-12-18 13:00:00,11,0,0,0.07377603
2024-12-18 13:15:00,11,0,0,0.13721482
2024-12-18 13:30:00,11,0,0,0.11572553
2024-12-18 13:45:00,11,0,0,0.34152186
2024-12-18 14:00:00,11,1,0,0.2636276
2024-12-18 14:15:00,11,0,0,0.24120593
2024-12-18 14:30:00,11,1,0,0.36632052
2024-12-18 14:45:00,11,1,0,0.44753578
2024-12-18 15:00:00,11,0,0,0.41026917
2024-12-18 15:15:00,11,0,0,0.39344066
2024-12-18 15:30:00,11,0,0,0.3793841
2024-12-18 15:45:00,11,0,0,0.21458587
2024-12-18 16:00:00,11,0,0,0.16909027
2024-12-18 16:15:00,11,0,0,0.17002095
2024-12-18 16:30:00,11,0,0,0.23324066
2024-12-18 16:45:00,11,0,0,0.15464124
2024-12-18 17:00:00,11,0,0,0.06937182
2024-12-18 17:15:00,11,0,0,0.06554143
2024-12-18 17:30:00,11,0,0,0.07672944
2024-12-18 17:45:00,11,0,0,0.04957787
2024-12-18 18:00:00,11,0,0,0.060813103
2024-12-18 18:15:00,11,0,0,0.043813758
2024-12-18 18:30:00,11,0,0,0.0654298
2024-12-18 18:45:00,11,0,0,0.06465717
2024-12-18 19:00:00,11,0,0,0.2352807
2024-12-18 19:15:00,11,0,1,0.52377003
2024-12-18 19:30:00,11,1,1,0.52466357
2024-12-18 19:45:00,11,0,1,0.48320997
2024-12-18 20:00:00,11,0,1,0.5406656
2024-12-18 20:15:00,11,0,1,0.47323355
2024-12-18 20:30:00,11,0,0,0.27552238
2024-12-18 20:45:00,11,0,0,0.22399117
2024-12-18 21:00:00,11,0,0,0.20021209
2024-12-18 21:15:00,11,0,0,0.37179017
2024-12-18 21:30:00,11,0,0,0.39951614
2024-12-18 21:45:00,11,0,0,0.2366166
2024-12-18 22:00:00,11,0,0,0.083784856
2024-12-18 22:15:00,11,0,0,0.04979456
2024-12-18 22:30:00,11,0,0,0.045154966
2024-12-18 22:45:00,11,0,0,0.040305007
2024-12-18 23:00:00,11,0,0,0.029069489
2024-12-18 23:15:00,11,0,0,0.043146767
2024-12-18 23:30:00,11,0,0,0.042958286
2024-12-18 23:45:00,11,0,0,0.016794646
2024-12-19 00:15:00,11,0,0,0.03764225
2024-12-19 00:30:00,11,0,0,0.03675894
2024-12-19 00:45:00,11,0,0,0.04602592
2024-12-19 01:00:00,11,0,0,0.057530407
2024-12-19 01:15:00,11,0,0,0.020323798
2024-12-19 01:30:00,11,0,0,0.028400818
2024-12-19 01:45:00,11,0,0,0.12337162
2024-12-19 02:00:00,11,0,0,0.2706697
2024-12-19 02:15:00,11,0,0,0.3173614
2024-12-19 02:30:00,11,1,0,0.37560555
2024-12-19 02:45:00,11,1,0,0.42691973
2024-12-19 03:00:00,11,0,0,0.4435733
2024-12-19 03:15:00,11,0,0,0.24212916
2024-12-19 03:30:00,11,0,0,0.12113483
2024-12-19 03:45:00,11,0,0,0.10772438
2024-12-19 04:00:00,11,0,0,0.09881167
2024-12-19 04:15:00,11,0,0,0.14674361
2024-12-19 04:30:00,11,0,0,0.17371453
2024-12-19 04:45:00,11,0,0,0.14769693
2024-12-19 05:00:00,11,0,0,0.347855
2024-12-19 05:15:00,11,0,0,0.36112508
2024-12-19 05:30:00,11,1,0,0.30810866
2024-12-19 05:45:00,11,0,0,0.26198024
2024-12-19 06:00:00,11,0,0,0.1610328
2024-12-19 06:15:00,11,0,0,0.104213834
2024-12-19 06:30:00,11,1,0,0.30745348
2024-12-19 06:45:00,11,0,0,0.13630253
2024-12-19 07:00:00,11,0,0,0.07977483
2024-12-19 07:15:00,11,0,0,0.16059758
2024-12-19 07:30:00,11,0,0,0.1525351
2024-12-19 07:45:00,11,1,0,0.121552505
2024-12-19 08:00:00,11,1,0,0.120992415
2024-12-19 08:15:00,11,1,0,0.3562861
2024-12-19 08:30:00,11,1,0,0.34918332
2024-12-19 08:45:00,11,1,0,0.120643936
2024-12-19 09:00:00,11,1,0,0.14515628
2024-12-19 09:15:00,11,0,0,0.38327658
2024-12-19 09:30:00,11,0,0,0.33004618
2024-12-19 09:45:00,11,0,0,0.26681992
2024-12-19 10:00:00,11,0,0,0.23712923
2024-12-19 10:15:00,11,0,0,0.24277616
2024-12-19 10:30:00,11,0,0,0.15346956
2024-12-19 10:45:00,11,0,0,0.4337515
2024-12-19 11:00:00,11,0,0,0.36163926
2024-12-19 11:15:00,11,0,0,0.4464479
2024-12-19 11:30:00,11,0,0,0.36455777
2024-12-19 11:45:00,11,0,0,0.28308648
2024-12-19 12:00:00,11,0,0,0.3047222
2024-12-19 12:15:00,11,0,0,0.26612008
2024-12-19 12:30:00,11,0,0,0.15263624
2024-12-19 12:45:00,11,0,0,0.14163572
2024-12-19 13:00:00,11,0,0,0.07024057
2024-12-19 13:15:00,11,0,0,0.08518173
2024-12-19 13:30:00,11,0,0,0.06831597
2024-12-19 13:45:00,11,0,0,0.07663724
2024-12-19 14:00:00,11,0,0,0.082777925
2024-12-19 14:15:00,11,0,0,0.037800603
2024-12-19 14:30:00,11,0,0,0.03346782
2024-12-19 14:45:00,11,0,0,0.015122802
2024-12-19 15:00:00,11,0,0,0.0040945886
2024-12-19 15:15:00,11,0,0,0.0034090863
2024-12-19 15:30:00,11,0,0,0.006912269
2024-12-19 15:45:00,11,0,0,0.011874717
2024-12-19 16:00:00,11,0,0,0.014906913
2024-12-19 16:15:00,11,0,0,0.027125757
2024-12-19 16:30:00,11,0,0,0.03022814
2024-12-19 16:45:00,11,0,0,0.036571346
2024-12-19 17:00:00,11,0,0,0.017480131
2024-12-19 17:15:00,11,0,0,0.016541611
2024-12-19 17:30:00,11,0,0,0.03220231
2024-12-19 17:45:00,11,0,0,0.06502674
2024-12-19 18:00:00,11,0,0,0.09494072
2024-12-19 18:15:00,11,1,0,0.20246762
2024-12-19 18:30:00,11,1,0,0.40197507
2024-12-19 18:45:00,11,1,0,0.30526364
2024-12-19 19:00:00,11,1,0,0.21492939
2024-12-19 19:15:00,11,0,0,0.21373169
2024-12-19 19:30:00,11,0,0,0.24483529
2024-12-19 19:45:00,11,0,0,0.21303904
2024-12-19 20:00:00,11,0,0,0.40114278
2024-12-19 20:15:00,11,1,1,0.5042391
2024-12-19 20:30:00,11,1,1,0.51877743
2024-12-19 20:45:00,11,1,0,0.49038208
2024-12-19 21:00:00,11,1,0,0.3663841
2024-12-19 21:15:00,11,1,0,0.16000539
2024-12-19 21:30:00,11,1,0,0.27644032
2024-12-19 21:45:00,11,1,1,0.553486
2024-12-19 22:00:00,11,1,1,0.6100431
2024-12-19 22:15:00,11,1,1,0.6318912
2024-12-19 22:30:00,11,1,1,0.5713472
2024-12-19 22:45:00,11,1,1,0.49794295
2024-12-19 23:00:00,11,1,1,0.5753341
2024-12-19 23:15:00,11,1,1,0.58821666
2024-12-19 23:30:00,11,1,1,0.6068073
2024-12-19 23:45:00,11,0,1,0.617665
2024-12-20 00:15:00,11,0,1,0.62285507
2024-12-20 00:30:00,11,0,1,0.6250456
2024-12-20 00:45:00,11,1,0,0.4893446
2024-12-20 01:00:00,11,0,1,0.56530017
2024-12-20 01:15:00,11,0,1,0.5000439
2024-12-20 01:30:00,11,0,0,0.2313838
2024-12-20 01:45:00,11,0,0,0.17134239
2024-12-20 02:00:00,11,0,0,0.28511125
2024-12-20 02:15:00,11,0,0,0.38085437
2024-12-20 02:30:00,11,0,0,0.41843432
2024-12-20 02:45:00,11,0,0,0.34971935
2024-12-20 03:00:00,11,0,0,0.4942425
2024-12-20 03:15:00,11,0,0,0.46499243
2024-12-20 03:30:00,11,0,0,0.49612182
2024-12-20 03:45:00,11,0,0,0.3997825
2024-12-20 04:00:00,11,0,0,0.49692687
2024-12-20 04:15:00,11,0,0,0.4867553
2024-12-20 04:30:00,11,0,1,0.5007137
2024-12-20 04:45:00,11,0,1,0.5647048
2024-12-20 05:00:00,11,0,1,0.540833
2024-12-20 05:15:00,11,0,0,0.48848364
2024-12-20 05:30:00,11,0,1,0.52768666
2024-12-20 05:45:00,11,0,1,0.5654415
2024-12-20 06:00:00,11,0,1,0.5965073
2024-12-20 06:15:00,11,0,1,0.59440225
2024-12-20 06:30:00,11,0,1,0.57544065
2024-12-20 06:45:00,11,0,0,0.47898299
2024-12-20 07:00:00,11,0,1,0.5231827
2024-12-20 07:15:00,11,0,0,0.42642266
2024-12-20 07:30:00,11,0,0,0.2118524
2024-12-20 07:45:00,11,0,0,0.07350946
2024-12-20 08:00:00,11,0,0,0.037006173
2024-12-20 08:15:00,11,0,0,0.10364496
2024-12-20 08:30:00,11,0,0,0.058208007
2024-12-20 08:45:00,11,0,0,0.06301605
2024-12-20 09:00:00,11,0,0,0.30275565
2024-12-20 09:15:00,11,0,1,0.5066276
2024-12-20 09:30:00,11,0,0,0.30736002
2024-12-20 09:45:00,11,0,0,0.0846793
2024-12-20 10:00:00,11,0,0,0.03824468
2024-12-20 10:15:00,11,0,0,0.08584734
2024-12-20 10:30:00,11,0,0,0.12575206
2024-12-20 10:45:00,11,0,0,0.31026512
2024-12-20 11:00:00,11,0,0,0.48845208
2024-12-20 11:15:00,11,0,0,0.25208217
2024-12-20 11:30:00,11,0,0,0.02802828
2024-12-20 11:45:00,11,0,0,0.014074027
2024-12-20 12:00:00,11,0,0,0.025152892
2024-12-20 12:15:00,11,0,0,0.024650864
2024-12-20 12:30:00,11,0,0,0.011270416
2024-12-20 12:45:00,11,0,0,0.011521608
2024-12-20 13:00:00,11,0,0,0.0092777815
2024-12-20 13:15:00,11,0,0,0.015758643
2024-12-20 13:30:00,11,0,0,0.0064025926
2024-12-20 13:45:00,11,0,0,0.008210213
2024-12-20 14:00:00,11,0,0,0.012627603
2024-12-20 14:15:00,11,0,0,0.011212628
2024-12-20 14:30:00,11,0,0,0.011079902
2024-12-20 14:45:00,11,0,0,0.01054612
2024-12-20 15:00:00,11,0,0,0.009308713
2024-12-20 15:15:00,11,0,0,0.011294419
2024-12-20 15:30:00,11,0,0,0.0074122334
2024-12-20 15:45:00,11,0,0,0.013774475
2024-12-20 16:00:00,11,0,0,0.08463684
2024-12-20 16:15:00,11,0,0,0.4653818
2024-12-20 16:30:00,11,0,1,0.5198666
2024-12-20 16:45:00,11,1,1,0.52724594
2024-12-20 17:00:00,11,1,0,0.4973719
2024-12-20 17:15:00,11,1,0,0.48998168
2024-12-20 17:30:00,11,1,0,0.49009013
2024-12-20 17:45:00,11,0,1,0.5085884
2024-12-20 18:00:00,11,1,1,0.5091435
2024-12-20 18:15:00,11,1,1,0.545364
2024-12-20 18:30:00,11,1,1,0.54842967
2024-12-20 18:45:00,11,1,1,0.54206693
2024-12-20 19:00:00,11,1,1,0.5259317
2024-12-20 19:15:00,11,1,1,0.52946
2024-12-20 19:30:00,11,1,1,0.513327
2024-12-20 19:45:00,11,1,1,0.535795
2024-12-20 20:00:00,11,1,1,0.5350309
2024-12-20 20:15:00,11,0,1,0.4990979
2024-12-20 20:30:00,11,1,1,0.5136227
2024-12-20 20:45:00,11,1,0,0.44938362
2024-12-20 21:00:00,11,0,0,0.26925153
2024-12-20 21:15:00,11,0,0,0.26256245
2024-12-20 21:30:00,11,1,0,0.39877686
2024-12-20 21:45:00,11,0,0,0.3690178
2024-12-20 22:00:00,11,0,0,0.30171114
2024-12-20 22:15:00,11,0,0,0.21064262
2024-12-20 22:30:00,11,0,0,0.15943204
2024-12-20 22:45:00,11,0,0,0.25390768
2024-12-20 23:00:00,11,0,0,0.31030872
2024-12-20 23:15:00,11,0,1,0.5161341
2024-12-20 23:30:00,11,0,0,0.4501133
2024-12-20 23:45:00,11,0,0,0.16086237
2024-12-21 00:15:00,11,0,0,0.31481552
2024-12-21 00:30:00,11,0,0,0.31969926
2024-12-21 00:45:00,11,0,0,0.16048725
2024-12-21 01:00:00,11,0,0,0.30519652
2024-12-21 01:15:00,11,0,0,0.17865953
2024-12-21 01:30:00,11,0,0,0.04461424
2024-12-21 01:45:00,11,0,0,0.02778924
2024-12-21 02:00:00,11,0,0,0.044991832
2024-12-21 02:15:00,11,0,0,0.014717723
2024-12-21 02:30:00,11,0,0,0.007913339
2024-12-21 02:45:00,11,0,0,0.005933735
2024-12-21 03:00:00,11,0,0,0.006762058
2024-12-21 03:15:00,11,0,0,0.0067130253
2024-12-21 03:30:00,11,0,0,0.0062282034
2024-12-21 03:45:00,11,0,0,0.008362478
2024-12-21 04:00:00,11,0,0,0.017005496
2024-12-21 04:15:00,11,0,0,0.017332701
2024-12-21 04:30:00,11,0,0,0.00932314
2024-12-21 04:45:00,11,0,0,0.0058303513
2024-12-21 05:00:00,11,0,0,0.0059060673
2024-12-21 05:15:00,11,0,0,0.007995316
2024-12-21 05:30:00,11,0,0,0.005277213
2024-12-21 05:45:00,11,0,0,0.0064029573
2024-12-21 06:00:00,11,0,0,0.0050783064
2024-12-21 06:15:00,11,0,0,0.004389836
2024-12-21 06:30:00,11,0,0,0.0053022304
2024-12-21 06:45:00,11,0,0,0.0055475975
2024-12-21 07:00:00,11,0,0,0.0048314
2024-12-21 07:15:00,11,0,0,0.008597352
2024-12-21 07:30:00,11,0,0,0.007961823
2024-12-21 07:45:00,11,0,0,0.0067640217
2024-12-21 08:00:00,11,0,0,0.006740417
2024-12-21 08:15:00,11,0,0,0.0073096585
2024-12-21 08:30:00,11,0,0,0.004930291
2024-12-21 08:45:00,11,0,0,0.0060821553
2024-12-21 09:00:00,11,0,0,0.005842057
2024-12-21 09:15:00,11,0,0,0.0057883677
2024-12-21 09:30:00,11,0,0,0.007625176
2024-12-21 09:45:00,11,0,0,0.008801719
2024-12-21 10:00:00,11,0,0,0.0056384164
2024-12-21 10:15:00,11,0,0,0.005248676
2024-12-21 10:30:00,11,0,0,0.0056191315
2024-12-21 10:45:00,11,0,0,0.01615873
2024-12-21 11:00:00,11,0,0,0.1109342
2024-12-21 11:15:00,11,0,0,0.052841194
2024-12-21 11:30:00,11,0,0,0.08735855
2024-12-21 11:45:00,11,1,0,0.036106613
2024-12-21 12:00:00,11,1,0,0.026584094
2024-12-21 12:15:00,11,1,0,0.03179516
2024-12-21 12:30:00,11,1,0,0.038659252
2024-12-21 12:45:00,11,0,0,0.040387176
2024-12-21 13:00:00,11,0,0,0.052855156
2024-12-21 13:15:00,11,0,0,0.031242307
2024-12-21 13:30:00,11,0,0,0.018974008
2024-12-21 13:45:00,11,1,0,0.02192637
2024-12-21 14:00:00,11,1,0,0.033242323
2024-12-21 14:15:00,11,1,0,0.01998585
2024-12-21 14:30:00,11,1,0,0.015141681
2024-12-21 14:45:00,11,1,0,0.018624388
2024-12-21 15:00:00,11,1,0,0.056716338
2024-12-21 15:15:00,11,1,0,0.05805104
2024-12-21 15:30:00,11,1,0,0.03109054
2024-12-21 15:45:00,11,1,0,0.06248845
2024-12-21 16:00:00,11,1,0,0.021452516
2024-12-21 16:15:00,11,1,0,0.017379079
2024-12-21 16:30:00,11,0,0,0.016967228
2024-12-21 16:45:00,11,0,0,0.01905633
2024-12-21 17:00:00,11,1,0,0.018023506
2024-12-21 17:15:00,11,1,0,0.12012853
2024-12-21 17:30:00,11,1,0,0.050491195
2024-12-21 17:45:00,11,1,0,0.025408661
2024-12-21 18:00:00,11,1,0,0.03635805
2024-12-21 18:15:00,11,1,0,0.048909217
2024-12-21 18:30:00,11,1,0,0.089764334
2024-12-21 18:45:00,11,1,0,0.079746045
2024-12-21 19:00:00,11,1,0,0.047058444
2024-12-21 19:15:00,11,1,0,0.16023485
2024-12-21 19:30:00,11,1,0,0.28040662
2024-12-21 19:45:00,11,1,0,0.13995664
2024-12-21 20:00:00,11,1,0,0.18857577
2024-12-21 20:15:00,11,1,0,0.06468378
2024-12-21 20:30:00,11,1,0,0.028513078
2024-12-21 20:45:00,11,1,0,0.023564035
2024-12-21 21:00:00,11,1,0,0.017297156
2024-12-21 21:15:00,11,1,0,0.009107636
2024-12-21 21:30:00,11,0,0,0.016036967
2024-12-21 21:45:00,11,1,0,0.016867619
2024-12-21 22:00:00,11,1,0,0.012486028
2024-12-21 22:15:00,11,1,0,0.01979898
2024-12-21 22:30:00,11,1,0,0.009638357
2024-12-21 22:45:00,11,1,0,0.007282464
2024-12-21 23:00:00,11,1,0,0.0074145743
2024-12-21 23:15:00,11,1,0,0.0074073453
2024-12-21 23:30:00,11,1,0,0.008742071
2024-12-21 23:45:00,11,0,0,0.009680696
2024-12-22 00:15:00,11,0,0,0.011190759
2024-12-22 00:30:00,11,1,0,0.01204986
2024-12-22 00:45:00,11,1,0,0.009793231
2024-12-22 01:00:00,11,1,0,0.009484096
2024-12-22 01:15:00,11,1,0,0.007640253
2024-12-22 01:30:00,11,1,0,0.0055563436
2024-12-22 01:45:00,11,0,0,0.005936357
2024-12-22 02:00:00,11,0,0,0.011036947
2024-12-22 02:15:00,11,0,0,0.022813937
2024-12-22 02:30:00,11,1,0,0.06177981
2024-12-22 02:45:00,11,1,0,0.030741408
2024-12-22 03:00:00,11,1,0,0.016324237
2024-12-22 03:15:00,11,1,0,0.013408196
2024-12-22 03:30:00,11,1,0,0.011597852
2024-12-22 03:45:00,11,1,0,0.015872028
2024-12-22 04:00:00,11,1,0,0.01705979
2024-12-22 04:15:00,11,1,0,0.015279219
2024-12-22 04:30:00,11,1,0,0.014319231
2024-12-22 04:45:00,11,0,0,0.012414976
2024-12-22 05:00:00,11,0,0,0.012364989
2024-12-22 05:15:00,11,0,0,0.029814277
2024-12-22 05:30:00,11,0,0,0.04581617
2024-12-22 05:45:00,11,1,0,0.024622938
2024-12-22 06:00:00,11,1,0,0.015809778
2024-12-22 06:15:00,11,1,0,0.011287734
2024-12-22 06:30:00,11,1,0,0.013624455
2024-12-22 06:45:00,11,1,0,0.01870364
2024-12-22 07:00:00,11,1,0,0.024819806
2024-12-22 07:15:00,11,1,0,0.01894344
2024-12-22 07:30:00,11,1,0,0.014433931
2024-12-22 07:45:00,11,1,0,0.009535733
2024-12-22 08:00:00,11,0,0,0.00864627
2024-12-22 08:15:00,11,0,0,0.01672569
2024-12-22 08:30:00,11,0,0,0.020046549
2024-12-22 08:45:00,11,0,0,0.01412062
2024-12-22 09:00:00,11,0,0,0.017222466
2024-12-22 09:15:00,11,1,0,0.01038986
2024-12-22 09:30:00,11,1,0,0.010344685
2024-12-22 09:45:00,11,1,0,0.010997284
2024-12-22 10:00:00,11,1,0,0.018651983
2024-12-22 10:15:00,11,1,0,0.01061996
2024-12-22 10:30:00,11,1,0,0.011177476
2024-12-22 10:45:00,11,1,0,0.035246328
2024-12-22 11:00:00,11,1,0,0.18798752
2024-12-22 11:15:00,11,1,0,0.05359561
2024-12-22 11:30:00,11,0,0,0.023769792
2024-12-22 11:45:00,11,1,0,0.06429729
2024-12-22 12:00:00,11,1,0,0.09103148
2024-12-22 12:15:00,11,1,0,0.07489689
2024-12-22 12:30:00,11,1,0,0.12867697
2024-12-22 12:45:00,11,0,0,0.102775946
2024-12-22 13:00:00,11,0,0,0.036233768
2024-12-22 13:15:00,11,0,0,0.056289405
2024-12-22 13:30:00,11,0,0,0.05842975
2024-12-22 13:45:00,11,0,0,0.053722046
2024-12-22 14:00:00,11,0,0,0.037187602
2024-12-22 14:15:00,11,0,0,0.03663153
2024-12-22 14:30:00,11,0,0,0.14297667
2024-12-22 14:45:00,11,0,0,0.048315864
2024-12-22 15:00:00,11,0,0,0.02056586
2024-12-22 15:15:00,11,0,0,0.025895083
2024-12-22 15:30:00,11,0,0,0.021217447
2024-12-22 15:45:00,11,0,0,0.02547357
2024-12-22 16:00:00,11,0,0,0.02871589
2024-12-22 16:15:00,11,0,0,0.02237677
2024-12-22 16:30:00,11,0,0,0.008282543
2024-12-22 16:45:00,11,0,0,0.005138587
2024-12-22 17:00:00,11,0,0,0.004065941
2024-12-22 17:15:00,11,0,0,0.0046435017
2024-12-22 17:30:00,11,0,0,0.0059174555
2024-12-22 17:45:00,11,0,0,0.0052408827
2024-12-22 18:00:00,11,0,0,0.0040694578
2024-12-22 18:15:00,11,0,0,0.0063191275
2024-12-22 18:30:00,11,0,0,0.0064741904
2024-12-22 18:45:00,11,0,0,0.006159372
2024-12-22 19:00:00,11,0,0,0.0072152233
2024-12-22 19:15:00,11,0,0,0.007002283
2024-12-22 19:30:00,11,0,0,0.004254547
2024-12-22 19:45:00,11,0,0,0.003656422
2024-12-22 20:00:00,11,0,0,0.0039476724
2024-12-22 20:15:00,11,0,0,0.004692993
2024-12-22 20:30:00,11,0,0,0.0062351045
2024-12-22 20:45:00,11,0,0,0.006246479
2024-12-22 21:00:00,11,0,0,0.005847215
2024-12-22 21:15:00,11,0,0,0.0059724725
2024-12-22 21:30:00,11,0,0,0.0042078984
2024-12-22 21:45:00,11,0,0,0.005043732
2024-12-22 22:00:00,11,0,0,0.004461497
2024-12-22 22:15:00,11,0,0,0.00535705
2024-12-22 22:30:00,11,0,0,0.0042297165
2024-12-22 22:45:00,11,0,0,0.0045876317
2024-12-22 23:00:00,11,0,0,0.006640097
2024-12-22 23:15:00,11,0,0,0.006963879
2024-12-22 23:30:00,11,0,0,0.0063410406
2024-12-22 23:45:00,11,0,0,0.009043052
2024-12-23 00:15:00,11,0,0,0.008421955
2024-12-23 00:30:00,11,0,0,0.007097968
2024-12-23 00:45:00,11,0,0,0.00676617
2024-12-23 01:00:00,11,0,0,0.007350681
2024-12-23 01:15:00,11,0,0,0.006539106
2024-12-23 01:30:00,11,0,0,0.008186571
2024-12-23 01:45:00,11,0,0,0.007577507
2024-12-23 02:00:00,11,0,0,0.0074858377
2024-12-23 02:15:00,11,0,0,0.0083069345
2024-12-23 02:30:00,11,0,0,0.0149782
2024-12-23 02:45:00,11,0,0,0.007714516
2024-12-23 03:00:00,11,0,0,0.007363209
2024-12-23 03:15:00,11,0,0,0.007177063
2024-12-23 03:30:00,11,0,0,0.0066900672
2024-12-23 03:45:00,11,0,0,0.0068506496
2024-12-23 04:00:00,11,0,0,0.009402213
2024-12-23 04:15:00,11,0,0,0.011244722
2024-12-23 04:30:00,11,0,0,0.009026582
2024-12-23 04:45:00,11,0,0,0.010719762
2024-12-23 05:00:00,11,0,0,0.012988632
2024-12-23 05:15:00,11,0,0,0.008446257
2024-12-23 05:30:00,11,0,0,0.013678879
2024-12-23 05:45:00,11,0,0,0.0073162303
2024-12-23 06:00:00,11,0,0,0.011236196
2024-12-23 06:15:00,11,0,0,0.020476073
2024-12-23 06:30:00,11,0,0,0.011038558
2024-12-23 06:45:00,11,0,0,0.015700633
2024-12-23 07:00:00,11,0,0,0.024474077
2024-12-23 07:15:00,11,0,0,0.015096579
2024-12-23 07:30:00,11,1,0,0.038417228
2024-12-23 07:45:00,11,1,0,0.09612988
2024-12-23 08:00:00,11,1,0,0.07393778
2024-12-23 08:15:00,11,1,0,0.158139
2024-12-23 08:30:00,11,1,0,0.14007427
2024-12-23 08:45:00,11,1,0,0.0793715
2024-12-23 09:00:00,11,1,0,0.15941699
2024-12-23 09:15:00,11,1,0,0.25845134
2024-12-23 09:30:00,11,1,0,0.28976572
2024-12-23 09:45:00,11,1,0,0.3439941
2024-12-23 10:00:00,11,1,0,0.4509063
2024-12-23 10:15:00,11,1,0,0.4530594
2024-12-23 10:30:00,11,0,0,0.47822317
2024-12-23 10:45:00,11,1,0,0.4127083
2024-12-23 11:00:00,11,1,0,0.4006112
2024-12-23 11:15:00,11,1,0,0.43447655
2024-12-23 11:30:00,11,1,1,0.52542263
2024-12-23 11:45:00,11,0,1,0.57121027
2024-12-23 12:00:00,11,0,1,0.5931001
2024-12-23 12:15:00,11,0,1,0.59714574
2024-12-23 12:30:00,11,0,0,0.31395647
2024-12-23 12:45:00,11,0,0,0.43653095
2024-12-23 13:00:00,11,0,0,0.19258243
2024-12-23 13:15:00,11,0,0,0.2002679
2024-12-23 13:30:00,11,0,0,0.31059933
2024-12-23 13:45:00,11,0,0,0.39405385
2024-12-23 14:00:00,11,0,0,0.35443515
2024-12-23 14:15:00,11,0,0,0.4779542
2024-12-23 14:30:00,11,0,1,0.52011395
2024-12-23 14:45:00,11,0,1,0.53754085
2024-12-23 15:00:00,11,0,0,0.23059502
2024-12-23 15:15:00,11,0,0,0.2470849
2024-12-23 15:30:00,11,0,0,0.06252391
2024-12-23 15:45:00,11,0,0,0.04291756
2024-12-23 16:00:00,11,0,0,0.050540917
2024-12-23 16:15:00,11,0,0,0.025220731
2024-12-23 16:30:00,11,0,0,0.017363235
2024-12-23 16:45:00,11,0,0,0.01714195
2024-12-23 17:00:00,11,0,0,0.0155653
2024-12-23 17:15:00,11,0,0,0.016877834
2024-12-23 17:30:00,11,0,0,0.017062075
2024-12-23 17:45:00,11,0,0,0.018849283
2024-12-23 18:00:00,11,0,0,0.09466723
2024-12-23 18:15:00,11,0,0,0.11060763
2024-12-23 18:30:00,11,0,0,0.25773913
2024-12-23 18:45:00,11,0,0,0.31408647
2024-12-23 19:00:00,11,0,0,0.36083674
2024-12-23 19:15:00,11,0,0,0.47467336
2024-12-23 19:30:00,11,0,1,0.53094894
2024-12-23 19:45:00,11,0,1,0.50878835
2024-12-23 20:00:00,11,0,1,0.4761984
2024-12-23 20:15:00,11,0,0,0.18182193
2024-12-23 20:30:00,11,0,0,0.20209122
2024-12-23 20:45:00,11,0,0,0.11335332
2024-12-23 21:00:00,11,0,0,0.04450133
2024-12-23 21:15:00,11,0,0,0.067755364
2024-12-23 21:30:00,11,0,0,0.07223262
2024-12-23 21:45:00,11,0,0,0.05112719
2024-12-23 22:00:00,11,0,0,0.018591022
2024-12-23 22:15:00,11,0,0,0.014521686
2024-12-23 22:30:00,11,1,0,0.16601315
2024-12-23 22:45:00,11,1,1,0.48190007
2024-12-23 23:00:00,11,1,0,0.46474594
2024-12-23 23:15:00,11,1,1,0.53350997
2024-12-23 23:30:00,11,1,1,0.58908516
2024-12-23 23:45:00,11,1,1,0.542464
2024-12-24 01:00:00,12,0,0,0.012139044
2024-12-24 01:15:00,12,0,0,0.00385719
2024-12-24 01:30:00,12,0,0,0.0036834595
2024-12-24 01:45:00,12,0,0,0.00289494
2024-12-24 02:00:00,12,0,0,0.0027409962
2024-12-24 02:15:00,12,0,0,0.0020888494
2024-12-24 02:30:00,12,0,0,0.0019152857
2024-12-24 02:45:00,12,1,0,0.015049713
2024-12-24 03:00:00,12,1,0,0.09501134
2024-12-24 03:15:00,12,1,0,0.35343766
2024-12-24 03:30:00,12,0,1,0.48544824
2024-12-24 03:45:00,12,0,1,0.4893693
2024-12-24 04:00:00,12,1,0,0.44291922
2024-12-24 04:15:00,12,1,1,0.5456284
2024-12-24 04:30:00,12,1,1,0.5885801
2024-12-24 04:45:00,12,0,1,0.6097378
2024-12-24 05:00:00,12,0,1,0.6173879
2024-12-24 05:15:00,12,0,1,0.62799627
2024-12-24 05:30:00,12,0,1,0.6078091
2024-12-24 05:45:00,12,0,1,0.61023694
2024-12-24 06:00:00,12,0,1,0.62674874
2024-12-24 06:15:00,12,0,1,0.61915123
2024-12-24 06:30:00,12,0,1,0.5904605
2024-12-24 06:45:00,12,0,1,0.6189043
2024-12-24 07:00:00,12,0,1,0.64644575
2024-12-24 07:15:00,12,0,1,0.5936361
2024-12-24 07:30:00,12,0,1,0.50288945
2024-12-24 07:45:00,12,0,0,0.09228475
2024-12-24 08:00:00,12,0,0,0.29125404
2024-12-24 08:15:00,12,0,1,0.5861851
2024-12-24 08:30:00,12,0,1,0.5509418
2024-12-24 08:45:00,12,0,0,0.19927754
2024-12-24 09:00:00,12,0,0,0.42221975
2024-12-24 09:15:00,12,0,0,0.32111543
2024-12-24 09:30:00,12,1,0,0.25635687
2024-12-24 09:45:00,12,0,0,0.22542803
2024-12-24 10:00:00,12,1,0,0.18175134
2024-12-24 10:15:00,12,1,0,0.0183321
2024-12-24 10:30:00,12,1,0,0.018489059
2024-12-24 10:45:00,12,1,0,0.061304886
2024-12-24 11:00:00,12,0,0,0.12510575
2024-12-24 11:15:00,12,0,0,0.08794227
2024-12-24 11:30:00,12,0,0,0.10526395
2024-12-24 11:45:00,12,0,0,0.06510623
2024-12-24 12:00:00,12,0,0,0.15973796
2024-12-24 12:15:00,12,0,0,0.0670108
2024-12-24 12:30:00,12,0,0,0.006744172
2024-12-24 12:45:00,12,0,0,0.0030188982
2024-12-24 13:00:00,12,0,0,0.0027856254
2024-12-24 13:15:00,12,0,0,0.0025075288
2024-12-24 13:30:00,12,0,0,0.0042774994
2024-12-24 13:45:00,12,0,0,0.005447574
2024-12-24 14:00:00,12,0,0,0.0072660046
2024-12-24 14:15:00,12,0,0,0.03690731
2024-12-24 14:30:00,12,0,0,0.25525507
2024-12-24 14:45:00,12,0,0,0.24853158
2024-12-24 15:00:00,12,0,0,0.014107385
2024-12-24 15:15:00,12,0,0,0.0029106939
2024-12-24 15:30:00,12,0,0,0.3776717
2024-12-24 15:45:00,12,0,0,0.09499407
2024-12-24 16:00:00,12,0,0,0.022096137
2024-12-24 16:15:00,12,0,1,0.49360096
2024-12-24 16:30:00,12,1,1,0.581838
2024-12-24 16:45:00,12,0,1,0.60781157
2024-12-24 17:00:00,12,0,1,0.6454604
2024-12-24 17:15:00,12,0,1,0.67562646
2024-12-24 17:30:00,12,0,1,0.62863487
2024-12-24 17:45:00,12,0,1,0.6831861
2024-12-24 18:00:00,12,0,1,0.69101745
2024-12-24 18:15:00,12,1,1,0.68681747
2024-12-24 18:30:00,12,1,1,0.69460285
2024-12-24 18:45:00,12,0,1,0.7046395
2024-12-24 19:00:00,12,0,1,0.70759094
2024-12-24 19:15:00,12,0,1,0.7152588
2024-12-24 19:30:00,12,0,1,0.7140688
2024-12-24 19:45:00,12,0,1,0.6558604
2024-12-24 20:00:00,12,0,1,0.62846917
2024-12-24 20:15:00,12,0,1,0.6409945
2024-12-24 20:30:00,12,0,1,0.5713773
2024-12-24 20:45:00,12,0,0,0.45124677
2024-12-24 21:00:00,12,0,1,0.51262844
2024-12-24 21:15:00,12,0,0,0.17243958
2024-12-24 21:30:00,12,0,0,0.22328147
2024-12-24 21:45:00,12,0,0,0.052711993
2024-12-24 22:00:00,12,0,0,0.02502453
2024-12-24 22:15:00,12,0,0,0.042824157
2024-12-24 22:30:00,12,0,0,0.05244917
2024-12-24 22:45:00,12,0,0,0.0047165244
2024-12-24 23:00:00,12,0,0,0.003907569
2024-12-24 23:15:00,12,0,0,0.0052381125
2024-12-24 23:30:00,12,0,0,0.0098650465
2024-12-24 23:45:00,12,0,0,0.0029224853
2024-12-25 00:15:00,12,0,0,0.021901615
2024-12-25 00:30:00,12,0,0,0.010729687
2024-12-25 00:45:00,12,0,0,0.0104476195
2024-12-25 01:00:00,12,0,0,0.011448813
2024-12-25 01:15:00,12,0,0,0.0016544417
2024-12-25 01:30:00,12,0,0,0.0039044868
2024-12-25 01:45:00,12,0,0,0.42471159
2024-12-25 02:00:00,12,0,0,0.16303273
2024-12-25 02:15:00,12,0,0,0.00542012
2024-12-25 02:30:00,12,0,0,0.0022659802
2024-12-25 02:45:00,12,0,0,0.020218054
2024-12-25 03:00:00,12,0,0,0.05546369
2024-12-25 03:15:00,12,0,0,0.004919618
2024-12-25 03:30:00,12,0,0,0.0013188979
2024-12-25 03:45:00,12,0,0,0.0013562093
2024-12-25 04:00:00,12,0,0,0.0026703356
2024-12-25 04:15:00,12,0,0,0.07363101
2024-12-25 04:30:00,12,0,0,0.08616126
2024-12-25 04:45:00,12,0,0,0.0019910168
2024-12-25 05:00:00,12,0,0,0.0010737579
2024-12-25 05:15:00,12,0,0,0.0010658217
2024-12-25 05:30:00,12,0,1,0.51636463
2024-12-25 05:45:00,12,0,1,0.61855006
2024-12-25 06:00:00,12,1,1,0.637654
2024-12-25 06:15:00,12,1,1,0.69666946
2024-12-25 06:30:00,12,1,1,0.72832984
2024-12-25 06:45:00,12,1,1,0.7183759
2024-12-25 07:00:00,12,1,1,0.72734433
2024-12-25 07:15:00,12,1,1,0.7412307
2024-12-25 07:30:00,12,1,1,0.7305106
2024-12-25 07:45:00,12,1,1,0.75840014
2024-12-25 08:00:00,12,1,1,0.73578405
2024-12-25 08:15:00,12,1,1,0.7576156
2024-12-25 08:30:00,12,1,1,0.756629
2024-12-25 08:45:00,12,1,1,0.70932585
2024-12-25 09:00:00,12,1,1,0.7409084
2024-12-25 09:15:00,12,1,1,0.7367548
2024-12-25 09:30:00,12,1,1,0.75280946
2024-12-25 09:45:00,12,1,1,0.6901706
2024-12-25 10:00:00,12,1,1,0.62480116
2024-12-25 10:15:00,12,1,1,0.6317274
2024-12-25 10:30:00,12,1,1,0.57827264
2024-12-25 10:45:00,12,1,0,0.44367617
2024-12-25 11:00:00,12,0,0,0.32081842
2024-12-25 11:15:00,12,0,0,0.06010006
2024-12-25 11:30:00,12,0,0,0.013779386
2024-12-25 11:45:00,12,0,0,0.03245569
2024-12-25 12:00:00,12,0,0,0.017706698
2024-12-25 12:15:00,12,0,0,0.023247473
2024-12-25 12:30:00,12,0,0,0.0020323
2024-12-25 12:45:00,12,0,0,0.00292116
2024-12-25 13:00:00,12,0,0,0.003095818
2024-12-25 13:15:00,12,0,0,0.001871997
2024-12-25 13:30:00,12,0,0,0.003121976
2024-12-25 13:45:00,12,0,0,0.0038437298
2024-12-25 14:00:00,12,0,0,0.02244681
2024-12-25 14:15:00,12,0,0,0.042138245
2024-12-25 14:30:00,12,0,0,0.041700035
2024-12-25 14:45:00,12,0,0,0.2814678
2024-12-25 15:00:00,12,0,0,0.43238646
2024-12-25 15:15:00,12,0,1,0.5789998
2024-12-25 15:30:00,12,1,1,0.5906152
2024-12-25 15:45:00,12,1,1,0.59509224
2024-12-25 16:00:00,12,0,1,0.55873394
2024-12-25 16:15:00,12,0,0,0.106184624
2024-12-25 16:30:00,12,0,0,0.04885612
2024-12-25 16:45:00,12,0,0,0.080373116
2024-12-25 17:00:00,12,0,0,0.09696871
2024-12-25 17:15:00,12,0,0,0.0047658314
2024-12-25 17:30:00,12,0,0,0.004195442
2024-12-25 17:45:00,12,0,0,0.0015526998
2024-12-25 18:00:00,12,0,0,0.0016442846
2024-12-25 18:15:00,12,0,0,0.0011192824
2024-12-25 18:30:00,12,0,0,0.0021473835
2024-12-25 18:45:00,12,0,0,0.004689333
2024-12-25 19:00:00,12,0,0,0.0049790284
2024-12-25 19:15:00,12,0,0,0.048060413
2024-12-25 19:30:00,12,0,0,0.0064318758
2024-12-25 19:45:00,12,0,0,0.03222149
2024-12-25 20:00:00,12,0,1,0.57307947
2024-12-25 20:15:00,12,0,1,0.60031146
2024-12-25 20:30:00,12,0,1,0.7255661
2024-12-25 20:45:00,12,0,1,0.60838765
2024-12-25 21:00:00,12,0,1,0.5935056
2024-12-25 21:15:00,12,0,0,0.25017187
2024-12-25 21:30:00,12,0,1,0.5592624
2024-12-25 21:45:00,12,0,0,0.191105
2024-12-25 22:00:00,12,0,1,0.51228774
2024-12-25 22:15:00,12,0,1,0.4154647
2024-12-25 22:30:00,12,0,1,0.61234266
2024-12-25 22:45:00,12,1,1,0.6240603
2024-12-25 23:00:00,12,1,1,0.6271024
2024-12-25 23:15:00,12,1,1,0.67380106
2024-12-25 23:30:00,12,1,1,0.6047189
2024-12-25 23:45:00,12,1,1,0.63844395
2024-12-26 00:15:00,12,0,1,0.6444315
2024-12-26 00:30:00,12,0,1,0.6960917
2024-12-26 00:45:00,12,0,0,0.25267738
2024-12-26 01:00:00,12,0,0,0.22059666
2024-12-26 01:15:00,12,0,0,0.020702817
2024-12-26 01:30:00,12,0,0,0.05190701
2024-12-26 01:45:00,12,0,0,0.29158312
2024-12-26 02:00:00,12,0,1,0.5914812
2024-12-26 02:15:00,12,0,1,0.6480407
2024-12-26 02:30:00,12,0,1,0.5908634
2024-12-26 02:45:00,12,0,1,0.64139223
2024-12-26 03:00:00,12,0,1,0.64343596
2024-12-26 03:15:00,12,0,1,0.6131703
2024-12-26 03:30:00,12,0,1,0.56638813
2024-12-26 03:45:00,12,0,1,0.60537356
2024-12-26 04:00:00,12,0,1,0.60198045
2024-12-26 04:15:00,12,0,1,0.6244024
2024-12-26 04:30:00,12,1,1,0.65396446
2024-12-26 04:45:00,12,0,1,0.67670476
2024-12-26 05:00:00,12,0,1,0.6870539
2024-12-26 05:15:00,12,0,1,0.7223133
2024-12-26 05:30:00,12,0,1,0.7282718
2024-12-26 05:45:00,12,0,1,0.7418433
2024-12-26 06:00:00,12,1,1,0.77522546
2024-12-26 06:15:00,12,1,1,0.7759711
2024-12-26 06:30:00,12,1,1,0.76179767
2024-12-26 06:45:00,12,0,1,0.74136347
2024-12-26 07:00:00,12,0,1,0.73183566
2024-12-26 07:15:00,12,0,1,0.71326035
2024-12-26 07:30:00,12,0,1,0.67267734
2024-12-26 07:45:00,12,0,1,0.73970896
2024-12-26 08:00:00,12,0,1,0.5809887
2024-12-26 08:15:00,12,0,1,0.5286689
2024-12-26 08:30:00,12,0,0,0.20504765
2024-12-26 08:45:00,12,0,0,0.021135084
2024-12-26 09:00:00,12,0,0,0.0034533504
2024-12-26 09:15:00,12,0,0,0.0034210214
2024-12-26 09:30:00,12,0,0,0.0051299124
2024-12-26 09:45:00,12,0,0,0.0028590576
2024-12-26 10:00:00,12,0,0,0.0022807852
2024-12-26 10:15:00,12,0,0,0.0024296609
2024-12-26 10:30:00,12,0,0,0.0012237437
2024-12-26 10:45:00,12,0,0,0.0021277529
2024-12-26 11:00:00,12,0,0,0.0016231437
2024-12-26 11:15:00,12,0,0,0.0013814626
2024-12-26 11:30:00,12,0,0,0.0015766723
2024-12-26 11:45:00,12,0,1,0.51428026
2024-12-26 12:00:00,12,0,1,0.5000567
2024-12-26 12:15:00,12,0,0,0.08441824
2024-12-26 12:30:00,12,0,0,0.029877039
2024-12-26 12:45:00,12,0,0,0.0014944192
2024-12-26 13:00:00,12,0,0,0.0012567501
2024-12-26 13:15:00,12,0,0,0.001292706
2024-12-26 13:30:00,12,0,0,0.0012118388
2024-12-26 13:45:00,12,0,0,0.0010392157
2024-12-26 14:00:00,12,0,0,0.0014309811
2024-12-26 14:15:00,12,0,0,0.001313831
2024-12-26 14:30:00,12,0,0,0.0011413753
2024-12-26 14:45:00,12,0,0,0.0010735661
2024-12-26 15:00:00,12,0,0,0.0012134403
2024-12-26 15:15:00,12,0,0,0.0012157977
2024-12-26 15:30:00,12,0,0,0.0012861047
2024-12-26 15:45:00,12,0,0,0.001361193
2024-12-26 16:00:00,12,0,0,0.0017024045
2024-12-26 16:15:00,12,0,0,0.001804649
2024-12-26 16:30:00,12,0,0,0.0019726104
2024-12-26 16:45:00,12,0,0,0.0018924557
2024-12-26 17:00:00,12,0,0,0.0017336366
2024-12-26 17:15:00,12,0,0,0.0018907882
2024-12-26 17:30:00,12,0,0,0.0016319447
2024-12-26 17:45:00,12,0,0,0.0014640652
2024-12-26 18:00:00,12,0,0,0.0012693248
2024-12-26 18:15:00,12,0,0,0.0015701413
2024-12-26 18:30:00,12,0,0,0.0013909029
2024-12-26 18:45:00,12,0,0,0.0014902934
2024-12-26 19:00:00,12,0,0,0.0026044266
2024-12-26 19:15:00,12,0,0,0.0022672366
2024-12-26 19:30:00,12,0,0,0.0020233244
2024-12-26 19:45:00,12,0,0,0.0018973612
2024-12-26 20:00:00,12,0,0,0.0027140363
2024-12-26 20:15:00,12,0,0,0.0019408034
2024-12-26 20:30:00,12,0,0,0.001382046
2024-12-26 20:45:00,12,0,0,0.0017715988
2024-12-26 21:00:00,12,0,0,0.0016087625
2024-12-26 21:15:00,12,0,0,0.0022166786
2024-12-26 21:30:00,12,0,0,0.0018493487
2024-12-26 21:45:00,12,0,0,0.0015999178
2024-12-26 22:00:00,12,0,0,0.0018467708
2024-12-26 22:15:00,12,0,0,0.0019780837
2024-12-26 22:30:00,12,0,0,0.0019900715
2024-12-26 22:45:00,12,0,0,0.0015258067
2024-12-26 23:00:00,12,0,0,0.0017858958
2024-12-26 23:15:00,12,0,0,0.0015972353
2024-12-26 23:30:00,12,0,0,0.0016093294
2024-12-26 23:45:00,12,0,0,0.0016951578
2024-12-27 00:15:00,12,0,0,0.0017682682
2024-12-27 00:30:00,12,0,0,0.002124922
2024-12-27 00:45:00,12,0,0,0.0031568962
2024-12-27 01:00:00,12,0,0,0.002000563
2024-12-27 01:15:00,12,0,0,0.001937509
2024-12-27 01:30:00,12,0,0,0.0016627123
2024-12-27 01:45:00,12,0,0,0.001385052
2024-12-27 02:00:00,12,0,0,0.0016686777
2024-12-27 02:15:00,12,0,0,0.0018259985
2024-12-27 02:30:00,12,0,0,0.0014904949
2024-12-27 02:45:00,12,0,0,0.0013682352
2024-12-27 03:00:00,12,0,0,0.003570679
2024-12-27 03:15:00,12,0,0,0.0043743085
2024-12-27 03:30:00,12,0,0,0.0012930444
2024-12-27 03:45:00,12,0,0,0.0033108355
2024-12-27 04:00:00,12,0,0,0.0024966933
2024-12-27 04:15:00,12,0,0,0.0015631352
2024-12-27 04:30:00,12,0,0,0.0013526265
2024-12-27 04:45:00,12,0,0,0.0015016611
2024-12-27 05:00:00,12,0,0,0.001688615
2024-12-27 05:15:00,12,0,0,0.0013539892
2024-12-27 05:30:00,12,0,0,0.0012287331
2024-12-27 05:45:00,12,0,0,0.0013630207
2024-12-27 06:00:00,12,0,0,0.0014002818
2024-12-27 06:15:00,12,0,0,0.001476812
2024-12-27 06:30:00,12,0,0,0.0012636199
2024-12-27 06:45:00,12,0,0,0.001343847
2024-12-27 07:00:00,12,0,0,0.0013887523
2024-12-27 07:15:00,12,0,0,0.0013086067
2024-12-27 07:30:00,12,0,0,0.0012796023
2024-12-27 07:45:00,12,0,0,0.0013493225
2024-12-27 08:00:00,12,0,0,0.0013170855
2024-12-27 08:15:00,12,0,0,0.0012098624
2024-12-27 08:30:00,12,0,0,0.0013656679
2024-12-27 08:45:00,12,0,0,0.0013905378
2024-12-27 09:00:00,12,0,0,0.0014193556
2024-12-27 09:15:00,12,0,0,0.0014161485
2024-12-27 09:30:00,12,0,0,0.0013131225
2024-12-27 09:45:00,12,0,0,0.001328093
2024-12-27 10:00:00,12,0,0,0.0014092603
2024-12-27 10:15:00,12,0,0,0.0011342217
2024-12-27 10:30:00,12,0,0,0.0039603733
2024-12-27 10:45:00,12,0,0,0.1180857
2024-12-27 11:00:00,12,0,1,0.46562976
2024-12-27 11:15:00,12,0,1,0.4561672
2024-12-27 11:30:00,12,0,0,0.30281398
2024-12-27 11:45:00,12,0,0,0.45328617
2024-12-27 12:00:00,12,0,1,0.52405626
2024-12-27 12:15:00,12,0,1,0.53579044
2024-12-27 12:30:00,12,0,1,0.60727274
2024-12-27 12:45:00,12,0,1,0.5808863
2024-12-27 13:00:00,12,1,0,0.11232978
2024-12-27 13:15:00,12,1,0,0.13415387
2024-12-27 13:30:00,12,1,0,0.3054651
2024-12-27 13:45:00,12,1,1,0.51323813
2024-12-27 14:00:00,12,1,0,0.3661489
2024-12-27 14:15:00,12,1,1,0.5275706
2024-12-27 14:30:00,12,1,1,0.6301878
2024-12-27 14:45:00,12,1,1,0.68717325
2024-12-27 15:00:00,12,0,1,0.69134724
2024-12-27 15:15:00,12,0,1,0.70945925
2024-12-27 15:30:00,12,0,1,0.7404349
2024-12-27 15:45:00,12,0,1,0.7359643
2024-12-27 16:00:00,12,0,1,0.7663703
2024-12-27 16:15:00,12,0,1,0.765599
2024-12-27 16:30:00,12,0,1,0.7691838
2024-12-27 16:45:00,12,0,1,0.7147189
2024-12-27 17:00:00,12,0,1,0.71068865
2024-12-27 17:15:00,12,0,1,0.6762722
2024-12-27 17:30:00,12,0,0,0.3585072
2024-12-27 17:45:00,12,0,0,0.18828563
2024-12-27 18:00:00,12,0,0,0.06897794
2024-12-27 18:15:00,12,0,0,0.088856906
2024-12-27 18:30:00,12,0,1,0.6523292
2024-12-27 18:45:00,12,0,0,0.006187368
2024-12-27 19:00:00,12,0,0,0.012573047
2024-12-27 19:15:00,12,0,0,0.004527026
2024-12-27 19:30:00,12,0,0,0.0027299114
2024-12-27 19:45:00,12,0,0,0.0036592905
2024-12-27 20:00:00,12,0,0,0.016179988
2024-12-27 20:15:00,12,0,0,0.10888742
2024-12-27 20:30:00,12,0,1,0.5635243
2024-12-27 20:45:00,12,1,1,0.63147545
2024-12-27 21:00:00,12,1,1,0.55815965
2024-12-27 21:15:00,12,0,0,0.32379508
2024-12-27 21:30:00,12,0,0,0.19064203
2024-12-27 21:45:00,12,0,0,0.073978044
2024-12-27 22:00:00,12,1,0,0.23107685
2024-12-27 22:15:00,12,1,1,0.52445054
2024-12-27 22:30:00,12,1,1,0.5360736
2024-12-27 22:45:00,12,0,1,0.49301437
2024-12-27 23:00:00,12,0,0,0.010225619
2024-12-27 23:15:00,12,0,0,0.011363648
2024-12-27 23:30:00,12,0,0,0.0059134588
2024-12-27 23:45:00,12,0,0,0.0023104248
2024-12-28 00:15:00,12,0,0,0.0056263935
2024-12-28 00:30:00,12,0,0,0.028661996
2024-12-28 00:45:00,12,0,0,0.38809317
2024-12-28 01:00:00,12,0,1,0.5471709
2024-12-28 01:15:00,12,1,1,0.5481194
2024-12-28 01:30:00,12,1,0,0.023155121
2024-12-28 01:45:00,12,0,0,0.001856365
2024-12-28 02:00:00,12,0,0,0.0017300837
2024-12-28 02:15:00,12,0,0,0.0070334845
2024-12-28 02:30:00,12,0,0,0.009712765
2024-12-28 02:45:00,12,0,0,0.0015283427
2024-12-28 03:00:00,12,0,0,0.0023574042
2024-12-28 03:15:00,12,0,0,0.0038317211
2024-12-28 03:30:00,12,0,0,0.0018849507
2024-12-28 03:45:00,12,0,0,0.00365398
2024-12-28 04:00:00,12,0,0,0.0029795084
2024-12-28 04:15:00,12,0,0,0.0024671494
2024-12-28 04:30:00,12,0,0,0.0036314283
2024-12-28 04:45:00,12,0,1,0.52536803
2024-12-28 05:00:00,12,0,1,0.59271634
2024-12-28 05:15:00,12,0,1,0.62228775
2024-12-28 05:30:00,12,0,1,0.5121054
2024-12-28 05:45:00,12,0,1,0.3890348
2024-12-28 06:00:00,12,0,0,0.029748397
2024-12-28 06:15:00,12,0,0,0.0026211427
2024-12-28 06:30:00,12,0,0,0.016035918
2024-12-28 06:45:00,12,0,0,0.01206175
2024-12-28 07:00:00,12,0,0,0.0017636407
2024-12-28 07:15:00,12,0,0,0.0013098555
2024-12-28 07:30:00,12,0,0,0.0013176877
2024-12-28 07:45:00,12,0,0,0.0010903615
2024-12-28 08:00:00,12,0,0,0.0012716138
2024-12-28 08:15:00,12,0,0,0.0011086654
2024-12-28 08:30:00,12,0,0,0.0012697435
2024-12-28 08:45:00,12,0,0,0.0015687016
2024-12-28 09:00:00,12,0,0,0.0016156994
2024-12-28 09:15:00,12,0,0,0.0012840411
2024-12-28 09:30:00,12,0,0,0.0011491935
2024-12-28 09:45:00,12,0,0,0.0010947151
2024-12-28 10:00:00,12,0,0,0.0014644552
2024-12-28 10:15:00,12,0,0,0.0011973536
2024-12-28 10:30:00,12,0,0,0.001130773
2024-12-28 10:45:00,12,0,0,0.0011410317
2024-12-28 11:00:00,12,0,0,0.0013197971
2024-12-28 11:15:00,12,0,0,0.0012330223
2024-12-28 11:30:00,12,0,0,0.0011753727
2024-12-28 11:45:00,12,0,0,0.0010436559
2024-12-28 12:00:00,12,0,0,0.0010856395
2024-12-28 12:15:00,12,0,0,0.0012782178
2024-12-28 12:30:00,12,0,0,0.001126882
2024-12-28 12:45:00,12,0,0,0.0011474845
2024-12-28 13:00:00,12,0,0,0.0011185814
2024-12-28 13:15:00,12,0,0,0.0010990001
2024-12-28 13:30:00,12,0,0,0.0011102847
2024-12-28 13:45:00,12,0,0,0.001105404
2024-12-28 14:00:00,12,0,0,0.0011421025
2024-12-28 14:15:00,12,0,0,0.0013166814
2024-12-28 14:30:00,12,0,0,0.0012730896
2024-12-28 14:45:00,12,0,0,0.0012171767
2024-12-28 15:00:00,12,0,0,0.0012601886
2024-12-28 15:15:00,12,0,0,0.0012623239
2024-12-28 15:30:00,12,0,0,0.0013891854
2024-12-28 15:45:00,12,0,0,0.0012472604
2024-12-28 16:00:00,12,0,0,0.0013902709
2024-12-28 16:15:00,12,0,0,0.00133071
2024-12-28 16:30:00,12,0,0,0.001392005
2024-12-28 16:45:00,12,0,0,0.0013092755
2024-12-28 17:00:00,12,1,0,0.0013466587
2024-12-28 17:15:00,12,1,0,0.11314038
2024-12-28 17:30:00,12,0,0,0.3392749
2024-12-28 17:45:00,12,1,0,0.3844874
2024-12-28 18:00:00,12,1,1,0.56079865
2024-12-28 18:15:00,12,0,1,0.62519634
2024-12-28 18:30:00,12,0,1,0.65067196
2024-12-28 18:45:00,12,0,1,0.61928326
2024-12-28 19:00:00,12,0,0,0.30204555
2024-12-28 19:15:00,12,0,0,0.0040501636
2024-12-28 19:30:00,12,0,0,0.018113583
2024-12-28 19:45:00,12,0,0,0.044918355
2024-12-28 20:00:00,12,0,1,0.5782734
2024-12-28 20:15:00,12,0,1,0.6120975
2024-12-28 20:30:00,12,0,1,0.62652266
2024-12-28 20:45:00,12,0,1,0.6653677
2024-12-28 21:00:00,12,0,0,0.30445027
2024-12-28 21:15:00,12,0,0,0.045553338
2024-12-28 21:30:00,12,0,0,0.16111745
2024-12-28 21:45:00,12,1,1,0.381621
2024-12-28 22:00:00,12,0,0,0.03625658
2024-12-28 22:15:00,12,0,0,0.0026374098
2024-12-28 22:30:00,12,1,1,0.543878
2024-12-28 22:45:00,12,1,1,0.6109465
2024-12-28 23:00:00,12,1,1,0.66777855
2024-12-28 23:15:00,12,1,1,0.6188565
2024-12-28 23:30:00,12,0,1,0.628733
2024-12-28 23:45:00,12,0,1,0.62383825
2024-12-29 00:15:00,12,1,1,0.65380865
2024-12-29 00:30:00,12,1,1,0.6521907
2024-12-29 00:45:00,12,0,1,0.68562675
2024-12-29 01:00:00,12,0,1,0.7022432
2024-12-29 01:15:00,12,0,1,0.613691
2024-12-29 01:30:00,12,0,1,0.61906564
2024-12-29 01:45:00,12,0,1,0.5698493
2024-12-29 02:00:00,12,0,1,0.64555174
2024-12-29 02:15:00,12,0,1,0.61632144
2024-12-29 02:30:00,12,0,1,0.593928
2024-12-29 02:45:00,12,0,1,0.64789253
2024-12-29 03:00:00,12,0,1,0.63485324
2024-12-29 03:15:00,12,0,1,0.596988
2024-12-29 03:30:00,12,0,1,0.5398022
2024-12-29 03:45:00,12,0,1,0.55825764
2024-12-29 04:00:00,12,0,1,0.59970856
2024-12-29 04:15:00,12,1,1,0.6111137
2024-12-29 04:30:00,12,1,1,0.60672784
2024-12-29 04:45:00,12,1,1,0.65032333
2024-12-29 05:00:00,12,1,1,0.6728411
2024-12-29 05:15:00,12,1,1,0.65830123
2024-12-29 05:30:00,12,1,1,0.6842092
2024-12-29 05:45:00,12,1,1,0.7150204
2024-12-29 06:00:00,12,1,1,0.7439962
2024-12-29 06:15:00,12,1,1,0.72078633
2024-12-29 06:30:00,12,1,1,0.71417546
2024-12-29 06:45:00,12,1,1,0.7329204
2024-12-29 07:00:00,12,1,1,0.7136071
2024-12-29 07:15:00,12,1,1,0.70642173
2024-12-29 07:30:00,12,1,1,0.7269743
2024-12-29 07:45:00,12,1,1,0.6793991
2024-12-29 08:00:00,12,1,1,0.71426314
2024-12-29 08:15:00,12,1,1,0.7179942
2024-12-29 08:30:00,12,1,1,0.69247776
2024-12-29 08:45:00,12,1,1,0.75133383
2024-12-29 09:00:00,12,1,1,0.66455483
2024-12-29 09:15:00,12,1,1,0.55443674
2024-12-29 09:30:00,12,0,0,0.331226
2024-12-29 09:45:00,12,0,0,0.020426389
2024-12-29 10:00:00,12,0,0,0.0059623006
2024-12-29 10:15:00,12,0,0,0.011854323
2024-12-29 10:30:00,12,0,0,0.007987734
2024-12-29 10:45:00,12,0,0,0.005396304
2024-12-29 11:00:00,12,0,0,0.21298227
2024-12-29 11:15:00,12,0,0,0.2135553
2024-12-29 11:30:00,12,0,0,0.24250424
2024-12-29 11:45:00,12,0,0,0.21533
2024-12-29 12:00:00,12,0,0,0.3286696
2024-12-29 12:15:00,12,0,0,0.3997719
2024-12-29 12:30:00,12,0,0,0.46259773
2024-12-29 12:45:00,12,0,0,0.04152425
2024-12-29 13:00:00,12,0,0,0.011402825
2024-12-29 13:15:00,12,0,0,0.008573626
2024-12-29 13:30:00,12,0,0,0.11057002
2024-12-29 13:45:00,12,0,0,0.10436068
2024-12-29 14:00:00,12,0,0,0.007719086
2024-12-29 14:15:00,12,0,0,0.007003462
2024-12-29 14:30:00,12,0,0,0.17137724
2024-12-29 14:45:00,12,0,0,0.15431586
2024-12-29 15:00:00,12,0,0,0.072299406
2024-12-29 15:15:00,12,0,0,0.056859113
2024-12-29 15:30:00,12,0,1,0.5023359
2024-12-29 15:45:00,12,1,1,0.51217675
2024-12-29 16:00:00,12,0,0,0.4607929
2024-12-29 16:15:00,12,0,1,0.5456573
2024-12-29 16:30:00,12,0,0,0.44753596
2024-12-29 16:45:00,12,0,0,0.09289669
2024-12-29 17:00:00,12,0,0,0.009237028
2024-12-29 17:15:00,12,0,0,0.0030787538
2024-12-29 17:30:00,12,0,0,0.15054041
2024-12-29 17:45:00,12,0,0,0.12502438
2024-12-29 18:00:00,12,0,0,0.002587191
2024-12-29 18:15:00,12,0,0,0.0029685262
2024-12-29 18:30:00,12,0,0,0.0026278049
2024-12-29 18:45:00,12,0,0,0.001940271
2024-12-29 19:00:00,12,0,0,0.004359528
2024-12-29 19:15:00,12,0,0,0.002225681
2024-12-29 19:30:00,12,0,0,0.002716061
2024-12-29 19:45:00,12,0,0,0.0048889997
2024-12-29 20:00:00,12,0,0,0.0042857076
2024-12-29 20:15:00,12,0,0,0.0030293844
2024-12-29 20:30:00,12,0,0,0.0015181606
2024-12-29 20:45:00,12,0,0,0.0018512649
2024-12-29 21:00:00,12,0,0,0.0034503462
2024-12-29 21:15:00,12,0,0,0.003003188
2024-12-29 21:30:00,12,0,0,0.0029298335
2024-12-29 21:45:00,12,0,0,0.0045114793
2024-12-29 22:00:00,12,0,0,0.01322166
2024-12-29 22:15:00,12,0,0,0.02492823
2024-12-29 22:30:00,12,0,0,0.010317406
2024-12-29 22:45:00,12,0,0,0.0022463626
2024-12-29 23:00:00,12,0,0,0.0017234688
2024-12-29 23:15:00,12,0,0,0.0017270982
2024-12-29 23:30:00,12,0,0,0.029065728
2024-12-29 23:45:00,12,0,0,0.0057748426
2024-12-30 00:15:00,12,0,0,0.0026716357
2024-12-30 00:30:00,12,0,0,0.0029880411
2024-12-30 00:45:00,12,0,0,0.0065079476
2024-12-30 01:00:00,12,0,0,0.0013324817
2024-12-30 01:15:00,12,0,0,0.0011242147
2024-12-30 01:30:00,12,0,0,0.0010621626
2024-12-30 01:45:00,12,0,0,0.0011814305
2024-12-30 02:00:00,12,0,0,0.0011360052
2024-12-30 02:15:00,12,0,0,0.0012418679
2024-12-30 02:30:00,12,0,0,0.0020902362
2024-12-30 02:45:00,12,0,0,0.0010956019
2024-12-30 03:00:00,12,0,0,0.0011804159
2024-12-30 03:15:00,12,0,0,0.0011405008
2024-12-30 03:30:00,12,0,0,0.0012323749
2024-12-30 03:45:00,12,0,0,0.0013103065
2024-12-30 04:00:00,12,0,0,0.0011639908
2024-12-30 04:15:00,12,0,0,0.001072292
2024-12-30 04:30:00,12,0,0,0.0059963036
2024-12-30 04:45:00,12,0,0,0.0014506525
2024-12-30 05:00:00,12,0,0,0.0026900421
2024-12-30 05:15:00,12,0,0,0.002625729
2024-12-30 05:30:00,12,0,0,0.0024236185
2024-12-30 05:45:00,12,0,0,0.006727432
2024-12-30 06:00:00,12,0,0,0.013140774
2024-12-30 06:15:00,12,0,0,0.0037723852
2024-12-30 06:30:00,12,0,0,0.0037451005
2024-12-30 06:45:00,12,0,0,0.004311183
2024-12-30 07:00:00,12,0,0,0.010875666
2024-12-30 07:15:00,12,0,0,0.014575754
2024-12-30 07:30:00,12,0,0,0.01213004
2024-12-30 07:45:00,12,0,0,0.034308873
2024-12-30 08:00:00,12,0,0,0.016150145
2024-12-30 08:15:00,12,0,0,0.010865449
2024-12-30 08:30:00,12,0,0,0.01832682
2024-12-30 08:45:00,12,0,0,0.01303361
2024-12-30 09:00:00,12,0,0,0.007931353
2024-12-30 09:15:00,12,0,0,0.010453587
2024-12-30 09:30:00,12,0,0,0.0211033
2024-12-30 09:45:00,12,0,0,0.019393932
2024-12-30 10:00:00,12,0,0,0.00341466
2024-12-30 10:15:00,12,0,0,0.004098553
2024-12-30 10:30:00,12,0,0,0.0041176146
2024-12-30 10:45:00,12,0,0,0.005662539
2024-12-30 11:00:00,12,0,0,0.0057528787
2024-12-30 11:15:00,12,0,0,0.0069752606
2024-12-30 11:30:00,12,0,0,0.0052278787
2024-12-30 11:45:00,12,0,0,0.023536215
2024-12-30 12:00:00,12,0,0,0.010079338
2024-12-30 12:15:00,12,0,0,0.007405823
2024-12-30 12:30:00,12,0,0,0.005828549
2024-12-30 12:45:00,12,0,0,0.009342146
2024-12-30 13:00:00,12,0,0,0.008398894
2024-12-30 13:15:00,12,0,0,0.003072401
2024-12-30 13:30:00,12,0,0,0.0028752123
2024-12-30 13:45:00,12,0,0,0.0018994051
2024-12-30 14:00:00,12,0,0,0.0061352244
2024-12-30 14:15:00,12,0,0,0.0052505853
2024-12-30 14:30:00,12,0,0,0.00773019
2024-12-30 14:45:00,12,0,0,0.006386351
2024-12-30 15:00:00,12,0,0,0.006689118
2024-12-30 15:15:00,12,0,0,0.0063741305
2024-12-30 15:30:00,12,0,0,0.0017942254
2024-12-30 15:45:00,12,0,0,0.004228312
2024-12-30 16:00:00,12,0,0,0.003801657
2024-12-30 16:15:00,12,0,0,0.002669007
2024-12-30 16:30:00,12,0,0,0.001814012
2024-12-30 16:45:00,12,0,0,0.00253702
2024-12-30 17:00:00,12,0,0,0.0017988655
2024-12-30 17:15:00,12,0,0,0.001790085
2024-12-30 17:30:00,12,0,0,0.0015825874
2024-12-30 17:45:00,12,0,0,0.0012342616
2024-12-30 18:00:00,12,0,0,0.0015638819
2024-12-30 18:15:00,12,0,0,0.0023732441
2024-12-30 18:30:00,12,0,0,0.006312148
2024-12-30 18:45:00,12,0,0,0.0012940102
2024-12-30 19:00:00,12,0,0,0.0012841402
2024-12-30 19:15:00,12,0,0,0.0036525542
2024-12-30 19:30:00,12,0,0,0.002362506
2024-12-30 19:45:00,12,0,0,0.0017355874
2024-12-30 20:00:00,12,0,0,0.0029089171
2024-12-30 20:15:00,12,0,0,0.0033068175
2024-12-30 20:30:00,12,0,0,0.0017959991
2024-12-30 20:45:00,12,0,0,0.0015519228
2024-12-30 21:00:00,12,0,0,0.0019344486
2024-12-30 21:15:00,12,0,0,0.0029804255
2024-12-30 21:30:00,12,0,0,0.009999074
2024-12-30 21:45:00,12,0,0,0.005275529
2024-12-30 22:00:00,12,0,0,0.0028248657
2024-12-30 22:15:00,12,0,0,0.0017020068
2024-12-30 22:30:00,12,0,0,0.0015018962
2024-12-30 22:45:00,12,0,0,0.0015808882
2024-12-30 23:00:00,12,0,0,0.0010560637
2024-12-30 23:15:00,12,0,0,0.0027238412
2024-12-30 23:30:00,12,0,0,0.0019796253
2024-12-30 23:45:00,12,0,0,0.0027251958
