datetime,week_idx,is_high_true,is_high_pred,proba_high
2024-10-01 01:00:00,0,0,0,0.041879427
2024-10-01 01:15:00,0,0,0,0.04539074
2024-10-01 01:30:00,0,0,0,0.058558542
2024-10-01 01:45:00,0,0,0,0.035612855
2024-10-01 02:00:00,0,0,0,0.014432594
2024-10-01 02:15:00,0,0,0,0.016188828
2024-10-01 02:30:00,0,0,0,0.016493106
2024-10-01 02:45:00,0,0,0,0.020655496
2024-10-01 03:00:00,0,0,0,0.021880453
2024-10-01 03:15:00,0,0,0,0.02203167
2024-10-01 03:30:00,0,0,0,0.019182924
2024-10-01 03:45:00,0,0,0,0.020557929
2024-10-01 04:00:00,0,0,0,0.021674085
2024-10-01 04:15:00,0,0,0,0.024842774
2024-10-01 04:30:00,0,0,0,0.053392414
2024-10-01 04:45:00,0,0,0,0.04979563
2024-10-01 05:00:00,0,0,0,0.04525758
2024-10-01 05:15:00,0,0,0,0.03359513
2024-10-01 05:30:00,0,0,0,0.03105523
2024-10-01 05:45:00,0,0,0,0.035805292
2024-10-01 06:00:00,0,0,0,0.027563017
2024-10-01 06:15:00,0,0,0,0.035483044
2024-10-01 06:30:00,0,0,0,0.030929158
2024-10-01 06:45:00,0,0,0,0.031496793
2024-10-01 07:00:00,0,0,0,0.013211581
2024-10-01 07:15:00,0,0,0,0.013686131
2024-10-01 07:30:00,0,0,0,0.010343524
2024-10-01 07:45:00,0,0,0,0.0072863316
2024-10-01 08:00:00,0,0,0,0.0021279978
2024-10-01 08:15:00,0,0,0,0.0011506415
2024-10-01 08:30:00,0,0,0,0.0011551592
2024-10-01 08:45:00,0,0,0,0.0017354285
2024-10-01 09:00:00,0,0,0,0.00078149716
2024-10-01 09:15:00,0,0,0,0.00076707505
2024-10-01 09:30:00,0,0,0,0.00066763756
2024-10-01 09:45:00,0,0,0,0.00066371885
2024-10-01 10:00:00,0,0,0,0.00077985344
2024-10-01 10:15:00,0,0,0,0.00037945755
2024-10-01 10:30:00,0,0,0,0.00038043357
2024-10-01 10:45:00,0,0,0,0.0008588423
2024-10-01 11:00:00,0,0,0,0.00047511916
2024-10-01 11:15:00,0,0,0,0.00043423328
2024-10-01 11:30:00,0,0,0,0.0003329581
2024-10-01 11:45:00,0,0,0,0.00030515203
2024-10-01 12:00:00,0,0,0,0.00029434278
2024-10-01 12:15:00,0,0,0,0.00018512356
2024-10-01 12:30:00,0,0,0,0.00018052974
2024-10-01 12:45:00,0,0,0,0.00020278698
2024-10-01 13:00:00,0,0,0,0.0001858952
2024-10-01 13:15:00,0,0,0,0.00017516028
2024-10-01 13:30:00,0,0,0,0.00021835178
2024-10-01 13:45:00,0,0,0,0.00016968315
2024-10-01 14:00:00,0,0,0,0.00017982283
2024-10-01 14:15:00,0,0,0,0.0002438787
2024-10-01 14:30:00,0,0,0,0.00027766638
2024-10-01 14:45:00,0,0,0,0.0003127054
2024-10-01 15:00:00,0,0,0,0.00030253932
2024-10-01 15:15:00,0,0,0,0.00032118268
2024-10-01 15:30:00,0,0,0,0.0002968596
2024-10-01 15:45:00,0,0,0,0.00033898864
2024-10-01 16:00:00,0,0,0,0.00050814106
2024-10-01 16:15:00,0,0,0,0.00025734995
2024-10-01 16:30:00,0,0,0,0.00023343191
2024-10-01 16:45:00,0,0,0,0.00027917087
2024-10-01 17:00:00,0,0,0,0.00031730556
2024-10-01 17:15:00,0,0,0,0.00044304074
2024-10-01 17:30:00,0,0,0,0.00045791848
2024-10-01 17:45:00,0,0,0,0.0004290213
2024-10-01 18:00:00,0,0,0,0.0007283936
2024-10-01 18:15:00,0,0,0,0.00093176
2024-10-01 18:30:00,0,0,0,0.0010253949
2024-10-01 18:45:00,0,0,0,0.0010406406
2024-10-01 19:00:00,0,0,0,0.00069356634
2024-10-01 19:15:00,0,0,0,0.0009226315
2024-10-01 19:30:00,0,0,0,0.00088217854
2024-10-01 19:45:00,0,0,0,0.0008922096
2024-10-01 20:00:00,0,0,0,0.0007198793
2024-10-01 20:15:00,0,0,0,0.0007248625
2024-10-01 20:30:00,0,0,0,0.0007834584
2024-10-01 20:45:00,0,0,0,0.000792152
2024-10-01 21:00:00,0,0,0,0.0013606034
2024-10-01 21:15:00,0,0,0,0.001164768
2024-10-01 21:30:00,0,0,0,0.0014410263
2024-10-01 21:45:00,0,0,0,0.0016355503
2024-10-01 22:00:00,0,0,0,0.0032996475
2024-10-01 22:15:00,0,0,0,0.0018173566
2024-10-01 22:30:00,0,0,0,0.001416498
2024-10-01 22:45:00,0,0,0,0.002101194
2024-10-01 23:00:00,0,0,0,0.0030748434
2024-10-01 23:15:00,0,0,0,0.0033694091
2024-10-01 23:30:00,0,0,0,0.0038953326
2024-10-01 23:45:00,0,0,0,0.0030845797
2024-10-02 00:15:00,0,0,0,0.0027214289
2024-10-02 00:30:00,0,0,0,0.0033273043
2024-10-02 00:45:00,0,0,0,0.0033273043
2024-10-02 01:00:00,0,0,0,0.003089263
2024-10-02 01:15:00,0,0,0,0.0030995274
2024-10-02 01:30:00,0,0,0,0.0025393276
2024-10-02 01:45:00,0,0,0,0.0019752278
2024-10-02 02:00:00,0,0,0,0.0022784024
2024-10-02 02:15:00,0,0,0,0.002750512
2024-10-02 02:30:00,0,0,0,0.003685696
2024-10-02 02:45:00,0,0,0,0.0034701875
2024-10-02 03:00:00,0,0,0,0.0032100806
2024-10-02 03:15:00,0,0,0,0.004226718
2024-10-02 03:30:00,0,0,0,0.0033322321
2024-10-02 03:45:00,0,0,0,0.0010215008
2024-10-02 04:00:00,0,0,0,0.00079145376
2024-10-02 04:15:00,0,0,0,0.00066060916
2024-10-02 04:30:00,0,0,0,0.0006496198
2024-10-02 04:45:00,0,0,0,0.0006491039
2024-10-02 05:00:00,0,0,0,0.0005999449
2024-10-02 05:15:00,0,0,0,0.00057103665
2024-10-02 05:30:00,0,0,0,0.00058813044
2024-10-02 05:45:00,0,0,0,0.0006083525
2024-10-02 06:00:00,0,0,0,0.0004697154
2024-10-02 06:15:00,0,0,0,0.00054180715
2024-10-02 06:30:00,0,0,0,0.00050899544
2024-10-02 06:45:00,0,0,0,0.00052414066
2024-10-02 07:00:00,0,0,0,0.0003669119
2024-10-02 07:15:00,0,0,0,0.00039049992
2024-10-02 07:30:00,0,0,0,0.0004773209
2024-10-02 07:45:00,0,0,0,0.00048332164
2024-10-02 08:00:00,0,0,0,0.0004441799
2024-10-02 08:15:00,0,0,0,0.00030964694
2024-10-02 08:30:00,0,0,0,0.0002607161
2024-10-02 08:45:00,0,0,0,0.00028578102
2024-10-02 09:00:00,0,0,0,0.00020414757
2024-10-02 09:15:00,0,0,0,0.00017223632
2024-10-02 09:30:00,0,0,0,0.00016640977
2024-10-02 09:45:00,0,0,0,0.00020029368
2024-10-02 10:00:00,0,0,0,0.0001766136
2024-10-02 12:00:00,0,0,0,0.00016617373
2024-10-02 12:15:00,0,0,0,0.00013674986
2024-10-02 12:30:00,0,0,0,0.00012361126
2024-10-02 12:45:00,0,0,0,0.0001387219
2024-10-02 13:00:00,0,0,0,0.00018074695
2024-10-02 13:15:00,0,0,0,0.0001712575
2024-10-02 13:30:00,0,0,0,0.00018733417
2024-10-02 13:45:00,0,0,0,0.00017415514
2024-10-02 14:00:00,0,0,0,0.00018906499
2024-10-02 14:15:00,0,0,0,0.00022331407
2024-10-02 14:30:00,0,0,0,0.00015269218
2024-10-02 14:45:00,0,0,0,0.00019954871
2024-10-02 15:00:00,0,0,0,0.00016276256
2024-10-02 15:15:00,0,0,0,0.00017200407
2024-10-02 15:30:00,0,0,0,0.00019808917
2024-10-02 15:45:00,0,0,0,0.00017736435
2024-10-02 16:00:00,0,0,0,0.00019617693
2024-10-02 16:15:00,0,0,0,0.00022538989
2024-10-02 16:30:00,0,0,0,0.00027065328
2024-10-02 16:45:00,0,0,0,0.00028178122
2024-10-02 17:00:00,0,0,0,0.00029082963
2024-10-02 17:15:00,0,0,0,0.00031001307
2024-10-02 17:30:00,0,0,0,0.0006216584
2024-10-02 17:45:00,0,0,0,0.00038827077
2024-10-02 18:00:00,0,0,0,0.0009629867
2024-10-02 18:15:00,0,0,0,0.0023665007
2024-10-02 18:30:00,0,0,0,0.013245087
2024-10-02 18:45:00,0,0,0,0.031738542
2024-10-02 19:00:00,0,0,0,0.011569442
2024-10-02 19:15:00,0,0,0,0.01839641
2024-10-02 19:30:00,0,0,0,0.29470968
2024-10-02 19:45:00,0,0,0,0.39208698
2024-10-02 20:00:00,0,1,1,0.5383823
2024-10-02 20:15:00,0,1,0,0.21606265
2024-10-02 20:30:00,0,1,0,0.34727615
2024-10-02 20:45:00,0,0,0,0.09034884
2024-10-02 21:00:00,0,0,0,0.24197079
2024-10-02 21:15:00,0,0,1,0.4587131
2024-10-02 21:30:00,0,1,1,0.63271636
2024-10-02 21:45:00,0,1,1,0.49300528
2024-10-02 22:00:00,0,1,1,0.55383503
2024-10-02 22:15:00,0,1,1,0.5732873
2024-10-02 22:30:00,0,1,1,0.4992259
2024-10-02 22:45:00,0,1,1,0.58662254
2024-10-02 23:00:00,0,1,1,0.5314791
2024-10-02 23:15:00,0,1,1,0.48071057
2024-10-02 23:30:00,0,1,1,0.4876314
2024-10-02 23:45:00,0,1,1,0.5254592
2024-10-03 00:15:00,0,1,1,0.53977054
2024-10-03 00:30:00,0,1,1,0.55862665
2024-10-03 00:45:00,0,1,1,0.5443282
2024-10-03 01:00:00,0,1,1,0.58979
2024-10-03 01:15:00,0,1,1,0.39169392
2024-10-03 01:30:00,0,1,1,0.4356951
2024-10-03 01:45:00,0,1,0,0.36255023
2024-10-03 02:00:00,0,1,0,0.33703884
2024-10-03 02:15:00,0,1,1,0.44502786
2024-10-03 02:30:00,0,1,1,0.42145947
2024-10-03 02:45:00,0,1,1,0.40338767
2024-10-03 03:00:00,0,1,0,0.37606496
2024-10-03 03:15:00,0,1,1,0.39482626
2024-10-03 03:30:00,0,1,0,0.36211002
2024-10-03 03:45:00,0,1,0,0.28395873
2024-10-03 04:00:00,0,1,0,0.38154238
2024-10-03 04:15:00,0,1,0,0.28216046
2024-10-03 04:30:00,0,1,0,0.34736526
2024-10-03 04:45:00,0,1,1,0.38567078
2024-10-03 05:00:00,0,1,1,0.37484366
2024-10-03 05:15:00,0,1,1,0.48845607
2024-10-03 05:30:00,0,1,0,0.40341908
2024-10-03 05:45:00,0,1,0,0.37577167
2024-10-03 06:00:00,0,1,0,0.43702754
2024-10-03 06:15:00,0,1,0,0.4195927
2024-10-03 06:30:00,0,1,1,0.52995884
2024-10-03 06:45:00,0,1,1,0.4893081
2024-10-03 07:00:00,0,1,0,0.24541068
2024-10-03 07:15:00,0,1,0,0.2552577
2024-10-03 07:30:00,0,1,0,0.3293268
2024-10-03 07:45:00,0,0,0,0.23690157
2024-10-03 08:00:00,0,0,0,0.056236804
2024-10-03 08:15:00,0,0,0,0.0132252835
2024-10-03 08:30:00,0,0,0,0.0055076773
2024-10-03 08:45:00,0,0,0,0.005392417
2024-10-03 09:00:00,0,0,0,0.0017694937
2024-10-03 09:15:00,0,0,0,0.0012394631
2024-10-03 09:30:00,0,0,0,0.0008172651
2024-10-03 09:45:00,0,0,0,0.0008029004
2024-10-03 11:00:00,0,0,0,0.00051047176
2024-10-03 11:15:00,0,0,0,0.0004714971
2024-10-03 11:30:00,0,0,0,0.00038060566
2024-10-03 11:45:00,0,0,0,0.00045373946
2024-10-03 12:00:00,0,0,0,0.0004851422
2024-10-03 12:15:00,0,0,0,0.00035335292
2024-10-03 12:30:00,0,0,0,0.00030568114
2024-10-03 12:45:00,0,0,0,0.00029940292
2024-10-03 13:00:00,0,0,0,0.00027671483
2024-10-03 13:15:00,0,0,0,0.0002612309
2024-10-03 13:30:00,0,0,0,0.00026594778
2024-10-03 13:45:00,0,0,0,0.00019461695
2024-10-03 14:00:00,0,0,0,0.00018962716
2024-10-03 14:15:00,0,0,0,0.00023142791
2024-10-03 14:30:00,0,0,0,0.00021503416
2024-10-03 14:45:00,0,0,0,0.0002483993
2024-10-03 15:00:00,0,0,0,0.00035085322
2024-10-03 15:15:00,0,0,0,0.00020963435
2024-10-03 15:30:00,0,0,0,0.00021273816
2024-10-03 15:45:00,0,0,0,0.00020851182
2024-10-03 16:00:00,0,0,0,0.00047831936
2024-10-03 16:15:00,0,0,0,0.0009964448
2024-10-03 16:30:00,0,0,0,0.0005692242
2024-10-03 16:45:00,0,0,0,0.0006020546
2024-10-03 17:00:00,0,0,0,0.0008703537
2024-10-03 17:15:00,0,0,0,0.0012279138
2024-10-03 17:30:00,0,0,0,0.0018970786
2024-10-03 17:45:00,0,0,0,0.0028117003
2024-10-03 18:00:00,0,0,0,0.029991306
2024-10-03 18:15:00,0,0,0,0.38827354
2024-10-03 18:30:00,0,1,0,0.41960457
2024-10-03 18:45:00,0,1,1,0.5538914
2024-10-03 19:00:00,0,1,0,0.23100153
2024-10-03 19:15:00,0,1,0,0.081629746
2024-10-03 19:30:00,0,1,1,0.48477334
2024-10-03 19:45:00,0,1,1,0.6905754
2024-10-03 20:00:00,0,1,0,0.1386355
2024-10-03 20:15:00,0,0,0,0.053131383
2024-10-03 20:30:00,0,0,0,0.013294741
2024-10-03 20:45:00,0,0,0,0.011471631
2024-10-03 21:00:00,0,0,0,0.013868517
2024-10-03 21:15:00,0,0,0,0.014558197
2024-10-03 21:30:00,0,0,0,0.009668381
2024-10-03 21:45:00,0,0,0,0.0041812127
2024-10-03 22:00:00,0,0,0,0.006628395
2024-10-03 22:15:00,0,0,0,0.0157911
2024-10-03 22:30:00,0,0,0,0.10088062
2024-10-03 22:45:00,0,0,0,0.12306631
2024-10-03 23:00:00,0,0,0,0.010967293
2024-10-03 23:15:00,0,0,0,0.011082321
2024-10-03 23:30:00,0,0,0,0.013801982
2024-10-03 23:45:00,0,0,0,0.0036521384
2024-10-04 00:15:00,0,0,0,0.024378637
2024-10-04 00:30:00,0,0,0,0.022864714
2024-10-04 00:45:00,0,0,0,0.18436599
2024-10-04 01:00:00,0,1,0,0.27320537
2024-10-04 01:15:00,0,0,0,0.18434842
2024-10-04 01:30:00,0,0,0,0.1017538
2024-10-04 01:45:00,0,0,0,0.12946951
2024-10-04 02:00:00,0,0,0,0.27233014
2024-10-04 02:15:00,0,0,0,0.20407258
2024-10-04 02:30:00,0,0,0,0.27695888
2024-10-04 02:45:00,0,0,0,0.34515846
2024-10-04 03:00:00,0,0,0,0.34773323
2024-10-04 03:15:00,0,0,0,0.36134773
2024-10-04 03:30:00,0,0,0,0.4311551
2024-10-04 03:45:00,0,0,0,0.43568492
2024-10-04 04:00:00,0,0,1,0.41940027
2024-10-04 04:15:00,0,0,1,0.46242547
2024-10-04 04:30:00,0,0,1,0.44344902
2024-10-04 04:45:00,0,0,1,0.4590189
2024-10-04 05:00:00,0,0,1,0.50047195
2024-10-04 05:15:00,0,0,1,0.47904703
2024-10-04 05:30:00,0,0,1,0.47541648
2024-10-04 05:45:00,0,0,1,0.5254228
2024-10-04 06:00:00,0,0,1,0.49121043
2024-10-04 06:15:00,0,0,0,0.345796
2024-10-04 06:30:00,0,0,1,0.63005257
2024-10-04 06:45:00,0,0,1,0.59574455
2024-10-04 07:00:00,0,0,1,0.38819492
2024-10-04 07:15:00,0,0,0,0.4270626
2024-10-04 07:30:00,0,0,0,0.3463783
2024-10-04 07:45:00,0,0,0,0.0568118
2024-10-04 08:00:00,0,0,0,0.02225232
2024-10-04 08:15:00,0,0,0,0.017136345
2024-10-04 08:30:00,0,0,0,0.008560792
2024-10-04 08:45:00,0,0,0,0.005676168
2024-10-04 09:00:00,0,0,0,0.0027681908
2024-10-04 09:15:00,0,0,0,0.0012608927
2024-10-04 09:30:00,0,0,0,0.0009496189
2024-10-04 09:45:00,0,0,0,0.0006076355
2024-10-04 10:00:00,0,0,0,0.0005424241
2024-10-04 10:15:00,0,0,0,0.0006386364
2024-10-04 10:30:00,0,0,0,0.00056404795
2024-10-04 10:45:00,0,0,0,0.0005040967
2024-10-04 11:00:00,0,0,0,0.0005059772
2024-10-04 11:15:00,0,0,0,0.00050587463
2024-10-04 11:30:00,0,0,0,0.000542571
2024-10-04 11:45:00,0,0,0,0.00054935046
2024-10-04 12:00:00,0,0,0,0.0004353267
2024-10-04 12:15:00,0,0,0,0.00034917862
2024-10-04 12:30:00,0,0,0,0.00032038798
2024-10-04 12:45:00,0,0,0,0.00028799515
2024-10-04 13:00:00,0,0,0,0.00023805503
2024-10-04 13:15:00,0,0,0,0.00025373342
2024-10-04 13:30:00,0,0,0,0.00017615886
2024-10-04 13:45:00,0,0,0,0.00017525301
2024-10-04 14:00:00,0,0,0,0.00018137765
2024-10-04 14:15:00,0,0,0,0.00018795388
2024-10-04 14:30:00,0,0,0,0.00016200429
2024-10-04 14:45:00,0,0,0,0.00018638055
2024-10-04 15:00:00,0,0,0,0.00021886542
2024-10-04 15:15:00,0,0,0,0.00023334693
2024-10-04 15:30:00,0,0,0,0.00019535756
2024-10-04 15:45:00,0,0,0,0.00035589095
2024-10-04 16:00:00,0,0,0,0.00048353104
2024-10-04 16:15:00,0,0,0,0.0002805785
2024-10-04 16:30:00,0,0,0,0.00030231546
2024-10-04 16:45:00,0,0,0,0.00030357394
2024-10-04 17:00:00,0,0,0,0.00042143508
2024-10-04 17:15:00,0,0,0,0.000537836
2024-10-04 17:30:00,0,0,0,0.0013030324
2024-10-04 17:45:00,0,0,0,0.0030867998
2024-10-04 18:00:00,0,0,0,0.015972894
2024-10-04 18:15:00,0,0,0,0.034036018
2024-10-04 18:30:00,0,0,0,0.109219536
2024-10-04 18:45:00,0,0,0,0.1719758
2024-10-04 19:00:00,0,0,0,0.32268646
2024-10-04 19:15:00,0,0,0,0.1686987
2024-10-04 19:30:00,0,0,0,0.041128717
2024-10-04 19:45:00,0,0,0,0.016839636
2024-10-04 20:00:00,0,0,0,0.03311699
2024-10-04 20:15:00,0,0,0,0.024293954
2024-10-04 20:30:00,0,0,0,0.034066558
2024-10-04 20:45:00,0,0,0,0.035570152
2024-10-04 21:00:00,0,0,0,0.15779157
2024-10-04 21:15:00,0,0,1,0.5075175
2024-10-04 21:30:00,0,0,0,0.4321048
2024-10-04 21:45:00,0,0,0,0.42278448
2024-10-04 22:00:00,0,0,0,0.2436693
2024-10-04 22:15:00,0,0,0,0.0381634
2024-10-04 22:30:00,0,0,0,0.058740783
2024-10-04 22:45:00,0,0,0,0.033159055
2024-10-04 23:00:00,0,0,0,0.053766284
2024-10-04 23:15:00,0,0,0,0.031832878
2024-10-04 23:30:00,0,0,0,0.02005224
2024-10-04 23:45:00,0,0,0,0.01687553
2024-10-05 00:15:00,0,0,0,0.0047663455
2024-10-05 00:30:00,0,0,0,0.006046458
2024-10-05 00:45:00,0,0,0,0.03733114
2024-10-05 01:00:00,0,0,0,0.017108759
2024-10-05 01:15:00,0,0,0,0.011565482
2024-10-05 01:30:00,0,0,0,0.017325811
2024-10-05 01:45:00,0,0,0,0.060839694
2024-10-05 02:00:00,0,0,0,0.015961003
2024-10-05 02:15:00,0,0,0,0.016452134
2024-10-05 02:30:00,0,0,0,0.094062194
2024-10-05 02:45:00,0,0,0,0.026742166
2024-10-05 03:00:00,0,0,0,0.08538719
2024-10-05 03:15:00,0,0,0,0.09907261
2024-10-05 03:30:00,0,0,0,0.08843408
2024-10-05 03:45:00,0,0,0,0.023156775
2024-10-05 04:00:00,0,0,0,0.019812046
2024-10-05 04:15:00,0,0,0,0.025613263
2024-10-05 04:30:00,0,0,0,0.064240664
2024-10-05 04:45:00,0,0,0,0.012451668
2024-10-05 05:00:00,0,0,0,0.0148470495
2024-10-05 05:15:00,0,0,0,0.01726737
2024-10-05 05:30:00,0,0,0,0.02228
2024-10-05 05:45:00,0,0,0,0.018661497
2024-10-05 06:00:00,0,0,0,0.034141894
2024-10-05 06:15:00,0,0,0,0.06770907
2024-10-05 06:30:00,0,0,0,0.042799547
2024-10-05 06:45:00,0,0,0,0.06768328
2024-10-05 07:00:00,0,0,0,0.014965865
2024-10-05 07:15:00,0,0,0,0.016577749
2024-10-05 07:30:00,0,0,0,0.030901134
2024-10-05 07:45:00,0,0,0,0.05211857
2024-10-05 08:00:00,0,0,0,0.0046937186
2024-10-05 08:15:00,0,0,0,0.0062516923
2024-10-05 08:30:00,0,0,0,0.011493729
2024-10-05 08:45:00,0,0,0,0.0040580346
2024-10-05 09:00:00,0,0,0,0.0020999915
2024-10-05 09:15:00,0,0,0,0.0012777267
2024-10-05 09:30:00,0,0,0,0.0008114678
2024-10-05 09:45:00,0,0,0,0.0005939306
2024-10-05 10:00:00,0,0,0,0.00051532796
2024-10-05 10:15:00,0,0,0,0.00042019784
2024-10-05 10:30:00,0,0,0,0.00040755843
2024-10-05 10:45:00,0,0,0,0.0003626928
2024-10-05 11:00:00,0,0,0,0.00035172264
2024-10-05 11:15:00,0,0,0,0.00032253677
2024-10-05 11:30:00,0,0,0,0.00029159032
2024-10-05 11:45:00,0,0,0,0.00029078085
2024-10-05 12:00:00,0,0,0,0.00027863903
2024-10-05 12:15:00,0,0,0,0.0002720001
2024-10-05 12:30:00,0,0,0,0.0002694839
2024-10-05 12:45:00,0,0,0,0.000263525
2024-10-05 13:00:00,0,0,0,0.00018883416
2024-10-05 13:15:00,0,0,0,0.00020790343
2024-10-05 13:30:00,0,0,0,0.00016395474
2024-10-05 13:45:00,0,0,0,0.00012329743
2024-10-05 14:00:00,0,0,0,0.00012952415
2024-10-05 14:15:00,0,0,0,0.00012587085
2024-10-05 14:30:00,0,0,0,0.00011691172
2024-10-05 14:45:00,0,0,0,0.00010140057
2024-10-05 15:00:00,0,0,0,0.00013140026
2024-10-05 15:15:00,0,0,0,0.00012621902
2024-10-05 15:30:00,0,0,0,0.00014817082
2024-10-05 15:45:00,0,0,0,0.0001482943
2024-10-05 16:00:00,0,0,0,0.00019727893
2024-10-05 16:15:00,0,0,0,0.00023953771
2024-10-05 16:30:00,0,0,0,0.00020374852
2024-10-05 16:45:00,0,0,0,0.00021881632
2024-10-05 17:00:00,0,0,0,0.00019171314
2024-10-05 17:15:00,0,0,0,0.00025533533
2024-10-05 17:30:00,0,0,0,0.0005431469
2024-10-05 17:45:00,0,0,0,0.00031634222
2024-10-05 18:00:00,0,0,0,0.00044211754
2024-10-05 18:15:00,0,0,0,0.0005013931
2024-10-05 18:30:00,0,0,0,0.0006432759
2024-10-05 18:45:00,0,0,0,0.0009922568
2024-10-05 19:00:00,0,0,0,0.00077562925
2024-10-05 19:15:00,0,0,0,0.000662266
2024-10-05 19:30:00,0,0,0,0.00069037493
2024-10-05 19:45:00,0,0,0,0.0006671602
2024-10-05 20:00:00,0,0,0,0.00070107257
2024-10-05 20:15:00,0,0,0,0.00082911365
2024-10-05 20:30:00,0,0,0,0.0007320098
2024-10-05 20:45:00,0,0,0,0.0006475391
2024-10-05 21:00:00,0,0,0,0.00063121464
2024-10-05 21:15:00,0,0,0,0.0006955601
2024-10-05 21:30:00,0,0,0,0.0006875695
2024-10-05 21:45:00,0,0,0,0.00078284467
2024-10-05 22:00:00,0,0,0,0.0008043501
2024-10-05 22:15:00,0,0,0,0.0007664636
2024-10-05 22:30:00,0,0,0,0.00046708228
2024-10-05 22:45:00,0,0,0,0.0004579741
2024-10-05 23:00:00,0,0,0,0.00045661852
2024-10-05 23:15:00,0,0,0,0.00042412218
2024-10-05 23:30:00,0,0,0,0.0006022026
2024-10-05 23:45:00,0,0,0,0.00040143923
2024-10-06 00:15:00,0,0,0,0.0004648826
2024-10-06 00:30:00,0,0,0,0.0005019614
2024-10-06 00:45:00,0,0,0,0.00043178204
2024-10-06 01:00:00,0,0,0,0.00047831592
2024-10-06 01:15:00,0,0,0,0.00040406812
2024-10-06 01:30:00,0,0,0,0.00040213432
2024-10-06 01:45:00,0,0,0,0.00039862553
2024-10-06 02:00:00,0,0,0,0.0003810829
2024-10-06 02:15:00,0,0,0,0.00037925038
2024-10-06 02:30:00,0,0,0,0.00035047086
2024-10-06 02:45:00,0,0,0,0.0002749999
2024-10-06 03:00:00,0,0,0,0.0003833923
2024-10-06 03:15:00,0,0,0,0.00039799235
2024-10-06 03:30:00,0,0,0,0.00056679704
2024-10-06 03:45:00,0,0,0,0.00048612306
2024-10-06 04:00:00,0,0,0,0.0004496766
2024-10-06 04:15:00,0,0,0,0.000454258
2024-10-06 04:30:00,0,0,0,0.0004709412
2024-10-06 04:45:00,0,0,0,0.00042173834
2024-10-06 05:00:00,0,0,0,0.00039415076
2024-10-06 05:15:00,0,0,0,0.0003628847
2024-10-06 05:30:00,0,0,0,0.00036735903
2024-10-06 05:45:00,0,0,0,0.00051756395
2024-10-06 06:00:00,0,0,0,0.0005125591
2024-10-06 06:15:00,0,0,0,0.00043535588
2024-10-06 06:30:00,0,0,0,0.00042454476
2024-10-06 06:45:00,0,0,0,0.00038733188
2024-10-06 07:00:00,0,0,0,0.00034174934
2024-10-06 07:15:00,0,0,0,0.0003133094
2024-10-06 07:30:00,0,0,0,0.00037528295
2024-10-06 07:45:00,0,0,0,0.00027667414
2024-10-06 08:00:00,0,0,0,0.00025004032
2024-10-06 08:15:00,0,0,0,0.0002657049
2024-10-06 08:30:00,0,0,0,0.00024628863
2024-10-06 08:45:00,0,0,0,0.00028643783
2024-10-06 09:00:00,0,0,0,0.00022129175
2024-10-06 09:15:00,0,0,0,0.00020411205
2024-10-06 09:30:00,0,0,0,0.00021995971
2024-10-06 09:45:00,0,0,0,0.00021994783
2024-10-06 10:00:00,0,0,0,0.00020956657
2024-10-06 10:15:00,0,0,0,0.00020205262
2024-10-06 10:30:00,0,0,0,0.00018712504
2024-10-06 10:45:00,0,0,0,0.00017162874
2024-10-06 11:00:00,0,0,0,0.00027259983
2024-10-06 11:15:00,0,0,0,0.00026602493
2024-10-06 11:30:00,0,0,0,0.00024251544
2024-10-06 11:45:00,0,0,0,0.0002466931
2024-10-06 12:00:00,0,0,0,0.00027027566
2024-10-06 12:15:00,0,0,0,0.0003057589
2024-10-06 12:30:00,0,0,0,0.00028723976
2024-10-06 12:45:00,0,0,0,0.0002706942
2024-10-06 13:00:00,0,0,0,0.000261692
2024-10-06 13:15:00,0,0,0,0.00027421003
2024-10-06 13:30:00,0,0,0,0.0002538532
2024-10-06 13:45:00,0,0,0,0.00031766683
2024-10-06 14:00:00,0,0,0,0.00030021643
2024-10-06 14:15:00,0,0,0,0.00034245572
2024-10-06 14:30:00,0,0,0,0.00034569504
2024-10-06 14:45:00,0,0,0,0.0002978321
2024-10-06 15:00:00,0,0,0,0.0003715749
2024-10-06 15:15:00,0,0,0,0.00049115106
2024-10-06 15:30:00,0,0,0,0.000436852
2024-10-06 15:45:00,0,0,0,0.00057648134
2024-10-06 16:00:00,0,0,0,0.0005474407
2024-10-06 16:15:00,0,0,0,0.00060758
2024-10-06 16:30:00,0,0,0,0.00064543233
2024-10-06 16:45:00,0,0,0,0.0005703276
2024-10-06 17:00:00,0,0,0,0.00083775603
2024-10-06 17:15:00,0,0,0,0.0008345261
2024-10-06 17:30:00,0,0,0,0.00085385516
2024-10-06 17:45:00,0,0,0,0.0011021274
2024-10-06 18:00:00,0,0,0,0.004948115
2024-10-06 18:15:00,0,0,0,0.0035069054
2024-10-06 18:30:00,0,0,0,0.0015788117
2024-10-06 18:45:00,0,0,0,0.0012076768
2024-10-06 19:00:00,0,0,0,0.00091757736
2024-10-06 19:15:00,0,0,0,0.0018858856
2024-10-06 19:30:00,0,0,0,0.0037829352
2024-10-06 19:45:00,0,0,0,0.0019869653
2024-10-06 20:00:00,0,0,0,0.0011430933
2024-10-06 20:15:00,0,0,0,0.0031033072
2024-10-06 20:30:00,0,0,0,0.0031300453
2024-10-06 20:45:00,0,0,0,0.012259619
2024-10-06 21:00:00,0,0,0,0.03867381
2024-10-06 21:15:00,0,0,0,0.028197536
2024-10-06 21:30:00,0,0,0,0.007489603
2024-10-06 21:45:00,0,0,0,0.0024209889
2024-10-06 22:00:00,0,0,0,0.0021652118
2024-10-06 22:15:00,0,0,0,0.0024865037
2024-10-06 22:30:00,0,0,0,0.0018889776
2024-10-06 22:45:00,0,0,0,0.00264922
2024-10-06 23:00:00,0,0,0,0.0019413934
2024-10-06 23:15:00,0,0,0,0.0017166046
2024-10-06 23:30:00,0,0,0,0.001710024
2024-10-06 23:45:00,0,0,0,0.001346759
2024-10-07 00:15:00,0,0,0,0.0014420003
2024-10-07 00:30:00,0,0,0,0.0010208071
2024-10-07 00:45:00,0,0,0,0.0011117471
2024-10-07 01:00:00,0,0,0,0.0011744235
2024-10-07 01:15:00,0,0,0,0.002511543
2024-10-07 01:30:00,0,0,0,0.015100199
2024-10-07 01:45:00,0,0,0,0.0063467626
2024-10-07 02:00:00,0,0,0,0.0032868746
2024-10-07 02:15:00,0,0,0,0.0024347159
2024-10-07 02:30:00,0,0,0,0.001798299
2024-10-07 02:45:00,0,0,0,0.0019592051
2024-10-07 03:00:00,0,0,0,0.014426226
2024-10-07 03:15:00,0,0,0,0.00525534
2024-10-07 03:30:00,0,0,0,0.0066147414
2024-10-07 03:45:00,0,0,0,0.009680433
2024-10-07 04:00:00,0,0,0,0.0038334061
2024-10-07 04:15:00,0,0,0,0.006953472
2024-10-07 04:30:00,0,0,0,0.0053957696
2024-10-07 04:45:00,0,0,0,0.0033723928
2024-10-07 05:00:00,0,0,0,0.006406893
2024-10-07 05:15:00,0,0,0,0.00716415
2024-10-07 05:30:00,0,0,0,0.0042166584
2024-10-07 05:45:00,0,0,0,0.0060971756
2024-10-07 06:00:00,0,0,0,0.0057176705
2024-10-07 06:15:00,0,0,0,0.0077388603
2024-10-07 06:30:00,0,0,0,0.0069367546
2024-10-07 06:45:00,0,0,0,0.004539774
2024-10-07 07:00:00,0,0,0,0.0022870477
2024-10-07 07:15:00,0,0,0,0.0021528462
2024-10-07 07:30:00,0,0,0,0.001756172
2024-10-07 07:45:00,0,0,0,0.0013343325
2024-10-07 08:00:00,0,0,0,0.0010689067
2024-10-07 08:15:00,0,0,0,0.0008426678
2024-10-07 08:30:00,0,0,0,0.0007638531
2024-10-07 08:45:00,0,0,0,0.00063595624
2024-10-07 09:00:00,0,0,0,0.00052233716
2024-10-07 09:15:00,0,0,0,0.0005755895
2024-10-07 09:30:00,0,0,0,0.0004389937
2024-10-07 09:45:00,0,0,0,0.00044163107
2024-10-07 10:00:00,0,0,0,0.00037131566
2024-10-07 10:15:00,0,0,0,0.00035333142
2024-10-07 10:30:00,0,0,0,0.00033041724
2024-10-07 10:45:00,0,0,0,0.00032383177
2024-10-07 11:00:00,0,0,0,0.0003476957
2024-10-07 11:15:00,0,0,0,0.0002836346
2024-10-07 11:30:00,0,0,0,0.00022039893
2024-10-07 11:45:00,0,0,0,0.00021126197
2024-10-07 12:00:00,0,0,0,0.00016754106
2024-10-07 12:15:00,0,0,0,0.00022327114
2024-10-07 12:30:00,0,0,0,0.00017288887
2024-10-07 12:45:00,0,0,0,0.00017385116
2024-10-07 13:00:00,0,0,0,0.00018628119
2024-10-07 13:15:00,0,0,0,0.00018980095
2024-10-07 13:30:00,0,0,0,0.00016963416
2024-10-07 13:45:00,0,0,0,0.000160808
2024-10-07 14:00:00,0,0,0,0.00020350196
2024-10-07 14:15:00,0,0,0,0.00017038263
2024-10-07 14:30:00,0,0,0,0.00015184755
2024-10-07 14:45:00,0,0,0,0.00022575725
2024-10-07 15:00:00,0,0,0,0.0002600802
2024-10-07 15:15:00,0,0,0,0.0002660831
2024-10-07 15:30:00,0,0,0,0.0003022301
2024-10-07 15:45:00,0,0,0,0.00031892382
2024-10-07 16:00:00,0,0,0,0.0006061011
2024-10-07 16:15:00,0,0,0,0.0007326442
2024-10-07 16:30:00,0,0,0,0.0017441061
2024-10-07 16:45:00,0,0,0,0.0011585912
2024-10-07 17:00:00,0,0,0,0.0039092684
2024-10-07 17:15:00,0,0,0,0.0057722223
2024-10-07 17:30:00,0,0,0,0.0006542768
2024-10-07 17:45:00,0,0,0,0.00083350396
2024-10-07 18:00:00,0,0,0,0.0016385991
2024-10-07 18:15:00,0,0,0,0.00090034807
2024-10-07 18:30:00,0,0,0,0.0063768304
2024-10-07 18:45:00,0,0,0,0.010158354
2024-10-07 19:00:00,0,0,0,0.018526139
2024-10-07 19:15:00,0,0,0,0.00638347
2024-10-07 19:30:00,0,0,0,0.0046033394
2024-10-07 19:45:00,0,0,0,0.007205413
2024-10-07 20:00:00,0,0,0,0.007766205
2024-10-07 20:15:00,0,0,0,0.010603212
2024-10-07 20:30:00,0,0,0,0.014838468
2024-10-07 20:45:00,0,0,0,0.009737369
2024-10-07 21:00:00,0,0,0,0.007131346
2024-10-07 21:15:00,0,0,0,0.006924609
2024-10-07 21:30:00,0,0,0,0.0043320186
2024-10-07 21:45:00,0,0,0,0.0033924787
2024-10-07 22:00:00,0,0,0,0.0018427054
2024-10-07 22:15:00,0,0,0,0.0015165883
2024-10-07 22:30:00,0,0,0,0.0014725944
2024-10-07 22:45:00,0,0,0,0.0012055329
2024-10-07 23:00:00,0,0,0,0.0014134191
2024-10-07 23:15:00,0,0,0,0.0010586495
2024-10-07 23:30:00,0,0,0,0.0013728249
2024-10-07 23:45:00,0,0,0,0.0012610707
2024-10-08 01:00:00,1,0,0,0.0006127568
2024-10-08 01:15:00,1,0,0,0.0005252944
2024-10-08 01:30:00,1,0,0,0.00050330744
2024-10-08 01:45:00,1,0,0,0.00045730738
2024-10-08 02:00:00,1,0,0,0.00042299935
2024-10-08 02:15:00,1,0,0,0.00041631563
2024-10-08 02:30:00,1,0,0,0.00039305165
2024-10-08 02:45:00,1,0,0,0.0004968793
2024-10-08 03:00:00,1,0,0,0.00036740792
2024-10-08 03:15:00,1,0,0,0.00033721188
2024-10-08 03:30:00,1,0,0,0.0004122714
2024-10-08 03:45:00,1,0,0,0.0005533076
2024-10-08 04:00:00,1,0,0,0.00036315818
2024-10-08 04:15:00,1,0,0,0.00035626336
2024-10-08 04:30:00,1,0,0,0.000367992
2024-10-08 04:45:00,1,0,0,0.00042352377
2024-10-08 05:00:00,1,0,0,0.0006153775
2024-10-08 05:15:00,1,0,0,0.00069569796
2024-10-08 05:30:00,1,0,0,0.001327038
2024-10-08 05:45:00,1,0,0,0.0008726892
2024-10-08 06:00:00,1,0,0,0.0009336768
2024-10-08 06:15:00,1,0,0,0.0016067278
2024-10-08 06:30:00,1,0,0,0.00087835145
2024-10-08 06:45:00,1,0,0,0.0010577003
2024-10-08 07:00:00,1,0,0,0.0010945427
2024-10-08 07:15:00,1,0,0,0.000984077
2024-10-08 07:30:00,1,0,0,0.000843666
2024-10-08 07:45:00,1,0,0,0.00065437146
2024-10-08 08:00:00,1,0,0,0.00076117547
2024-10-08 08:15:00,1,0,0,0.00062922953
2024-10-08 08:30:00,1,0,0,0.0005623969
2024-10-08 08:45:00,1,0,0,0.0005652703
2024-10-08 09:00:00,1,0,0,0.00080800714
2024-10-08 09:15:00,1,0,0,0.00048410572
2024-10-08 10:00:00,1,0,0,0.00061138155
2024-10-08 10:15:00,1,0,0,0.0003430144
2024-10-08 10:30:00,1,0,0,0.00035225178
2024-10-08 10:45:00,1,0,0,0.00032404356
2024-10-08 11:00:00,1,0,0,0.00030431646
2024-10-08 11:15:00,1,0,0,0.00032034577
2024-10-08 11:30:00,1,0,0,0.00033704579
2024-10-08 11:45:00,1,0,0,0.00027132733
2024-10-08 12:00:00,1,0,0,0.00033037725
2024-10-08 12:15:00,1,0,0,0.00031683088
2024-10-08 12:30:00,1,0,0,0.00035771678
2024-10-08 12:45:00,1,0,0,0.00032848978
2024-10-08 13:00:00,1,0,0,0.00027623065
2024-10-08 13:15:00,1,0,0,0.0002782816
2024-10-08 13:30:00,1,0,0,0.00025779274
2024-10-08 13:45:00,1,0,0,0.00034691187
2024-10-08 14:00:00,1,0,0,0.00049273943
2024-10-08 14:15:00,1,0,0,0.00026764776
2024-10-08 14:30:00,1,0,0,0.00025254814
2024-10-08 14:45:00,1,0,0,0.00040485308
2024-10-08 15:00:00,1,0,0,0.00024222805
2024-10-08 15:15:00,1,0,0,0.00036586478
2024-10-08 15:30:00,1,0,0,0.00021188271
2024-10-08 15:45:00,1,0,0,0.00024411721
2024-10-08 16:00:00,1,0,0,0.00022831399
2024-10-08 16:15:00,1,0,0,0.00024507236
2024-10-08 16:30:00,1,0,0,0.00020433743
2024-10-08 16:45:00,1,0,0,0.00020452322
2024-10-08 17:00:00,1,0,0,0.00031168765
2024-10-08 17:15:00,1,0,0,0.00046245876
2024-10-08 17:30:00,1,0,0,0.0009780438
2024-10-08 17:45:00,1,0,0,0.000692452
2024-10-08 18:00:00,1,0,0,0.00056709227
2024-10-08 18:15:00,1,0,0,0.00064927724
2024-10-08 18:30:00,1,0,0,0.0006295729
2024-10-08 18:45:00,1,0,0,0.00060556456
2024-10-08 19:00:00,1,0,0,0.0010507369
2024-10-08 19:15:00,1,0,0,0.0005712365
2024-10-08 19:30:00,1,0,0,0.0016411255
2024-10-08 19:45:00,1,0,0,0.0021541356
2024-10-08 20:00:00,1,0,0,0.0017526951
2024-10-08 20:15:00,1,0,0,0.005530356
2024-10-08 20:30:00,1,0,0,0.01671749
2024-10-08 20:45:00,1,0,0,0.008847808
2024-10-08 21:00:00,1,0,0,0.009714269
2024-10-08 21:15:00,1,0,0,0.011188416
2024-10-08 21:30:00,1,0,0,0.019796297
2024-10-08 21:45:00,1,0,0,0.029913168
2024-10-08 22:00:00,1,0,0,0.14131364
2024-10-08 22:15:00,1,0,0,0.1831216
2024-10-08 22:30:00,1,0,0,0.1913345
2024-10-08 22:45:00,1,0,0,0.43948144
2024-10-08 23:00:00,1,0,0,0.42501372
2024-10-08 23:15:00,1,0,0,0.36502272
2024-10-08 23:30:00,1,0,0,0.4088957
2024-10-08 23:45:00,1,0,0,0.4520742
2024-10-09 00:15:00,1,0,0,0.29690307
2024-10-09 00:30:00,1,0,0,0.4336124
2024-10-09 00:45:00,1,0,1,0.45691586
2024-10-09 01:00:00,1,0,1,0.42782378
2024-10-09 01:15:00,1,0,0,0.16292144
2024-10-09 01:30:00,1,0,0,0.14256246
2024-10-09 01:45:00,1,0,0,0.30240765
2024-10-09 02:00:00,1,0,0,0.20006016
2024-10-09 02:15:00,1,0,0,0.18082125
2024-10-09 02:30:00,1,0,0,0.12376957
2024-10-09 02:45:00,1,0,0,0.1253727
2024-10-09 03:00:00,1,0,0,0.16211605
2024-10-09 03:15:00,1,0,0,0.10130246
2024-10-09 03:30:00,1,0,0,0.16358377
2024-10-09 03:45:00,1,0,0,0.11231344
2024-10-09 04:00:00,1,0,0,0.07605021
2024-10-09 04:15:00,1,0,0,0.053302802
2024-10-09 04:30:00,1,0,0,0.080408014
2024-10-09 04:45:00,1,0,0,0.06549584
2024-10-09 05:00:00,1,0,0,0.062611386
2024-10-09 05:15:00,1,0,0,0.06158548
2024-10-09 05:30:00,1,0,0,0.091615535
2024-10-09 05:45:00,1,0,0,0.06723855
2024-10-09 06:00:00,1,0,0,0.05789783
2024-10-09 06:15:00,1,0,0,0.066255674
2024-10-09 06:30:00,1,0,0,0.06496585
2024-10-09 06:45:00,1,0,0,0.041035134
2024-10-09 07:00:00,1,0,0,0.026473306
2024-10-09 07:15:00,1,0,0,0.023130272
2024-10-09 07:30:00,1,0,0,0.02337268
2024-10-09 07:45:00,1,0,0,0.01977371
2024-10-09 08:00:00,1,0,0,0.0076032914
2024-10-09 08:15:00,1,0,0,0.010296681
2024-10-09 08:30:00,1,0,0,0.0066394154
2024-10-09 08:45:00,1,0,0,0.004645364
2024-10-09 09:00:00,1,0,0,0.0029662128
2024-10-09 09:15:00,1,0,0,0.0021646784
2024-10-09 09:30:00,1,0,0,0.0019949216
2024-10-09 09:45:00,1,0,0,0.0018357275
2024-10-09 10:00:00,1,0,0,0.001206591
2024-10-09 10:15:00,1,0,0,0.0010379298
2024-10-09 10:30:00,1,0,0,0.0007267408
2024-10-09 10:45:00,1,0,0,0.00065279455
2024-10-09 11:00:00,1,0,0,0.0006483069
2024-10-09 11:15:00,1,0,0,0.00041889562
2024-10-09 11:30:00,1,0,0,0.00041137138
2024-10-09 11:45:00,1,0,0,0.00046871856
2024-10-09 12:00:00,1,0,0,0.00050265365
2024-10-09 12:15:00,1,0,0,0.00040036233
2024-10-09 12:30:00,1,0,0,0.00042509355
2024-10-09 12:45:00,1,0,0,0.0005054672
2024-10-09 13:00:00,1,0,0,0.0006348706
2024-10-09 13:15:00,1,0,0,0.00046318033
2024-10-09 13:30:00,1,0,0,0.00039418513
2024-10-09 13:45:00,1,0,0,0.00042120076
2024-10-09 14:00:00,1,0,0,0.00039201244
2024-10-09 14:15:00,1,0,0,0.0004119252
2024-10-09 14:30:00,1,0,0,0.00042360162
2024-10-09 14:45:00,1,0,0,0.0003848516
2024-10-09 15:00:00,1,0,0,0.0005107204
2024-10-09 15:15:00,1,0,0,0.0006325375
2024-10-09 15:30:00,1,0,0,0.00050827255
2024-10-09 15:45:00,1,0,0,0.00053437264
2024-10-09 16:00:00,1,0,0,0.0006695694
2024-10-09 16:15:00,1,0,0,0.0006820034
2024-10-09 16:30:00,1,0,0,0.0006593405
2024-10-09 16:45:00,1,0,0,0.0006603156
2024-10-09 17:00:00,1,0,0,0.0008491346
2024-10-09 17:15:00,1,0,0,0.0008711984
2024-10-09 17:30:00,1,0,0,0.0009481342
2024-10-09 17:45:00,1,0,0,0.0011553074
2024-10-09 18:00:00,1,0,0,0.0012427012
2024-10-09 18:15:00,1,0,0,0.0009957812
2024-10-09 18:30:00,1,0,0,0.001139161
2024-10-09 18:45:00,1,0,0,0.0013241983
2024-10-09 19:00:00,1,0,0,0.0010930724
2024-10-09 19:15:00,1,0,0,0.0012057583
2024-10-09 19:30:00,1,0,0,0.0010649587
2024-10-09 19:45:00,1,0,0,0.0012992995
2024-10-09 20:00:00,1,0,0,0.0010963279
2024-10-09 20:15:00,1,0,0,0.0013884904
2024-10-09 20:30:00,1,0,0,0.0012923409
2024-10-09 20:45:00,1,0,0,0.0012772621
2024-10-09 21:00:00,1,0,0,0.0013763944
2024-10-09 21:15:00,1,0,0,0.0013237586
2024-10-09 21:30:00,1,0,0,0.0013934799
2024-10-09 21:45:00,1,0,0,0.0013979834
2024-10-09 22:00:00,1,0,0,0.0012862383
2024-10-09 22:15:00,1,0,0,0.00095725356
2024-10-09 22:30:00,1,0,0,0.00095033506
2024-10-09 23:00:00,1,0,0,0.0013922582
2024-10-09 23:15:00,1,0,0,0.0014604975
2024-10-09 23:30:00,1,0,0,0.0013864597
2024-10-09 23:45:00,1,0,0,0.0013915169
2024-10-10 00:15:00,1,0,0,0.0014621398
2024-10-10 00:30:00,1,0,0,0.0014716531
2024-10-10 00:45:00,1,0,0,0.0016354938
2024-10-10 01:00:00,1,0,0,0.0017352522
2024-10-10 01:15:00,1,0,0,0.0015240873
2024-10-10 01:30:00,1,0,0,0.0014965041
2024-10-10 01:45:00,1,0,0,0.001991379
2024-10-10 02:00:00,1,0,0,0.0030086492
2024-10-10 02:15:00,1,0,0,0.0045595397
2024-10-10 02:30:00,1,0,0,0.006491596
2024-10-10 02:45:00,1,0,0,0.008751266
2024-10-10 03:00:00,1,0,0,0.013969222
2024-10-10 03:15:00,1,0,0,0.016912218
2024-10-10 03:30:00,1,0,0,0.016592031
2024-10-10 03:45:00,1,0,0,0.015847426
2024-10-10 04:00:00,1,0,0,0.026258025
2024-10-10 04:15:00,1,0,0,0.20415139
2024-10-10 04:30:00,1,0,0,0.072602004
2024-10-10 04:45:00,1,0,0,0.07369633
2024-10-10 05:00:00,1,0,0,0.068865664
2024-10-10 05:15:00,1,0,0,0.071486026
2024-10-10 05:30:00,1,0,0,0.033757426
2024-10-10 05:45:00,1,0,0,0.032136973
2024-10-10 06:00:00,1,0,0,0.018632809
2024-10-10 06:15:00,1,0,0,0.0230966
2024-10-10 06:30:00,1,0,0,0.0399162
2024-10-10 06:45:00,1,0,0,0.0540873
2024-10-10 07:00:00,1,0,0,0.044750836
2024-10-10 07:15:00,1,0,0,0.06397237
2024-10-10 07:30:00,1,0,0,0.042884283
2024-10-10 07:45:00,1,0,0,0.20956498
2024-10-10 08:00:00,1,0,0,0.09460119
2024-10-10 08:15:00,1,0,0,0.1111428
2024-10-10 08:30:00,1,0,0,0.024036009
2024-10-10 08:45:00,1,0,0,0.052988827
2024-10-10 09:00:00,1,0,0,0.0295647
2024-10-10 09:15:00,1,0,0,0.043950204
2024-10-10 09:30:00,1,0,0,0.03711746
2024-10-10 09:45:00,1,0,0,0.027300006
2024-10-10 10:00:00,1,0,0,0.010363362
2024-10-10 10:15:00,1,0,0,0.0132286325
2024-10-10 10:30:00,1,0,0,0.005347494
2024-10-10 10:45:00,1,0,0,0.008149884
2024-10-10 11:00:00,1,0,0,0.010062613
2024-10-10 11:15:00,1,0,0,0.0028429665
2024-10-10 11:30:00,1,0,0,0.0023205816
2024-10-10 11:45:00,1,0,0,0.002499549
2024-10-10 12:00:00,1,0,0,0.0023063133
2024-10-10 12:15:00,1,0,0,0.0014091955
2024-10-10 12:30:00,1,0,0,0.0015757541
2024-10-10 12:45:00,1,0,0,0.0015585847
2024-10-10 13:00:00,1,0,0,0.001435783
2024-10-10 13:15:00,1,0,0,0.0050889123
2024-10-10 13:30:00,1,0,0,0.001401126
2024-10-10 13:45:00,1,0,0,0.0010614792
2024-10-10 14:00:00,1,0,0,0.0014334247
2024-10-10 14:15:00,1,0,0,0.0026025777
2024-10-10 14:30:00,1,0,0,0.0039117173
2024-10-10 14:45:00,1,0,0,0.001266882
2024-10-10 15:00:00,1,0,0,0.0028010968
2024-10-10 15:15:00,1,0,0,0.0051201503
2024-10-10 15:30:00,1,0,0,0.008914816
2024-10-10 15:45:00,1,0,0,0.008407077
2024-10-10 16:00:00,1,0,0,0.005329669
2024-10-10 16:15:00,1,0,0,0.0072608525
2024-10-10 16:30:00,1,0,0,0.012912668
2024-10-10 16:45:00,1,0,0,0.0054685767
2024-10-10 17:00:00,1,0,0,0.013042856
2024-10-10 17:15:00,1,1,0,0.027109904
2024-10-10 17:30:00,1,0,0,0.009292725
2024-10-10 17:45:00,1,0,0,0.016955907
2024-10-10 18:00:00,1,1,0,0.275458
2024-10-10 18:15:00,1,1,0,0.21158913
2024-10-10 18:30:00,1,0,0,0.09821163
2024-10-10 18:45:00,1,0,1,0.44073144
2024-10-10 19:00:00,1,0,1,0.4224787
2024-10-10 19:15:00,1,0,0,0.3567328
2024-10-10 19:30:00,1,0,0,0.223134
2024-10-10 19:45:00,1,0,0,0.2557174
2024-10-10 20:00:00,1,0,0,0.10854238
2024-10-10 20:15:00,1,0,0,0.086869754
2024-10-10 20:30:00,1,0,0,0.30708686
2024-10-10 20:45:00,1,0,0,0.17166603
2024-10-10 21:00:00,1,0,0,0.29298642
2024-10-10 21:15:00,1,0,0,0.35850167
2024-10-10 21:30:00,1,0,1,0.41317305
2024-10-10 21:45:00,1,1,1,0.39845213
2024-10-10 22:00:00,1,1,1,0.46865618
2024-10-10 22:15:00,1,1,1,0.4502593
2024-10-10 22:30:00,1,1,1,0.46881092
2024-10-10 23:00:00,1,1,0,0.32400233
2024-10-10 23:15:00,1,1,1,0.5099451
2024-10-10 23:30:00,1,1,1,0.46089455
2024-10-10 23:45:00,1,1,1,0.50994045
2024-10-11 00:15:00,1,1,1,0.55347145
2024-10-11 00:30:00,1,1,1,0.5631492
2024-10-11 00:45:00,1,1,1,0.5483329
2024-10-11 01:00:00,1,1,0,0.3388908
2024-10-11 01:15:00,1,1,1,0.51987845
2024-10-11 01:30:00,1,1,1,0.4968409
2024-10-11 01:45:00,1,0,1,0.5512709
2024-10-11 02:00:00,1,0,0,0.31763864
2024-10-11 02:15:00,1,0,0,0.36148733
2024-10-11 02:30:00,1,0,0,0.34574836
2024-10-11 02:45:00,1,0,1,0.54277295
2024-10-11 03:00:00,1,0,1,0.65475696
2024-10-11 03:15:00,1,0,1,0.6766211
2024-10-11 03:30:00,1,0,1,0.69479966
2024-10-11 03:45:00,1,0,1,0.71480876
2024-10-11 04:00:00,1,0,1,0.5334776
2024-10-11 04:15:00,1,0,1,0.6313296
2024-10-11 04:30:00,1,0,1,0.6950306
2024-10-11 04:45:00,1,0,1,0.59868616
2024-10-11 05:00:00,1,0,0,0.29669118
2024-10-11 05:15:00,1,0,1,0.5228397
2024-10-11 05:30:00,1,0,1,0.6136253
2024-10-11 05:45:00,1,0,1,0.5624673
2024-10-11 06:00:00,1,0,1,0.5144119
2024-10-11 06:15:00,1,0,0,0.4251201
2024-10-11 06:30:00,1,0,0,0.22849753
2024-10-11 06:45:00,1,0,0,0.40989468
2024-10-11 07:00:00,1,0,0,0.27506018
2024-10-11 07:15:00,1,0,0,0.11352086
2024-10-11 07:30:00,1,0,0,0.13891333
2024-10-11 07:45:00,1,0,0,0.10080771
2024-10-11 08:00:00,1,0,0,0.1116779
2024-10-11 08:15:00,1,0,0,0.022312101
2024-10-11 08:30:00,1,0,0,0.019591827
2024-10-11 08:45:00,1,0,0,0.053801052
2024-10-11 09:00:00,1,0,0,0.031324107
2024-10-11 09:15:00,1,0,0,0.014252862
2024-10-11 09:30:00,1,0,0,0.007457771
2024-10-11 09:45:00,1,0,0,0.015792392
2024-10-11 10:00:00,1,0,0,0.017806273
2024-10-11 10:15:00,1,0,0,0.009910648
2024-10-11 10:30:00,1,0,0,0.007789169
2024-10-11 10:45:00,1,0,0,0.013023423
2024-10-11 11:00:00,1,0,0,0.0030127403
2024-10-11 11:15:00,1,0,0,0.00499643
2024-10-11 11:30:00,1,0,0,0.005957161
2024-10-11 11:45:00,1,0,0,0.014523758
2024-10-11 12:00:00,1,0,0,0.01250336
2024-10-11 12:15:00,1,0,0,0.005503473
2024-10-11 12:30:00,1,0,0,0.0045318077
2024-10-11 12:45:00,1,0,0,0.00983224
2024-10-11 13:00:00,1,0,0,0.01828074
2024-10-11 13:15:00,1,0,0,0.014396677
2024-10-11 13:30:00,1,0,0,0.00058793643
2024-10-11 13:45:00,1,0,0,0.0012506184
2024-10-11 14:00:00,1,0,0,0.008739509
2024-10-11 14:15:00,1,0,0,0.009265922
2024-10-11 14:30:00,1,0,0,0.0153438905
2024-10-11 14:45:00,1,0,0,0.01015779
2024-10-11 15:00:00,1,0,0,0.019620784
2024-10-11 15:15:00,1,0,0,0.020356761
2024-10-11 15:30:00,1,0,0,0.017764626
2024-10-11 15:45:00,1,0,0,0.015070596
2024-10-11 16:00:00,1,0,0,0.010817346
2024-10-11 16:15:00,1,0,0,0.008761077
2024-10-11 16:30:00,1,0,0,0.012132812
2024-10-11 16:45:00,1,0,0,0.0062164124
2024-10-11 17:00:00,1,0,0,0.014755499
2024-10-11 17:15:00,1,0,0,0.014714951
2024-10-11 17:30:00,1,0,0,0.013037236
2024-10-11 17:45:00,1,0,0,0.016350398
2024-10-11 18:00:00,1,0,0,0.028470915
2024-10-11 18:15:00,1,0,0,0.074869916
2024-10-11 18:30:00,1,0,0,0.13397783
2024-10-11 18:45:00,1,0,0,0.1623771
2024-10-11 19:00:00,1,0,0,0.24530677
2024-10-11 19:15:00,1,0,0,0.33467007
2024-10-11 19:30:00,1,0,0,0.18468235
2024-10-11 19:45:00,1,0,0,0.16157459
2024-10-11 20:00:00,1,0,0,0.27228042
2024-10-11 20:15:00,1,0,0,0.2407406
2024-10-11 20:30:00,1,0,0,0.2382591
2024-10-11 20:45:00,1,0,0,0.22108667
2024-10-11 21:00:00,1,0,0,0.30673018
2024-10-11 21:15:00,1,0,1,0.46996552
2024-10-11 21:30:00,1,0,1,0.5941492
2024-10-11 21:45:00,1,0,1,0.51203036
2024-10-11 22:00:00,1,0,1,0.528569
2024-10-11 22:15:00,1,0,1,0.5214377
2024-10-11 22:30:00,1,0,1,0.51746637
2024-10-11 22:45:00,1,1,1,0.5194154
2024-10-11 23:00:00,1,1,1,0.46505263
2024-10-11 23:15:00,1,1,1,0.4261965
2024-10-11 23:30:00,1,1,1,0.4222684
2024-10-11 23:45:00,1,1,1,0.46851858
2024-10-12 00:15:00,1,1,1,0.6431934
2024-10-12 00:30:00,1,1,1,0.61994994
2024-10-12 00:45:00,1,0,1,0.6016254
2024-10-12 01:00:00,1,1,1,0.5952318
2024-10-12 01:15:00,1,1,1,0.5821655
2024-10-12 01:30:00,1,0,0,0.39964622
2024-10-12 01:45:00,1,1,0,0.4148867
2024-10-12 02:00:00,1,0,1,0.4627055
2024-10-12 02:15:00,1,1,1,0.5261443
2024-10-12 02:30:00,1,1,1,0.5344258
2024-10-12 02:45:00,1,1,1,0.45647627
2024-10-12 03:00:00,1,1,1,0.49253282
2024-10-12 03:15:00,1,1,0,0.17014109
2024-10-12 03:30:00,1,0,0,0.18141966
2024-10-12 03:45:00,1,0,0,0.11855472
2024-10-12 04:00:00,1,0,0,0.09954907
2024-10-12 04:15:00,1,0,0,0.14012158
2024-10-12 04:30:00,1,0,0,0.35416415
2024-10-12 04:45:00,1,0,0,0.3942409
2024-10-12 05:00:00,1,0,0,0.0442786
2024-10-12 05:15:00,1,0,0,0.23811893
2024-10-12 05:30:00,1,0,0,0.36568606
2024-10-12 05:45:00,1,0,0,0.03152813
2024-10-12 06:00:00,1,0,0,0.016696105
2024-10-12 06:15:00,1,0,0,0.01850704
2024-10-12 06:30:00,1,0,0,0.034096505
2024-10-12 06:45:00,1,0,0,0.030570474
2024-10-12 07:00:00,1,0,0,0.055759642
2024-10-12 07:15:00,1,0,0,0.017304258
2024-10-12 07:30:00,1,0,0,0.023081824
2024-10-12 07:45:00,1,0,0,0.1082515
2024-10-12 08:00:00,1,0,0,0.022800516
2024-10-12 08:15:00,1,0,0,0.008920035
2024-10-12 08:30:00,1,0,0,0.0074496237
2024-10-12 08:45:00,1,0,0,0.0072926576
2024-10-12 09:00:00,1,0,0,0.0051241512
2024-10-12 09:15:00,1,0,0,0.0047047194
2024-10-12 09:30:00,1,0,0,0.0050723823
2024-10-12 09:45:00,1,0,0,0.0050607347
2024-10-12 10:00:00,1,0,0,0.0046891635
2024-10-12 10:15:00,1,0,0,0.002790412
2024-10-12 10:30:00,1,0,0,0.002678711
2024-10-12 10:45:00,1,0,0,0.010131205
2024-10-12 11:00:00,1,0,0,0.004659639
2024-10-12 11:15:00,1,0,0,0.0036410065
2024-10-12 11:30:00,1,0,0,0.0016874418
2024-10-12 11:45:00,1,0,0,0.0020133755
2024-10-12 12:00:00,1,0,0,0.0025985755
2024-10-12 12:15:00,1,0,0,0.0049669244
2024-10-12 12:30:00,1,0,0,0.005099904
2024-10-12 12:45:00,1,0,0,0.006871983
2024-10-12 13:00:00,1,0,0,0.0012810968
2024-10-12 13:15:00,1,0,0,0.002023404
2024-10-12 13:30:00,1,0,0,0.00087245274
2024-10-12 13:45:00,1,0,0,0.005453289
2024-10-12 14:00:00,1,0,0,0.0014880672
2024-10-12 14:15:00,1,0,0,0.002599866
2024-10-12 14:30:00,1,0,0,0.0063422406
2024-10-12 14:45:00,1,0,0,0.004096602
2024-10-12 15:00:00,1,0,0,0.0052857203
2024-10-12 15:15:00,1,0,0,0.007791803
2024-10-12 15:30:00,1,0,0,0.008334305
2024-10-12 15:45:00,1,0,0,0.007904692
2024-10-12 16:00:00,1,0,0,0.010759471
2024-10-12 16:15:00,1,0,0,0.008554572
2024-10-12 16:30:00,1,0,0,0.009425603
2024-10-12 16:45:00,1,0,0,0.0013799883
2024-10-12 17:00:00,1,0,0,0.00226529
2024-10-12 17:15:00,1,0,0,0.0062169638
2024-10-12 17:30:00,1,0,0,0.018409863
2024-10-12 17:45:00,1,0,0,0.023646822
2024-10-12 18:00:00,1,0,0,0.019480176
2024-10-12 18:15:00,1,0,0,0.022881124
2024-10-12 18:30:00,1,0,0,0.023240672
2024-10-12 18:45:00,1,0,0,0.014202363
2024-10-12 19:00:00,1,0,0,0.017021643
2024-10-12 19:15:00,1,0,0,0.016669853
2024-10-12 19:30:00,1,0,0,0.017783418
2024-10-12 19:45:00,1,0,0,0.015594899
2024-10-12 20:00:00,1,0,0,0.015339384
2024-10-12 20:15:00,1,0,0,0.018898183
2024-10-12 20:30:00,1,0,0,0.013837666
2024-10-12 20:45:00,1,0,0,0.011803576
2024-10-12 21:00:00,1,0,0,0.015123483
2024-10-12 21:15:00,1,0,0,0.018054746
2024-10-12 21:30:00,1,0,0,0.01042839
2024-10-12 21:45:00,1,0,0,0.008311355
2024-10-12 22:00:00,1,0,0,0.010851368
2024-10-12 22:15:00,1,0,0,0.009832155
2024-10-12 22:30:00,1,0,0,0.015302328
2024-10-12 22:45:00,1,0,0,0.010292899
2024-10-12 23:00:00,1,0,0,0.017854007
2024-10-12 23:15:00,1,0,0,0.009641847
2024-10-12 23:30:00,1,0,0,0.007496308
2024-10-12 23:45:00,1,0,0,0.008924188
2024-10-13 00:15:00,1,0,0,0.005612743
2024-10-13 00:30:00,1,0,0,0.010071582
2024-10-13 00:45:00,1,0,0,0.008418939
2024-10-13 01:00:00,1,0,0,0.017430544
2024-10-13 01:15:00,1,0,0,0.017916257
2024-10-13 01:30:00,1,0,0,0.011971897
2024-10-13 01:45:00,1,0,0,0.01002698
2024-10-13 02:00:00,1,0,0,0.013980859
2024-10-13 02:15:00,1,0,0,0.0205717
2024-10-13 02:30:00,1,0,0,0.018944921
2024-10-13 02:45:00,1,1,0,0.016219903
2024-10-13 03:00:00,1,1,0,0.058668636
2024-10-13 03:15:00,1,0,0,0.0297442
2024-10-13 03:30:00,1,1,0,0.025879702
2024-10-13 03:45:00,1,1,0,0.041708145
2024-10-13 04:00:00,1,1,0,0.063258745
2024-10-13 04:15:00,1,0,0,0.070593745
2024-10-13 04:30:00,1,0,0,0.17015126
2024-10-13 04:45:00,1,0,0,0.15454765
2024-10-13 05:00:00,1,0,0,0.22914173
2024-10-13 05:15:00,1,1,0,0.22504419
2024-10-13 05:30:00,1,0,0,0.215345
2024-10-13 05:45:00,1,0,0,0.08093506
2024-10-13 06:00:00,1,0,0,0.08795283
2024-10-13 06:15:00,1,0,0,0.080308564
2024-10-13 06:30:00,1,0,0,0.15509926
2024-10-13 06:45:00,1,0,0,0.18659006
2024-10-13 07:00:00,1,0,0,0.22932957
2024-10-13 07:15:00,1,0,0,0.1830075
2024-10-13 07:30:00,1,0,0,0.3385073
2024-10-13 07:45:00,1,0,0,0.28416514
2024-10-13 08:00:00,1,1,0,0.2617828
2024-10-13 08:15:00,1,0,1,0.4376073
2024-10-13 08:30:00,1,0,0,0.26854748
2024-10-13 08:45:00,1,0,1,0.45011994
2024-10-13 09:00:00,1,0,0,0.1378471
2024-10-13 09:15:00,1,0,0,0.11862553
2024-10-13 09:30:00,1,0,0,0.05560656
2024-10-13 09:45:00,1,0,0,0.08830204
2024-10-13 10:00:00,1,0,0,0.06736438
2024-10-13 10:15:00,1,0,0,0.07563882
2024-10-13 10:30:00,1,0,0,0.041803613
2024-10-13 10:45:00,1,0,0,0.027366687
2024-10-13 11:00:00,1,0,0,0.04664236
2024-10-13 11:15:00,1,0,0,0.03605317
2024-10-13 11:30:00,1,0,0,0.033139993
2024-10-13 11:45:00,1,0,0,0.032093972
2024-10-13 12:00:00,1,0,0,0.007243004
2024-10-13 12:15:00,1,0,0,0.01177227
2024-10-13 12:30:00,1,0,0,0.008107764
2024-10-13 12:45:00,1,0,0,0.007044292
2024-10-13 13:00:00,1,0,0,0.011313958
2024-10-13 13:15:00,1,0,0,0.022490585
2024-10-13 13:30:00,1,0,0,0.01570439
2024-10-13 13:45:00,1,0,0,0.004669206
2024-10-13 14:00:00,1,0,0,0.0059042173
2024-10-13 14:15:00,1,0,0,0.0027495879
2024-10-13 14:30:00,1,0,0,0.0053631435
2024-10-13 14:45:00,1,0,0,0.0063563962
2024-10-13 15:00:00,1,0,0,0.0066351774
2024-10-13 15:15:00,1,0,0,0.010341409
2024-10-13 15:30:00,1,0,0,0.012031674
2024-10-13 15:45:00,1,0,0,0.013153343
2024-10-13 16:00:00,1,0,0,0.0139291845
2024-10-13 16:15:00,1,0,0,0.015122331
2024-10-13 16:30:00,1,0,0,0.015383032
2024-10-13 16:45:00,1,0,0,0.10049483
2024-10-13 17:00:00,1,0,0,0.17225473
2024-10-13 17:15:00,1,0,0,0.10351334
2024-10-13 17:30:00,1,0,0,0.022456586
2024-10-13 17:45:00,1,0,0,0.019502167
2024-10-13 18:00:00,1,0,0,0.05239559
2024-10-13 18:15:00,1,0,0,0.31098676
2024-10-13 18:30:00,1,0,0,0.20100386
2024-10-13 18:45:00,1,0,0,0.21667792
2024-10-13 19:00:00,1,0,0,0.33761454
2024-10-13 19:15:00,1,0,0,0.31016055
2024-10-13 19:30:00,1,0,0,0.081845574
2024-10-13 19:45:00,1,0,0,0.055455264
2024-10-13 20:00:00,1,0,0,0.02274012
2024-10-13 20:15:00,1,0,0,0.04497612
2024-10-13 20:30:00,1,0,0,0.04777433
2024-10-13 20:45:00,1,0,0,0.020214524
2024-10-13 21:00:00,1,0,0,0.038386293
2024-10-13 21:15:00,1,0,0,0.013721046
2024-10-13 21:30:00,1,0,0,0.029594703
2024-10-13 21:45:00,1,0,0,0.009333128
2024-10-13 22:00:00,1,0,0,0.01141003
2024-10-13 22:15:00,1,0,0,0.02498117
2024-10-13 22:30:00,1,0,0,0.008049635
2024-10-13 22:45:00,1,0,0,0.00533337
2024-10-13 23:00:00,1,0,0,0.0068629542
2024-10-13 23:15:00,1,0,0,0.0066438476
2024-10-13 23:30:00,1,0,0,0.0040444178
2024-10-13 23:45:00,1,0,0,0.003983942
2024-10-14 00:15:00,1,0,0,0.0035890846
2024-10-14 00:30:00,1,0,0,0.0034308247
2024-10-14 00:45:00,1,0,0,0.0030653127
2024-10-14 01:00:00,1,0,0,0.003266531
2024-10-14 01:15:00,1,0,0,0.008163703
2024-10-14 01:30:00,1,0,0,0.010902882
2024-10-14 01:45:00,1,0,0,0.008706327
2024-10-14 02:00:00,1,0,0,0.005884627
2024-10-14 02:15:00,1,0,0,0.005048251
2024-10-14 02:30:00,1,0,0,0.007821965
2024-10-14 02:45:00,1,0,0,0.019556347
2024-10-14 03:00:00,1,0,0,0.01730593
2024-10-14 03:15:00,1,0,0,0.0074686664
2024-10-14 03:30:00,1,0,0,0.008060655
2024-10-14 03:45:00,1,0,0,0.006319841
2024-10-14 04:00:00,1,0,0,0.023817325
2024-10-14 04:15:00,1,0,0,0.027251722
2024-10-14 04:30:00,1,0,0,0.03899226
2024-10-14 04:45:00,1,0,0,0.0108006345
2024-10-14 05:00:00,1,0,0,0.00897083
2024-10-14 05:15:00,1,0,0,0.009650714
2024-10-14 05:30:00,1,0,0,0.0097281495
2024-10-14 05:45:00,1,0,0,0.030270629
2024-10-14 06:00:00,1,0,0,0.012924118
2024-10-14 06:15:00,1,0,0,0.008423712
2024-10-14 06:30:00,1,0,0,0.0110129565
2024-10-14 06:45:00,1,0,0,0.010525488
2024-10-14 07:00:00,1,0,0,0.0084781805
2024-10-14 07:15:00,1,0,0,0.0062728184
2024-10-14 07:30:00,1,0,0,0.0071190707
2024-10-14 07:45:00,1,0,0,0.008725775
2024-10-14 08:00:00,1,0,0,0.0063940897
2024-10-14 08:15:00,1,0,0,0.005270303
2024-10-14 08:30:00,1,0,0,0.0038736085
2024-10-14 08:45:00,1,0,0,0.0039455155
2024-10-14 09:00:00,1,0,0,0.0021612945
2024-10-14 09:15:00,1,0,0,0.0019975824
2024-10-14 09:30:00,1,0,0,0.002011507
2024-10-14 09:45:00,1,0,0,0.0015564265
2024-10-14 10:00:00,1,0,0,0.0011680855
2024-10-14 10:15:00,1,0,0,0.0010160625
2024-10-14 10:30:00,1,0,0,0.00089578476
2024-10-14 10:45:00,1,0,0,0.0008788872
2024-10-14 11:00:00,1,0,0,0.00047901986
2024-10-14 11:15:00,1,0,0,0.000369931
2024-10-14 11:30:00,1,0,0,0.0005845796
2024-10-14 11:45:00,1,0,0,0.0003433393
2024-10-14 12:00:00,1,0,0,0.00034342066
2024-10-14 12:15:00,1,0,0,0.00039399156
2024-10-14 12:30:00,1,0,0,0.0003603287
2024-10-14 12:45:00,1,0,0,0.0003382466
2024-10-14 13:00:00,1,0,0,0.00034933272
2024-10-14 13:15:00,1,0,0,0.0004397072
2024-10-14 13:30:00,1,0,0,0.0005880104
2024-10-14 13:45:00,1,0,0,0.0002856231
2024-10-14 14:00:00,1,0,0,0.00034702336
2024-10-14 14:15:00,1,0,0,0.00023651664
2024-10-14 14:30:00,1,0,0,0.00026085367
2024-10-14 14:45:00,1,0,0,0.0002790095
2024-10-14 15:00:00,1,0,0,0.00025668563
2024-10-14 15:15:00,1,0,0,0.00032326698
2024-10-14 15:30:00,1,0,0,0.0003449942
2024-10-14 15:45:00,1,0,0,0.0003290288
2024-10-14 16:00:00,1,0,0,0.00035509127
2024-10-14 16:15:00,1,0,0,0.00079329143
2024-10-14 16:30:00,1,0,0,0.00044451954
2024-10-14 16:45:00,1,0,0,0.0004111729
2024-10-14 17:00:00,1,0,0,0.0005355987
2024-10-14 17:15:00,1,0,0,0.0005941832
2024-10-14 17:30:00,1,0,0,0.000851706
2024-10-14 17:45:00,1,0,0,0.0006278426
2024-10-14 18:00:00,1,0,0,0.0008341223
2024-10-14 18:15:00,1,0,0,0.0017730369
2024-10-14 18:30:00,1,0,0,0.00079806347
2024-10-14 18:45:00,1,0,0,0.00083010714
2024-10-14 19:00:00,1,0,0,0.0018118361
2024-10-14 19:15:00,1,0,0,0.0006252088
2024-10-14 19:30:00,1,0,0,0.00065823644
2024-10-14 19:45:00,1,0,0,0.0007420607
2024-10-14 20:00:00,1,0,0,0.0007261361
2024-10-14 20:15:00,1,0,0,0.0008293307
2024-10-14 20:30:00,1,0,0,0.0007887418
2024-10-14 20:45:00,1,0,0,0.000845221
2024-10-14 21:00:00,1,0,0,0.00084537745
2024-10-14 21:15:00,1,0,0,0.00074279687
2024-10-14 21:30:00,1,0,0,0.00073956733
2024-10-14 21:45:00,1,0,0,0.0007017058
2024-10-14 22:00:00,1,0,0,0.0006188763
2024-10-14 22:15:00,1,0,0,0.00065426854
2024-10-14 22:30:00,1,0,0,0.0007884713
2024-10-14 22:45:00,1,0,0,0.0007102848
2024-10-14 23:00:00,1,0,0,0.0007736422
2024-10-14 23:15:00,1,0,0,0.0008243209
2024-10-14 23:30:00,1,0,0,0.00072876504
2024-10-14 23:45:00,1,0,0,0.0007534318
2024-10-15 01:00:00,2,0,0,0.00085389003
2024-10-15 01:15:00,2,0,0,0.0008091239
2024-10-15 01:30:00,2,0,0,0.0008646356
2024-10-15 01:45:00,2,0,0,0.00074217806
2024-10-15 02:00:00,2,0,0,0.0008659218
2024-10-15 02:15:00,2,0,0,0.0008486816
2024-10-15 02:30:00,2,0,0,0.0007385007
2024-10-15 02:45:00,2,0,0,0.0010139263
2024-10-15 03:00:00,2,0,0,0.000996566
2024-10-15 03:15:00,2,0,0,0.0013860028
2024-10-15 03:30:00,2,0,0,0.0010622392
2024-10-15 03:45:00,2,0,0,0.0010197936
2024-10-15 04:00:00,2,0,0,0.0011732705
2024-10-15 04:15:00,2,0,0,0.0012180754
2024-10-15 04:30:00,2,0,0,0.0010647852
2024-10-15 04:45:00,2,0,0,0.0011389292
2024-10-15 05:00:00,2,0,0,0.0011301619
2024-10-15 05:15:00,2,0,0,0.001196843
2024-10-15 05:30:00,2,0,0,0.0010043383
2024-10-15 05:45:00,2,0,0,0.0008788671
2024-10-15 06:00:00,2,0,0,0.000992638
2024-10-15 06:15:00,2,0,0,0.0008676847
2024-10-15 06:30:00,2,0,0,0.0009223727
2024-10-15 06:45:00,2,0,0,0.0011184564
2024-10-15 07:00:00,2,0,0,0.0008327022
2024-10-15 07:15:00,2,0,0,0.0007784513
2024-10-15 07:30:00,2,0,0,0.00071521837
2024-10-15 07:45:00,2,0,0,0.0006754513
2024-10-15 08:00:00,2,0,0,0.00056577567
2024-10-15 08:15:00,2,0,0,0.0005788078
2024-10-15 08:30:00,2,0,0,0.0005479333
2024-10-15 08:45:00,2,0,0,0.0005796423
2024-10-15 09:00:00,2,0,0,0.00038578175
2024-10-15 09:15:00,2,0,0,0.00038566504
2024-10-15 09:30:00,2,0,0,0.0004274617
2024-10-15 09:45:00,2,0,0,0.00037294865
2024-10-15 10:00:00,2,0,0,0.00031188322
2024-10-15 10:15:00,2,0,0,0.00029551727
2024-10-15 10:30:00,2,0,0,0.0003650452
2024-10-15 10:45:00,2,0,0,0.00029431228
2024-10-15 11:00:00,2,0,0,0.00022264947
2024-10-15 11:15:00,2,0,0,0.00022149405
2024-10-15 11:30:00,2,0,0,0.00017674518
2024-10-15 11:45:00,2,0,0,0.0001970206
2024-10-15 12:00:00,2,0,0,0.0002593688
2024-10-15 12:15:00,2,0,0,0.00022191498
2024-10-15 12:30:00,2,0,0,0.00020777597
2024-10-15 12:45:00,2,0,0,0.00021537048
2024-10-15 13:00:00,2,0,0,0.00019876263
2024-10-15 13:15:00,2,0,0,0.00021363382
2024-10-15 13:30:00,2,0,0,0.00020936644
2024-10-15 13:45:00,2,0,0,0.00021527254
2024-10-15 14:00:00,2,0,0,0.00024515978
2024-10-15 14:15:00,2,0,0,0.00026510176
2024-10-15 14:30:00,2,0,0,0.0002877079
2024-10-15 14:45:00,2,0,0,0.00022421304
2024-10-15 15:00:00,2,0,0,0.00022860954
2024-10-15 15:15:00,2,0,0,0.00025707006
2024-10-15 15:30:00,2,0,0,0.00031600008
2024-10-15 15:45:00,2,0,0,0.00026321827
2024-10-15 16:00:00,2,0,0,0.000310427
2024-10-15 16:15:00,2,0,0,0.00029225234
2024-10-15 16:30:00,2,0,0,0.00027461653
2024-10-15 16:45:00,2,0,0,0.00025294194
2024-10-15 17:00:00,2,0,0,0.00029408396
2024-10-15 17:15:00,2,0,0,0.000276879
2024-10-15 17:30:00,2,0,0,0.00026223066
2024-10-15 17:45:00,2,0,0,0.0002690035
2024-10-15 18:00:00,2,0,0,0.00028985122
2024-10-15 18:15:00,2,0,0,0.00029032654
2024-10-15 18:30:00,2,0,0,0.00028808173
2024-10-15 18:45:00,2,0,0,0.000268977
2024-10-15 19:00:00,2,0,0,0.0002665487
2024-10-15 19:15:00,2,0,0,0.00026987263
2024-10-15 19:30:00,2,0,0,0.00029552833
2024-10-15 19:45:00,2,0,0,0.00028248449
2024-10-15 20:00:00,2,0,0,0.00034266774
2024-10-15 20:15:00,2,0,0,0.00031328073
2024-10-15 20:30:00,2,0,0,0.00028444896
2024-10-15 20:45:00,2,0,0,0.00027837386
2024-10-15 21:00:00,2,0,0,0.00026781176
2024-10-15 21:15:00,2,0,0,0.00027654914
2024-10-15 21:30:00,2,0,0,0.00024297685
2024-10-15 21:45:00,2,0,0,0.00023520924
2024-10-15 22:00:00,2,0,0,0.00021737043
2024-10-15 22:15:00,2,0,0,0.00023417347
2024-10-15 22:30:00,2,0,0,0.00019997278
2024-10-15 22:45:00,2,0,0,0.00019871541
2024-10-15 23:00:00,2,0,0,0.00018567809
2024-10-15 23:15:00,2,0,0,0.00018741087
2024-10-15 23:30:00,2,0,0,0.00019344286
2024-10-15 23:45:00,2,0,0,0.00021056597
2024-10-16 00:15:00,2,0,0,0.00021441953
2024-10-16 00:30:00,2,0,0,0.0001858658
2024-10-16 00:45:00,2,0,0,0.00016183444
2024-10-16 01:00:00,2,0,0,0.00017530742
2024-10-16 01:15:00,2,0,0,0.00019740904
2024-10-16 01:30:00,2,0,0,0.00020668277
2024-10-16 01:45:00,2,0,0,0.00021841093
2024-10-16 02:00:00,2,0,0,0.00021777826
2024-10-16 02:15:00,2,0,0,0.00018706529
2024-10-16 02:30:00,2,0,0,0.00025858227
2024-10-16 02:45:00,2,0,0,0.00026553898
2024-10-16 03:00:00,2,0,0,0.00028073948
2024-10-16 03:15:00,2,0,0,0.0002391772
2024-10-16 03:30:00,2,0,0,0.00024056973
2024-10-16 03:45:00,2,0,0,0.00022833908
2024-10-16 04:00:00,2,0,0,0.00021719324
2024-10-16 04:15:00,2,0,0,0.00021558671
2024-10-16 04:30:00,2,0,0,0.0002427744
2024-10-16 04:45:00,2,0,0,0.0002758928
2024-10-16 05:00:00,2,0,0,0.0003420901
2024-10-16 05:15:00,2,0,0,0.00026591966
2024-10-16 05:30:00,2,0,0,0.0002726594
2024-10-16 05:45:00,2,0,0,0.00022973891
2024-10-16 06:00:00,2,0,0,0.00027432857
2024-10-16 06:15:00,2,0,0,0.00030727082
2024-10-16 06:30:00,2,0,0,0.00024443425
2024-10-16 06:45:00,2,0,0,0.00033053104
2024-10-16 07:00:00,2,0,0,0.00030945672
2024-10-16 07:15:00,2,0,0,0.00030025633
2024-10-16 07:30:00,2,0,0,0.00035021987
2024-10-16 07:45:00,2,0,0,0.00039667363
2024-10-16 08:00:00,2,0,0,0.0003808648
2024-10-16 08:15:00,2,0,0,0.000861136
2024-10-16 08:30:00,2,0,0,0.00045738555
2024-10-16 08:45:00,2,0,0,0.00047726306
2024-10-16 09:00:00,2,0,0,0.00036841753
2024-10-16 09:15:00,2,0,0,0.0003796398
2024-10-16 09:30:00,2,0,0,0.0005994814
2024-10-16 09:45:00,2,0,0,0.00069500314
2024-10-16 10:00:00,2,0,0,0.00033668216
2024-10-16 10:15:00,2,0,0,0.00025843352
2024-10-16 10:30:00,2,0,0,0.0002584656
2024-10-16 10:45:00,2,0,0,0.00025902066
2024-10-16 11:00:00,2,0,0,0.00027349812
2024-10-16 11:15:00,2,0,0,0.000236735
2024-10-16 11:30:00,2,0,0,0.00028495962
2024-10-16 11:45:00,2,0,0,0.00023031796
2024-10-16 12:00:00,2,0,0,0.0003083151
2024-10-16 12:15:00,2,0,0,0.00026398402
2024-10-16 12:30:00,2,0,0,0.00032113038
2024-10-16 12:45:00,2,0,0,0.00034815067
2024-10-16 13:00:00,2,0,0,0.002059837
2024-10-16 13:15:00,2,0,0,0.0053405277
2024-10-16 13:30:00,2,0,0,0.0006984906
2024-10-16 13:45:00,2,0,0,0.00062604743
2024-10-16 14:00:00,2,0,0,0.0011013108
2024-10-16 14:15:00,2,0,0,0.0025212998
2024-10-16 14:30:00,2,0,0,0.002415741
2024-10-16 14:45:00,2,0,0,0.0021935194
2024-10-16 15:00:00,2,0,0,0.003088567
2024-10-16 15:15:00,2,0,0,0.0039500254
2024-10-16 15:30:00,2,0,0,0.0020030267
2024-10-16 15:45:00,2,0,0,0.0012918728
2024-10-16 16:00:00,2,0,0,0.0018383618
2024-10-16 16:15:00,2,0,0,0.0021155279
2024-10-16 16:30:00,2,0,0,0.0024521332
2024-10-16 16:45:00,2,0,0,0.00328403
2024-10-16 17:00:00,2,0,0,0.0031413122
2024-10-16 17:15:00,2,0,0,0.0020649645
2024-10-16 17:30:00,2,0,0,0.0019681563
2024-10-16 17:45:00,2,0,0,0.0019988536
2024-10-16 18:00:00,2,0,0,0.0025028223
2024-10-16 18:15:00,2,0,0,0.0020247758
2024-10-16 18:30:00,2,0,0,0.0016936121
2024-10-16 18:45:00,2,0,0,0.0019623237
2024-10-16 19:00:00,2,0,0,0.012982086
2024-10-16 19:15:00,2,0,0,0.0044162706
2024-10-16 19:30:00,2,0,0,0.0058077206
2024-10-16 19:45:00,2,0,0,0.0036865494
2024-10-16 20:00:00,2,0,0,0.27255479
2024-10-16 20:15:00,2,0,0,0.19703576
2024-10-16 20:30:00,2,0,0,0.32437512
2024-10-16 20:45:00,2,0,0,0.15819211
2024-10-16 21:00:00,2,0,0,0.44275624
2024-10-16 21:15:00,2,0,0,0.04058236
2024-10-16 21:30:00,2,0,0,0.009432358
2024-10-16 21:45:00,2,0,0,0.0074023306
2024-10-16 22:00:00,2,0,0,0.007773754
2024-10-16 22:15:00,2,0,0,0.011374988
2024-10-16 22:30:00,2,0,0,0.0127386
2024-10-16 22:45:00,2,0,0,0.008093439
2024-10-16 23:00:00,2,0,0,0.009368068
2024-10-16 23:15:00,2,0,0,0.004084231
2024-10-16 23:30:00,2,0,0,0.0041310224
2024-10-16 23:45:00,2,0,0,0.0042332644
2024-10-17 00:15:00,2,0,0,0.003514595
2024-10-17 00:30:00,2,0,0,0.0025489312
2024-10-17 00:45:00,2,0,0,0.0035549314
2024-10-17 01:00:00,2,0,0,0.004840593
2024-10-17 01:15:00,2,0,0,0.21172653
2024-10-17 01:30:00,2,0,0,0.018424265
2024-10-17 01:45:00,2,0,0,0.008159068
2024-10-17 02:00:00,2,0,0,0.009770342
2024-10-17 02:15:00,2,0,0,0.0044768695
2024-10-17 02:30:00,2,0,0,0.004070486
2024-10-17 02:45:00,2,0,0,0.003993354
2024-10-17 03:00:00,2,0,0,0.0039174627
2024-10-17 03:15:00,2,0,0,0.0058009075
2024-10-17 03:30:00,2,0,0,0.0023517802
2024-10-17 03:45:00,2,0,0,0.002297132
2024-10-17 04:00:00,2,0,0,0.002637296
2024-10-17 04:15:00,2,0,0,0.001758143
2024-10-17 04:30:00,2,0,0,0.0023358727
2024-10-17 04:45:00,2,0,0,0.0043902365
2024-10-17 05:00:00,2,0,0,0.0050488976
2024-10-17 05:15:00,2,0,0,0.007066655
2024-10-17 05:30:00,2,0,0,0.0125986
2024-10-17 05:45:00,2,0,0,0.013355077
2024-10-17 06:00:00,2,0,0,0.017558446
2024-10-17 06:15:00,2,0,0,0.0063170046
2024-10-17 06:30:00,2,0,0,0.0063775084
2024-10-17 06:45:00,2,0,0,0.006501844
2024-10-17 07:00:00,2,0,0,0.005557183
2024-10-17 07:15:00,2,0,0,0.006161737
2024-10-17 07:30:00,2,0,0,0.009854105
2024-10-17 07:45:00,2,0,0,0.0055679316
2024-10-17 08:00:00,2,0,0,0.0033036056
2024-10-17 08:15:00,2,0,0,0.0033251592
2024-10-17 08:30:00,2,0,0,0.0053141955
2024-10-17 08:45:00,2,0,0,0.0030096371
2024-10-17 10:30:00,2,0,0,0.0006051856
2024-10-17 10:45:00,2,0,0,0.00058926846
2024-10-17 11:00:00,2,0,0,0.0005213709
2024-10-17 11:15:00,2,0,0,0.00042303914
2024-10-17 11:30:00,2,0,0,0.00040419708
2024-10-17 11:45:00,2,0,0,0.0004043177
2024-10-17 12:00:00,2,0,0,0.00036171032
2024-10-17 12:15:00,2,0,0,0.00029559177
2024-10-17 12:30:00,2,0,0,0.00032578164
2024-10-17 12:45:00,2,0,0,0.0002470397
2024-10-17 13:00:00,2,0,0,0.00022539319
2024-10-17 13:15:00,2,0,0,0.0002092412
2024-10-17 13:30:00,2,0,0,0.00018789452
2024-10-17 13:45:00,2,0,0,0.00031606917
2024-10-17 14:00:00,2,0,0,0.00022750403
2024-10-17 14:15:00,2,0,0,0.00019887851
2024-10-17 14:30:00,2,0,0,0.00020008776
2024-10-17 14:45:00,2,0,0,0.00023122109
2024-10-17 15:00:00,2,0,0,0.00028617203
2024-10-17 15:15:00,2,0,0,0.00036329843
2024-10-17 15:30:00,2,0,0,0.00063222647
2024-10-17 15:45:00,2,0,0,0.0006414608
2024-10-17 16:00:00,2,0,0,0.0021209568
2024-10-17 16:15:00,2,0,0,0.0028895228
2024-10-17 16:30:00,2,0,0,0.0013983728
2024-10-17 16:45:00,2,0,0,0.000931936
2024-10-17 17:00:00,2,0,0,0.0009488491
2024-10-17 17:15:00,2,0,0,0.0006201903
2024-10-17 17:30:00,2,0,0,0.0008975489
2024-10-17 17:45:00,2,0,0,0.0013290088
2024-10-17 18:00:00,2,0,0,0.0011324635
2024-10-17 18:15:00,2,0,0,0.002189515
2024-10-17 18:30:00,2,0,0,0.0020375268
2024-10-17 18:45:00,2,0,0,0.0052115936
2024-10-17 19:00:00,2,0,0,0.030691711
2024-10-17 19:15:00,2,0,0,0.015983004
2024-10-17 19:30:00,2,0,0,0.005019275
2024-10-17 19:45:00,2,0,0,0.008591189
2024-10-17 20:00:00,2,0,0,0.005825128
2024-10-17 20:15:00,2,0,0,0.0048447168
2024-10-17 20:30:00,2,0,0,0.004296772
2024-10-17 20:45:00,2,0,0,0.005300138
2024-10-17 21:00:00,2,0,0,0.008075005
2024-10-17 21:15:00,2,0,0,0.007900693
2024-10-17 21:30:00,2,0,0,0.007916257
2024-10-17 21:45:00,2,0,0,0.006301362
2024-10-17 22:00:00,2,0,0,0.009288537
2024-10-17 22:15:00,2,0,0,0.03729425
2024-10-17 22:30:00,2,0,0,0.040009756
2024-10-17 22:45:00,2,0,0,0.23217452
2024-10-17 23:00:00,2,0,0,0.16122232
2024-10-17 23:15:00,2,0,0,0.019790579
2024-10-17 23:30:00,2,0,0,0.2603077
2024-10-17 23:45:00,2,0,0,0.22931083
2024-10-18 00:15:00,2,0,0,0.016293878
2024-10-18 00:30:00,2,0,0,0.31160134
2024-10-18 00:45:00,2,0,0,0.3726015
2024-10-18 01:00:00,2,0,0,0.19035958
2024-10-18 01:15:00,2,0,1,0.50217944
2024-10-18 01:30:00,2,0,0,0.20481268
2024-10-18 01:45:00,2,0,1,0.39485145
2024-10-18 02:00:00,2,0,0,0.08864513
2024-10-18 02:15:00,2,0,0,0.15810613
2024-10-18 02:30:00,2,0,0,0.13008094
2024-10-18 02:45:00,2,0,0,0.06648226
2024-10-18 03:00:00,2,0,0,0.28754377
2024-10-18 03:15:00,2,0,1,0.54989886
2024-10-18 03:30:00,2,0,0,0.3682727
2024-10-18 03:45:00,2,0,1,0.6496493
2024-10-18 04:00:00,2,1,1,0.59549344
2024-10-18 04:15:00,2,1,0,0.09220551
2024-10-18 04:30:00,2,0,0,0.24062899
2024-10-18 04:45:00,2,0,0,0.190107
2024-10-18 05:00:00,2,0,1,0.4686413
2024-10-18 05:15:00,2,0,1,0.5807012
2024-10-18 05:30:00,2,0,0,0.12048418
2024-10-18 05:45:00,2,0,0,0.088062465
2024-10-18 06:00:00,2,0,0,0.20230685
2024-10-18 06:15:00,2,0,0,0.03139975
2024-10-18 06:30:00,2,0,0,0.020116994
2024-10-18 06:45:00,2,0,0,0.03204662
2024-10-18 07:00:00,2,0,0,0.009717762
2024-10-18 07:15:00,2,0,0,0.013299474
2024-10-18 07:30:00,2,0,0,0.016906232
2024-10-18 07:45:00,2,0,0,0.0074912854
2024-10-18 08:00:00,2,0,0,0.004829462
2024-10-18 08:15:00,2,0,0,0.0580713
2024-10-18 08:30:00,2,0,0,0.0052494113
2024-10-18 08:45:00,2,0,0,0.001861723
2024-10-18 09:00:00,2,0,0,0.002025394
2024-10-18 09:15:00,2,0,0,0.0014928873
2024-10-18 09:30:00,2,0,0,0.0013124817
2024-10-18 09:45:00,2,0,0,0.0013701251
2024-10-18 10:00:00,2,0,0,0.0010964529
2024-10-18 10:15:00,2,0,0,0.0010342129
2024-10-18 10:30:00,2,0,0,0.0009174738
2024-10-18 10:45:00,2,0,0,0.00067128666
2024-10-18 11:00:00,2,0,0,0.0006589243
2024-10-18 11:15:00,2,0,0,0.0006345999
2024-10-18 11:30:00,2,0,0,0.0005259077
2024-10-18 11:45:00,2,0,0,0.0005063201
2024-10-18 12:00:00,2,0,0,0.00043547308
2024-10-18 12:15:00,2,0,0,0.0004678975
2024-10-18 12:30:00,2,0,0,0.0004197364
2024-10-18 12:45:00,2,0,0,0.00030938315
2024-10-18 13:00:00,2,0,0,0.00028155054
2024-10-18 13:15:00,2,0,0,0.00025130622
2024-10-18 13:30:00,2,0,0,0.00021220002
2024-10-18 13:45:00,2,0,0,0.00015903408
2024-10-18 14:00:00,2,0,0,0.00018155068
2024-10-18 14:15:00,2,0,0,0.00018197214
2024-10-18 14:30:00,2,0,0,0.00019897886
2024-10-18 14:45:00,2,0,0,0.00019399829
2024-10-18 15:00:00,2,0,0,0.00020981402
2024-10-18 15:15:00,2,0,0,0.00025836984
2024-10-18 15:30:00,2,0,0,0.00025555637
2024-10-18 15:45:00,2,0,0,0.00020876974
2024-10-18 16:00:00,2,0,0,0.00023433228
2024-10-18 16:15:00,2,0,0,0.0002467212
2024-10-18 16:30:00,2,0,0,0.00026253896
2024-10-18 16:45:00,2,0,0,0.00024105687
2024-10-18 17:00:00,2,0,0,0.00025333956
2024-10-18 17:15:00,2,0,0,0.00024535612
2024-10-18 17:30:00,2,0,0,0.00023794193
2024-10-18 17:45:00,2,0,0,0.00026212947
2024-10-18 18:00:00,2,0,0,0.00029098743
2024-10-18 18:15:00,2,0,0,0.0002865727
2024-10-18 18:30:00,2,0,0,0.00040757656
2024-10-18 18:45:00,2,0,0,0.00038545075
2024-10-18 19:00:00,2,0,0,0.00048257384
2024-10-18 19:15:00,2,0,0,0.0004599484
2024-10-18 19:30:00,2,0,0,0.0003921022
2024-10-18 19:45:00,2,0,0,0.00048885954
2024-10-18 20:00:00,2,0,0,0.0004586041
2024-10-18 20:15:00,2,0,0,0.00046589068
2024-10-18 20:30:00,2,0,0,0.0004632232
2024-10-18 20:45:00,2,0,0,0.00043750452
2024-10-18 21:00:00,2,0,0,0.00038728476
2024-10-18 21:15:00,2,0,0,0.00040691462
2024-10-18 21:30:00,2,0,0,0.00042973633
2024-10-18 21:45:00,2,0,0,0.00050402945
2024-10-18 22:00:00,2,0,0,0.00048715956
2024-10-18 22:15:00,2,0,0,0.0006055612
2024-10-18 22:30:00,2,0,0,0.0005471844
2024-10-18 22:45:00,2,0,0,0.0004895886
2024-10-18 23:00:00,2,0,0,0.00041948535
2024-10-18 23:15:00,2,0,0,0.0004477828
2024-10-18 23:30:00,2,0,0,0.00042608642
2024-10-18 23:45:00,2,0,0,0.00045519395
2024-10-19 00:15:00,2,0,0,0.00045074997
2024-10-19 00:30:00,2,0,0,0.0009080586
2024-10-19 00:45:00,2,0,0,0.0019047097
2024-10-19 01:00:00,2,0,0,0.003116692
2024-10-19 01:15:00,2,0,0,0.0021124044
2024-10-19 01:30:00,2,0,0,0.0023759059
2024-10-19 01:45:00,2,0,0,0.006944431
2024-10-19 02:00:00,2,0,0,0.017910436
2024-10-19 02:15:00,2,0,0,0.029601565
2024-10-19 02:30:00,2,0,0,0.014267676
2024-10-19 02:45:00,2,0,1,0.3952887
2024-10-19 03:00:00,2,0,0,0.30274796
2024-10-19 03:15:00,2,0,1,0.6258951
2024-10-19 03:30:00,2,0,1,0.42782563
2024-10-19 03:45:00,2,0,0,0.24528474
2024-10-19 04:00:00,2,0,0,0.4419539
2024-10-19 04:15:00,2,0,1,0.6705911
2024-10-19 04:30:00,2,0,1,0.71610165
2024-10-19 04:45:00,2,0,1,0.70510644
2024-10-19 05:00:00,2,0,1,0.6211403
2024-10-19 05:15:00,2,0,0,0.24041755
2024-10-19 05:30:00,2,0,1,0.6007098
2024-10-19 05:45:00,2,0,1,0.67459685
2024-10-19 06:00:00,2,0,0,0.3422364
2024-10-19 06:15:00,2,0,0,0.3734667
2024-10-19 06:30:00,2,0,1,0.57189745
2024-10-19 06:45:00,2,0,1,0.6013303
2024-10-19 07:00:00,2,0,0,0.32430997
2024-10-19 07:15:00,2,0,0,0.3880448
2024-10-19 07:30:00,2,0,0,0.26571503
2024-10-19 07:45:00,2,0,0,0.28421998
2024-10-19 08:00:00,2,0,0,0.36570752
2024-10-19 08:15:00,2,0,0,0.24773802
2024-10-19 08:30:00,2,0,0,0.15847388
2024-10-19 08:45:00,2,0,0,0.07683358
2024-10-19 09:00:00,2,0,0,0.04189713
2024-10-19 09:15:00,2,0,0,0.039086275
2024-10-19 09:30:00,2,0,0,0.01791869
2024-10-19 09:45:00,2,0,0,0.022630418
2024-10-19 10:00:00,2,0,0,0.0068470254
2024-10-19 10:15:00,2,0,0,0.012010874
2024-10-19 10:30:00,2,0,0,0.0033098182
2024-10-19 10:45:00,2,0,0,0.005162211
2024-10-19 11:00:00,2,0,0,0.002116086
2024-10-19 11:15:00,2,0,0,0.005734286
2024-10-19 11:30:00,2,0,0,0.0027101263
2024-10-19 11:45:00,2,0,0,0.0057077715
2024-10-19 12:00:00,2,0,0,0.0035997492
2024-10-19 12:15:00,2,0,0,0.014035204
2024-10-19 12:30:00,2,0,0,0.012855554
2024-10-19 12:45:00,2,0,0,0.010983829
2024-10-19 13:00:00,2,0,0,0.009374795
2024-10-19 13:15:00,2,0,0,0.013940487
2024-10-19 13:30:00,2,0,0,0.016809361
2024-10-19 13:45:00,2,0,0,0.017134216
2024-10-19 14:00:00,2,0,0,0.018175384
2024-10-19 14:15:00,2,0,0,0.013226935
2024-10-19 14:30:00,2,0,0,0.0022928694
2024-10-19 14:45:00,2,0,0,0.0019740467
2024-10-19 15:00:00,2,0,0,0.0012838066
2024-10-19 15:15:00,2,0,0,0.003934081
2024-10-19 15:30:00,2,0,0,0.0014669449
2024-10-19 15:45:00,2,0,0,0.0020914732
2024-10-19 16:00:00,2,0,0,0.009067961
2024-10-19 16:15:00,2,0,0,0.010722903
2024-10-19 16:30:00,2,0,0,0.00452015
2024-10-19 16:45:00,2,0,0,0.013223013
2024-10-19 17:00:00,2,0,0,0.030053793
2024-10-19 17:15:00,2,0,0,0.013656223
2024-10-19 17:30:00,2,0,0,0.0044231713
2024-10-19 17:45:00,2,0,0,0.0065821726
2024-10-19 18:00:00,2,1,0,0.2993795
2024-10-19 18:15:00,2,1,1,0.47471237
2024-10-19 18:30:00,2,1,1,0.576111
2024-10-19 18:45:00,2,1,1,0.6582035
2024-10-19 19:00:00,2,1,0,0.36032757
2024-10-19 19:15:00,2,1,0,0.19945015
2024-10-19 19:30:00,2,0,0,0.116250984
2024-10-19 19:45:00,2,0,0,0.25010917
2024-10-19 20:00:00,2,0,0,0.2927233
2024-10-19 20:15:00,2,0,0,0.28097087
2024-10-19 20:30:00,2,0,0,0.15926346
2024-10-19 20:45:00,2,0,0,0.17846064
2024-10-19 21:00:00,2,0,0,0.21165745
2024-10-19 21:15:00,2,0,0,0.055642016
2024-10-19 21:30:00,2,0,0,0.13281618
2024-10-19 21:45:00,2,0,0,0.23823872
2024-10-19 22:00:00,2,0,0,0.37096855
2024-10-19 22:15:00,2,0,0,0.2733148
2024-10-19 22:30:00,2,0,0,0.18553972
2024-10-19 22:45:00,2,0,0,0.23527142
2024-10-19 23:00:00,2,0,0,0.13478658
2024-10-19 23:15:00,2,0,0,0.2202188
2024-10-19 23:30:00,2,0,0,0.17703417
2024-10-19 23:45:00,2,0,0,0.25756243
2024-10-20 00:15:00,2,0,0,0.021550871
2024-10-20 00:30:00,2,0,0,0.029348336
2024-10-20 00:45:00,2,0,0,0.008083414
2024-10-20 01:00:00,2,0,0,0.0068268985
2024-10-20 01:15:00,2,0,0,0.004842484
2024-10-20 01:30:00,2,0,0,0.0035298672
2024-10-20 01:45:00,2,0,0,0.0018258877
2024-10-20 02:00:00,2,0,0,0.0015993757
2024-10-20 02:15:00,2,0,0,0.002115934
2024-10-20 02:30:00,2,0,0,0.0030408658
2024-10-20 02:45:00,2,0,0,0.0015115036
2024-10-20 03:00:00,2,0,0,0.0014012083
2024-10-20 03:15:00,2,0,0,0.0010228908
2024-10-20 03:30:00,2,0,0,0.00088030746
2024-10-20 03:45:00,2,0,0,0.00094784406
2024-10-20 04:00:00,2,0,0,0.00092659635
2024-10-20 04:15:00,2,0,0,0.00078515144
2024-10-20 04:30:00,2,0,0,0.0005719856
2024-10-20 04:45:00,2,0,0,0.0005609926
2024-10-20 05:00:00,2,0,0,0.000586277
2024-10-20 05:15:00,2,0,0,0.00053615053
2024-10-20 05:30:00,2,0,0,0.0004755226
2024-10-20 05:45:00,2,0,0,0.00043647605
2024-10-20 06:00:00,2,0,0,0.00038217884
2024-10-20 06:15:00,2,0,0,0.00034310474
2024-10-20 06:30:00,2,0,0,0.00028864187
2024-10-20 06:45:00,2,0,0,0.0003213996
2024-10-20 07:00:00,2,0,0,0.00026467504
2024-10-20 07:15:00,2,0,0,0.0002413105
2024-10-20 07:30:00,2,0,0,0.00020947329
2024-10-20 07:45:00,2,0,0,0.0002720716
2024-10-20 08:00:00,2,0,0,0.00025021663
2024-10-20 08:15:00,2,0,0,0.00017917443
2024-10-20 08:30:00,2,0,0,0.00017906567
2024-10-20 08:45:00,2,0,0,0.0002186006
2024-10-20 09:00:00,2,0,0,0.00017421137
2024-10-20 09:15:00,2,0,0,0.00019131608
2024-10-20 09:30:00,2,0,0,0.00017645056
2024-10-20 09:45:00,2,0,0,0.00018195643
2024-10-20 10:00:00,2,0,0,0.00017465596
2024-10-20 10:15:00,2,0,0,0.00017838349
2024-10-20 10:30:00,2,0,0,0.00021504318
2024-10-20 10:45:00,2,0,0,0.00026385215
2024-10-20 11:00:00,2,0,0,0.00022499674
2024-10-20 11:15:00,2,0,0,0.000502797
2024-10-20 11:30:00,2,0,0,0.00029673273
2024-10-20 11:45:00,2,0,0,0.00027938568
2024-10-20 12:00:00,2,0,0,0.0002568063
2024-10-20 12:15:00,2,0,0,0.00026032122
2024-10-20 12:30:00,2,0,0,0.00031403263
2024-10-20 12:45:00,2,0,0,0.00028221158
2024-10-20 13:00:00,2,0,0,0.00032472803
2024-10-20 13:15:00,2,0,0,0.00029534264
2024-10-20 13:30:00,2,0,0,0.0002920291
2024-10-20 13:45:00,2,0,0,0.00022451222
2024-10-20 14:00:00,2,0,0,0.0002668965
2024-10-20 14:15:00,2,0,0,0.00024871214
2024-10-20 14:30:00,2,0,0,0.0004282003
2024-10-20 14:45:00,2,0,0,0.00023688425
2024-10-20 15:00:00,2,0,0,0.00029401085
2024-10-20 15:15:00,2,0,0,0.00033447152
2024-10-20 15:30:00,2,0,0,0.00028117743
2024-10-20 15:45:00,2,0,0,0.00021534415
2024-10-20 16:00:00,2,0,0,0.00023286733
2024-10-20 16:15:00,2,0,0,0.00022612461
2024-10-20 16:30:00,2,0,0,0.00022701504
2024-10-20 16:45:00,2,0,0,0.00021288963
2024-10-20 17:00:00,2,0,0,0.00025644177
2024-10-20 17:15:00,2,0,0,0.00022050437
2024-10-20 17:30:00,2,0,0,0.00019232121
2024-10-20 17:45:00,2,0,0,0.00020224316
2024-10-20 18:00:00,2,0,0,0.00018891042
2024-10-20 18:15:00,2,0,0,0.00019148504
2024-10-20 18:30:00,2,0,0,0.00028470438
2024-10-20 18:45:00,2,0,0,0.0002502432
2024-10-20 19:00:00,2,0,0,0.00028702573
2024-10-20 19:15:00,2,0,0,0.0002089116
2024-10-20 19:30:00,2,0,0,0.0002561497
2024-10-20 19:45:00,2,0,0,0.00026038758
2024-10-20 20:00:00,2,0,0,0.00033514408
2024-10-20 20:15:00,2,0,0,0.0003207485
2024-10-20 20:30:00,2,0,0,0.00026112515
2024-10-20 20:45:00,2,0,0,0.0003910335
2024-10-20 21:00:00,2,0,0,0.0005450503
2024-10-20 21:15:00,2,0,0,0.0007378663
2024-10-20 21:30:00,2,0,0,0.0008970571
2024-10-20 21:45:00,2,0,0,0.00050485646
2024-10-20 22:00:00,2,0,0,0.00048022025
2024-10-20 22:15:00,2,0,0,0.00042104785
2024-10-20 22:30:00,2,0,0,0.0012263051
2024-10-20 22:45:00,2,0,0,0.0007416213
2024-10-20 23:00:00,2,0,0,0.0009334802
2024-10-20 23:15:00,2,0,0,0.000740742
2024-10-20 23:30:00,2,0,0,0.0007670338
2024-10-20 23:45:00,2,0,0,0.0015382086
2024-10-21 00:15:00,2,0,0,0.001681422
2024-10-21 00:30:00,2,0,0,0.0026072566
2024-10-21 00:45:00,2,0,0,0.00082403986
2024-10-21 01:00:00,2,0,0,0.0039382908
2024-10-21 01:15:00,2,0,0,0.0017623848
2024-10-21 01:30:00,2,0,0,0.0005323413
2024-10-21 01:45:00,2,0,0,0.00085554266
2024-10-21 02:00:00,2,0,0,0.0012170889
2024-10-21 02:15:00,2,0,0,0.00076672266
2024-10-21 02:30:00,2,0,0,0.00057156826
2024-10-21 02:45:00,2,0,0,0.00048029883
2024-10-21 03:00:00,2,0,0,0.00053439656
2024-10-21 03:15:00,2,0,0,0.00091314304
2024-10-21 03:30:00,2,0,0,0.00066022197
2024-10-21 03:45:00,2,0,0,0.0008669046
2024-10-21 04:00:00,2,0,0,0.0011584918
2024-10-21 04:15:00,2,0,0,0.00080446916
2024-10-21 04:30:00,2,0,0,0.0008412721
2024-10-21 04:45:00,2,0,0,0.001318862
2024-10-21 05:00:00,2,0,0,0.0024805858
2024-10-21 05:15:00,2,0,0,0.0021679038
2024-10-21 05:30:00,2,0,0,0.0017999606
2024-10-21 05:45:00,2,0,0,0.0019445756
2024-10-21 06:00:00,2,0,0,0.0035783178
2024-10-21 06:15:00,2,0,0,0.006229757
2024-10-21 06:30:00,2,0,0,0.0028492585
2024-10-21 06:45:00,2,0,0,0.018682327
2024-10-24 03:15:00,3,0,0,0.006116698
2024-10-24 03:30:00,3,0,0,0.005584522
2024-10-24 03:45:00,3,0,0,0.005286777
2024-10-24 04:00:00,3,0,0,0.005353786
2024-10-24 04:15:00,3,0,0,0.0054385434
2024-10-24 04:30:00,3,0,0,0.0055755614
2024-10-24 04:45:00,3,0,0,0.005567192
2024-10-24 05:00:00,3,0,0,0.00644411
2024-10-24 05:15:00,3,0,0,0.0064281807
2024-10-24 05:30:00,3,0,0,0.0064180032
2024-10-24 05:45:00,3,0,0,0.0065586646
2024-10-24 06:00:00,3,0,0,0.0055086217
2024-10-24 06:15:00,3,0,0,0.005682099
2024-10-24 06:30:00,3,0,0,0.0053520016
2024-10-24 06:45:00,3,0,0,0.005618684
2024-10-24 07:00:00,3,0,0,0.0045762146
2024-10-24 07:15:00,3,0,0,0.0043743798
2024-10-24 07:30:00,3,0,0,0.0046563284
2024-10-24 07:45:00,3,0,0,0.0040567014
2024-10-24 08:00:00,3,0,0,0.0037744627
2024-10-24 08:15:00,3,0,0,0.0038974404
2024-10-24 08:30:00,3,0,0,0.0036380142
2024-10-24 08:45:00,3,0,0,0.0035545807
2024-10-24 09:00:00,3,0,0,0.0033215492
2024-10-24 09:15:00,3,0,0,0.0032507128
2024-10-24 09:30:00,3,0,0,0.003311262
2024-10-24 09:45:00,3,0,0,0.0032508667
2024-10-24 10:00:00,3,0,0,0.0032100708
2024-10-24 10:15:00,3,0,0,0.0031055326
2024-10-24 10:30:00,3,0,0,0.0028977303
2024-10-24 10:45:00,3,0,0,0.0028620143
2024-10-24 11:00:00,3,0,0,0.0028216587
2024-10-24 11:15:00,3,0,0,0.0027829814
2024-10-24 11:30:00,3,0,0,0.0026757058
2024-10-24 11:45:00,3,0,0,0.0026238621
2024-10-24 12:00:00,3,0,0,0.0026220628
2024-10-24 12:15:00,3,0,0,0.0025891159
2024-10-24 12:30:00,3,0,0,0.0026023036
2024-10-24 12:45:00,3,0,0,0.0026780376
2024-10-24 13:00:00,3,0,0,0.0027256918
2024-10-24 13:15:00,3,0,0,0.0027620979
2024-10-24 13:30:00,3,0,0,0.0029468671
2024-10-24 13:45:00,3,0,0,0.0032265352
2024-10-24 14:00:00,3,0,0,0.0030537306
2024-10-24 14:15:00,3,0,0,0.0032104552
2024-10-24 14:30:00,3,0,0,0.0028484138
2024-10-24 14:45:00,3,0,0,0.0031353044
2024-10-24 15:00:00,3,0,0,0.0030672625
2024-10-24 15:15:00,3,0,0,0.0030226887
2024-10-24 15:30:00,3,0,0,0.0032602232
2024-10-24 15:45:00,3,0,0,0.003259924
2024-10-24 16:00:00,3,0,0,0.00382141
2024-10-24 16:15:00,3,0,0,0.00399368
2024-10-24 16:30:00,3,0,0,0.0047011534
2024-10-24 16:45:00,3,0,0,0.005149061
2024-10-24 17:00:00,3,0,0,0.003908755
2024-10-24 17:15:00,3,0,0,0.0038429853
2024-10-24 17:30:00,3,0,0,0.003906656
2024-10-24 17:45:00,3,0,0,0.0036138822
2024-10-24 18:00:00,3,0,0,0.004468341
2024-10-24 18:15:00,3,0,0,0.0050919265
2024-10-24 18:30:00,3,0,0,0.005334818
2024-10-24 18:45:00,3,0,0,0.0054976945
2024-10-24 19:00:00,3,0,0,0.0048916196
2024-10-24 19:15:00,3,0,0,0.0050640996
2024-10-24 19:30:00,3,0,0,0.005030282
2024-10-24 19:45:00,3,0,0,0.0048468933
2024-10-24 20:00:00,3,0,0,0.0044717924
2024-10-24 20:15:00,3,0,0,0.0047601913
2024-10-24 20:30:00,3,0,0,0.004470399
2024-10-24 20:45:00,3,0,0,0.0052383794
2024-10-24 21:00:00,3,0,0,0.006723006
2024-10-24 21:15:00,3,0,0,0.0053864345
2024-10-24 21:30:00,3,0,0,0.00446405
2024-10-24 21:45:00,3,0,0,0.004613657
2024-10-24 22:00:00,3,0,0,0.0050890646
2024-10-24 22:15:00,3,0,0,0.0047196187
2024-10-24 22:30:00,3,0,0,0.004712042
2024-10-24 22:45:00,3,0,0,0.005061953
2024-10-24 23:00:00,3,0,0,0.0049975454
2024-10-24 23:15:00,3,0,0,0.005173994
2024-10-24 23:30:00,3,0,0,0.0048741116
2024-10-24 23:45:00,3,0,0,0.0049707945
2024-10-25 00:15:00,3,0,0,0.0048022335
2024-10-25 00:30:00,3,0,0,0.0054180357
2024-10-25 00:45:00,3,0,0,0.0050246543
2024-10-25 01:00:00,3,0,0,0.005439051
2024-10-25 01:15:00,3,0,0,0.0052026
2024-10-25 01:30:00,3,0,0,0.0051140552
2024-10-25 01:45:00,3,0,0,0.005365206
2024-10-25 02:00:00,3,0,0,0.005231092
2024-10-25 02:15:00,3,0,0,0.0049733496
2024-10-25 02:30:00,3,0,0,0.005972936
2024-10-25 02:45:00,3,0,0,0.0049733496
2024-10-25 03:00:00,3,0,0,0.005227247
2024-10-25 03:15:00,3,0,0,0.004846702
2024-10-25 03:30:00,3,0,0,0.00491783
2024-10-25 03:45:00,3,0,0,0.0052597136
2024-10-25 04:00:00,3,0,0,0.004826519
2024-10-25 04:15:00,3,0,0,0.00537115
2024-10-25 04:30:00,3,0,0,0.004829129
2024-10-25 04:45:00,3,0,0,0.0051400433
2024-10-25 05:00:00,3,0,0,0.004768391
2024-10-25 05:15:00,3,0,0,0.004768391
2024-10-25 05:30:00,3,0,0,0.005244361
2024-10-25 05:45:00,3,0,0,0.0053590545
2024-10-25 06:00:00,3,0,0,0.00538531
2024-10-25 06:15:00,3,0,0,0.00538531
2024-10-25 06:30:00,3,0,0,0.0052634655
2024-10-25 06:45:00,3,0,0,0.004840735
2024-10-25 07:00:00,3,0,0,0.004007972
2024-10-25 07:15:00,3,0,0,0.004713175
2024-10-25 07:30:00,3,0,0,0.004043493
2024-10-25 07:45:00,3,0,0,0.004152362
2024-10-25 08:00:00,3,0,0,0.003974791
2024-10-25 08:15:00,3,0,0,0.003690022
2024-10-25 08:30:00,3,0,0,0.004047784
2024-10-25 08:45:00,3,0,0,0.0038131638
2024-10-25 09:00:00,3,0,0,0.0035291791
2024-10-25 09:15:00,3,0,0,0.00334012
2024-10-25 09:30:00,3,0,0,0.0032047208
2024-10-25 09:45:00,3,0,0,0.0033388566
2024-10-25 10:00:00,3,0,0,0.0033166786
2024-10-25 10:15:00,3,0,0,0.003202678
2024-10-25 10:30:00,3,0,0,0.0030468376
2024-10-25 10:45:00,3,0,0,0.0032118254
2024-10-25 11:00:00,3,0,0,0.0030478847
2024-10-25 11:15:00,3,0,0,0.0029892623
2024-10-25 11:30:00,3,0,0,0.002848415
2024-10-25 11:45:00,3,0,0,0.002731118
2024-10-25 12:00:00,3,0,0,0.002925093
2024-10-25 12:15:00,3,0,0,0.002866224
2024-10-25 12:30:00,3,0,0,0.0027793134
2024-10-25 12:45:00,3,0,0,0.0027793134
2024-10-25 13:00:00,3,0,0,0.0029561804
2024-10-25 13:15:00,3,0,0,0.0029561804
2024-10-25 13:30:00,3,0,0,0.0027790072
2024-10-25 13:45:00,3,0,0,0.002736488
2024-10-25 14:00:00,3,0,0,0.0025520434
2024-10-25 14:15:00,3,0,0,0.0027149431
2024-10-25 14:30:00,3,0,0,0.002774473
2024-10-25 14:45:00,3,0,0,0.0032241854
2024-10-25 15:00:00,3,0,0,0.0029606016
2024-10-25 15:15:00,3,0,0,0.0035294387
2024-10-25 15:30:00,3,0,0,0.004458831
2024-10-25 15:45:00,3,0,0,0.004965176
2024-10-25 16:00:00,3,0,0,0.008296476
2024-10-25 16:15:00,3,0,0,0.008014582
2024-10-25 16:30:00,3,0,0,0.027071001
2024-10-25 16:45:00,3,0,0,0.02128801
2024-10-25 17:00:00,3,0,0,0.06382125
2024-10-25 17:15:00,3,0,0,0.10054473
2024-10-25 17:30:00,3,0,0,0.09859171
2024-10-25 17:45:00,3,0,0,0.022879785
2024-10-25 18:00:00,3,0,0,0.04125213
2024-10-25 18:15:00,3,0,0,0.16487196
2024-10-25 18:30:00,3,0,0,0.18780257
2024-10-25 18:45:00,3,0,1,0.37700865
2024-10-25 19:00:00,3,0,1,0.50005716
2024-10-25 19:15:00,3,0,1,0.41527852
2024-10-25 19:30:00,3,0,1,0.61992574
2024-10-25 19:45:00,3,0,1,0.35747808
2024-10-25 20:00:00,3,0,0,0.29792425
2024-10-25 20:15:00,3,0,1,0.48927945
2024-10-25 20:30:00,3,0,1,0.48359966
2024-10-25 20:45:00,3,0,0,0.33393538
2024-10-25 21:00:00,3,0,0,0.21367215
2024-10-25 21:15:00,3,0,0,0.32098293
2024-10-25 21:30:00,3,0,0,0.29060084
2024-10-25 21:45:00,3,0,0,0.28270656
2024-10-25 22:00:00,3,0,0,0.20645256
2024-10-25 22:15:00,3,0,0,0.31261125
2024-10-25 22:30:00,3,0,0,0.12221622
2024-10-25 22:45:00,3,0,0,0.30106312
2024-10-25 23:00:00,3,0,1,0.74609274
2024-10-25 23:15:00,3,0,0,0.25252715
2024-10-25 23:30:00,3,0,0,0.20467868
2024-10-25 23:45:00,3,0,0,0.24676032
2024-10-26 00:15:00,3,0,0,0.29941276
2024-10-26 00:30:00,3,0,1,0.44619903
2024-10-26 00:45:00,3,0,1,0.55127776
2024-10-26 01:00:00,3,0,1,0.4934314
2024-10-26 01:15:00,3,0,1,0.6915909
2024-10-26 01:30:00,3,0,1,0.55992854
2024-10-26 01:45:00,3,0,1,0.5991175
2024-10-26 02:00:00,3,0,1,0.582017
2024-10-26 02:15:00,3,1,1,0.605327
2024-10-26 02:30:00,3,1,1,0.604741
2024-10-26 02:45:00,3,1,1,0.74309266
2024-10-26 03:00:00,3,1,1,0.7819309
2024-10-26 03:15:00,3,1,1,0.6260854
2024-10-26 03:30:00,3,1,1,0.6496421
2024-10-26 03:45:00,3,1,1,0.7649152
2024-10-26 04:00:00,3,1,1,0.6657854
2024-10-26 04:15:00,3,1,1,0.62946737
2024-10-26 04:30:00,3,1,1,0.7895497
2024-10-26 04:45:00,3,1,1,0.75340414
2024-10-26 05:00:00,3,1,0,0.36563757
2024-10-26 05:15:00,3,1,1,0.7258163
2024-10-26 05:30:00,3,1,1,0.6190497
2024-10-26 05:45:00,3,1,1,0.73484474
2024-10-26 06:00:00,3,1,1,0.7180649
2024-10-26 06:15:00,3,1,1,0.45303074
2024-10-26 06:30:00,3,1,0,0.39261
2024-10-26 06:45:00,3,1,1,0.62739265
2024-10-26 07:00:00,3,1,1,0.6451855
2024-10-26 07:15:00,3,1,0,0.38394275
2024-10-26 07:30:00,3,1,0,0.21157797
2024-10-26 07:45:00,3,1,1,0.58766735
2024-10-26 08:00:00,3,0,0,0.27065718
2024-10-26 08:15:00,3,0,0,0.3010981
2024-10-26 08:30:00,3,0,0,0.08643518
2024-10-26 08:45:00,3,0,0,0.23656134
2024-10-26 09:00:00,3,0,0,0.29454958
2024-10-26 09:15:00,3,0,0,0.04976358
2024-10-26 09:30:00,3,0,0,0.03625765
2024-10-26 09:45:00,3,0,0,0.023139125
2024-10-26 10:00:00,3,0,0,0.028116452
2024-10-26 10:15:00,3,0,0,0.029366583
2024-10-26 10:30:00,3,0,0,0.014647597
2024-10-26 10:45:00,3,0,0,0.011711209
2024-10-26 11:00:00,3,0,0,0.0094671035
2024-10-26 11:15:00,3,0,0,0.013417029
2024-10-26 11:30:00,3,0,0,0.0077890204
2024-10-26 11:45:00,3,0,0,0.01834014
2024-10-26 12:00:00,3,0,0,0.007943139
2024-10-26 12:15:00,3,0,0,0.007063081
2024-10-26 12:30:00,3,0,0,0.0067277444
2024-10-26 12:45:00,3,0,0,0.0073593995
2024-10-26 13:00:00,3,0,0,0.006560128
2024-10-26 13:15:00,3,0,0,0.0065500024
2024-10-26 13:30:00,3,0,0,0.005304274
2024-10-26 13:45:00,3,0,0,0.005063034
2024-10-26 14:00:00,3,0,0,0.007034621
2024-10-26 14:15:00,3,0,0,0.0044450047
2024-10-26 14:30:00,3,0,0,0.00491272
2024-10-26 14:45:00,3,0,0,0.0048007625
2024-10-26 15:00:00,3,0,0,0.004295252
2024-10-26 15:15:00,3,0,0,0.0052831806
2024-10-26 15:30:00,3,0,0,0.00502916
2024-10-26 15:45:00,3,0,0,0.011977109
2024-10-26 16:00:00,3,0,0,0.016772896
2024-10-26 16:15:00,3,0,0,0.017147562
2024-10-26 16:30:00,3,0,0,0.012496352
2024-10-26 16:45:00,3,0,0,0.018206345
2024-10-26 17:00:00,3,0,0,0.023095129
2024-10-26 17:15:00,3,0,0,0.01677941
2024-10-26 17:30:00,3,0,0,0.01282466
2024-10-26 17:45:00,3,0,0,0.019392591
2024-10-26 18:00:00,3,0,0,0.04921932
2024-10-26 18:15:00,3,0,0,0.037630208
2024-10-26 18:30:00,3,0,0,0.018168967
2024-10-26 18:45:00,3,0,0,0.046291422
2024-10-26 19:00:00,3,0,0,0.020722825
2024-10-26 19:15:00,3,0,0,0.033093378
2024-10-26 19:30:00,3,0,0,0.016836807
2024-10-26 19:45:00,3,0,0,0.018337088
2024-10-26 20:00:00,3,0,0,0.012778567
2024-10-26 20:15:00,3,0,0,0.01564051
2024-10-26 20:30:00,3,0,0,0.015612427
2024-10-26 20:45:00,3,0,0,0.013872997
2024-10-26 21:00:00,3,0,0,0.018521624
2024-10-26 21:15:00,3,0,0,0.01263746
2024-10-26 21:30:00,3,0,0,0.009380935
2024-10-26 21:45:00,3,0,0,0.015325724
2024-10-26 22:00:00,3,0,0,0.009719313
2024-10-26 22:15:00,3,0,0,0.0096676815
2024-10-26 22:30:00,3,0,0,0.011057163
2024-10-26 22:45:00,3,0,0,0.010275615
2024-10-26 23:00:00,3,0,0,0.010236464
2024-10-26 23:15:00,3,0,0,0.01090133
2024-10-26 23:30:00,3,0,0,0.13942333
2024-10-26 23:45:00,3,0,0,0.0716113
2024-10-27 00:15:00,3,0,0,0.029310718
2024-10-27 00:30:00,3,0,0,0.09673694
2024-10-27 00:45:00,3,0,0,0.14479087
2024-10-27 01:00:00,3,0,0,0.13406461
2024-10-27 01:15:00,3,0,0,0.100451626
2024-10-27 01:30:00,3,0,0,0.13728589
2024-10-27 01:45:00,3,0,0,0.120252684
2024-10-27 02:00:00,3,0,0,0.2206149
2024-10-27 02:15:00,3,0,0,0.21302189
2024-10-27 02:30:00,3,0,0,0.16746342
2024-10-27 02:45:00,3,0,0,0.12967809
2024-10-27 03:00:00,3,0,0,0.1793565
2024-10-27 03:15:00,3,0,0,0.1536872
2024-10-27 03:30:00,3,0,0,0.09420841
2024-10-27 03:45:00,3,0,0,0.12572934
2024-10-27 04:00:00,3,0,0,0.2326671
2024-10-27 04:15:00,3,0,0,0.22080888
2024-10-27 04:30:00,3,1,1,0.56013405
2024-10-27 04:45:00,3,1,1,0.49708024
2024-10-27 05:00:00,3,0,1,0.6318317
2024-10-27 05:15:00,3,0,0,0.23886015
2024-10-27 05:30:00,3,0,0,0.32108814
2024-10-27 05:45:00,3,0,1,0.63207793
2024-10-27 06:00:00,3,1,1,0.64702463
2024-10-27 06:15:00,3,1,1,0.7172018
2024-10-27 06:30:00,3,1,0,0.31118575
2024-10-27 06:45:00,3,1,1,0.45659658
2024-10-27 07:00:00,3,0,1,0.7977033
2024-10-27 07:15:00,3,0,1,0.7584037
2024-10-27 07:30:00,3,0,1,0.5257957
2024-10-27 07:45:00,3,1,1,0.78391427
2024-10-27 08:00:00,3,0,1,0.76786655
2024-10-27 08:15:00,3,0,0,0.3057157
2024-10-27 08:30:00,3,0,0,0.41865927
2024-10-27 08:45:00,3,0,0,0.43183947
2024-10-27 09:00:00,3,0,0,0.36592457
2024-10-27 09:15:00,3,0,1,0.37129945
2024-10-27 09:30:00,3,0,0,0.088408366
2024-10-27 09:45:00,3,0,0,0.06684949
2024-10-27 10:00:00,3,0,0,0.042311743
2024-10-27 10:15:00,3,0,0,0.062811464
2024-10-27 10:30:00,3,0,0,0.02818798
2024-10-27 10:45:00,3,0,0,0.026179606
2024-10-27 11:00:00,3,0,0,0.08122314
2024-10-27 11:15:00,3,0,0,0.03832036
2024-10-27 11:30:00,3,0,0,0.016253276
2024-10-27 11:45:00,3,0,0,0.034825433
2024-10-27 12:00:00,3,0,0,0.011388502
2024-10-27 12:15:00,3,0,0,0.009643592
2024-10-27 12:30:00,3,0,0,0.010027214
2024-10-27 12:45:00,3,0,0,0.007126909
2024-10-27 13:00:00,3,0,0,0.0070041693
2024-10-27 13:15:00,3,0,0,0.005696625
2024-10-27 13:30:00,3,0,0,0.0056312913
2024-10-27 13:45:00,3,0,0,0.0054434338
2024-10-27 14:00:00,3,0,0,0.0063154222
2024-10-27 14:15:00,3,0,0,0.00602947
2024-10-27 14:30:00,3,0,0,0.0056438865
2024-10-27 14:45:00,3,0,0,0.0060376474
2024-10-27 15:00:00,3,0,0,0.0066195186
2024-10-27 15:15:00,3,0,0,0.006313861
2024-10-27 15:30:00,3,0,0,0.005526376
2024-10-27 15:45:00,3,0,0,0.004463025
2024-10-27 16:00:00,3,0,0,0.0066810236
2024-10-27 16:15:00,3,0,0,0.0126966685
2024-10-27 16:30:00,3,0,0,0.010609807
2024-10-27 16:45:00,3,0,0,0.029043581
2024-10-27 17:00:00,3,0,0,0.018401815
2024-10-27 17:15:00,3,0,0,0.010178729
2024-10-27 17:30:00,3,0,0,0.01189847
2024-10-27 17:45:00,3,0,0,0.011640322
2024-10-27 18:00:00,3,0,0,0.0354206
2024-10-27 18:15:00,3,0,0,0.028151216
2024-10-27 18:30:00,3,0,0,0.014916102
2024-10-27 18:45:00,3,0,0,0.011330094
2024-10-27 19:00:00,3,0,0,0.0117744515
2024-10-27 19:15:00,3,0,0,0.01241005
2024-10-27 19:30:00,3,0,0,0.012388378
2024-10-27 19:45:00,3,0,0,0.012644369
2024-10-27 20:00:00,3,0,0,0.0108314585
2024-10-27 20:15:00,3,0,0,0.010700839
2024-10-27 20:30:00,3,0,0,0.011100565
2024-10-27 20:45:00,3,0,0,0.010869553
2024-10-27 21:00:00,3,0,0,0.011367663
2024-10-27 21:15:00,3,0,0,0.01223393
2024-10-27 21:30:00,3,0,0,0.011731876
2024-10-27 21:45:00,3,0,0,0.012022558
2024-10-27 22:00:00,3,0,0,0.010529469
2024-10-27 22:15:00,3,0,0,0.010393617
2024-10-27 22:30:00,3,0,0,0.010042672
2024-10-27 22:45:00,3,0,0,0.008943228
2024-10-27 23:00:00,3,0,0,0.00965152
2024-10-27 23:15:00,3,0,0,0.009132118
2024-10-27 23:30:00,3,0,0,0.009410953
2024-10-27 23:45:00,3,0,0,0.0089840405
2024-10-28 00:15:00,3,0,0,0.008326591
2024-10-28 00:30:00,3,0,0,0.008848512
2024-10-28 00:45:00,3,0,0,0.009188913
2024-10-28 01:00:00,3,0,0,0.008356578
2024-10-28 01:15:00,3,0,0,0.0077765915
2024-10-28 01:30:00,3,0,0,0.008058206
2024-10-28 01:45:00,3,0,0,0.0057574403
2024-10-28 02:00:00,3,0,0,0.0063104187
2024-10-28 02:15:00,3,0,0,0.0058965823
2024-10-28 02:30:00,3,0,0,0.006585019
2024-10-28 02:45:00,3,0,0,0.007847895
2024-10-28 03:00:00,3,0,0,0.006023815
2024-10-28 03:15:00,3,0,0,0.0060490384
2024-10-28 03:30:00,3,0,0,0.007892493
2024-10-28 03:45:00,3,0,0,0.008442364
2024-10-28 04:00:00,3,0,0,0.010334372
2024-10-28 04:15:00,3,0,0,0.012079419
2024-10-28 04:30:00,3,0,0,0.007961309
2024-10-28 04:45:00,3,0,0,0.007140829
2024-10-28 05:00:00,3,0,0,0.00875201
2024-10-28 05:15:00,3,0,0,0.00779685
2024-10-28 05:30:00,3,0,0,0.0067968727
2024-10-28 05:45:00,3,0,0,0.006484987
2024-10-28 06:00:00,3,0,0,0.006763038
2024-10-28 06:15:00,3,0,0,0.007220947
2024-10-28 06:30:00,3,0,0,0.0066693425
2024-10-28 06:45:00,3,0,0,0.006574298
2024-10-28 07:00:00,3,0,0,0.0056451904
2024-10-28 07:15:00,3,0,0,0.0050626765
2024-10-28 07:30:00,3,0,0,0.0049943207
2024-10-28 07:45:00,3,0,0,0.005586763
2024-10-28 08:00:00,3,0,0,0.005088032
2024-10-28 08:15:00,3,0,0,0.00502739
2024-10-28 08:30:00,3,0,0,0.0046763937
2024-10-28 08:45:00,3,0,0,0.004952462
2024-10-28 09:00:00,3,0,0,0.004175991
2024-10-28 09:15:00,3,0,0,0.0046512326
2024-10-28 09:30:00,3,0,0,0.0049134623
2024-10-28 09:45:00,3,0,0,0.004848707
2024-10-28 10:00:00,3,0,0,0.004875607
2024-10-28 10:15:00,3,0,0,0.006189095
2024-10-28 10:30:00,3,0,0,0.0048714383
2024-10-28 10:45:00,3,0,0,0.004461785
2024-10-28 11:00:00,3,0,0,0.005251631
2024-10-28 11:15:00,3,0,0,0.0081335325
2024-10-28 11:30:00,3,0,0,0.013251344
2024-10-28 11:45:00,3,0,0,0.01109153
2024-10-28 12:00:00,3,0,0,0.012277347
2024-10-28 12:15:00,3,0,0,0.0121464785
2024-10-28 12:30:00,3,0,0,0.008882528
2024-10-28 12:45:00,3,0,0,0.008511949
2024-10-28 13:00:00,3,0,0,0.0091565
2024-10-28 13:15:00,3,0,0,0.006657093
2024-10-28 13:30:00,3,0,0,0.0068494575
2024-10-28 13:45:00,3,0,0,0.007476798
2024-10-28 14:00:00,3,0,0,0.006334005
2024-10-28 14:15:00,3,0,0,0.0159792
2024-10-28 14:30:00,3,0,0,0.040508308
2024-10-28 14:45:00,3,0,0,0.03340454
2024-10-28 15:00:00,3,0,0,0.011883908
2024-10-28 15:15:00,3,0,0,0.012017037
2024-10-28 15:30:00,3,0,0,0.01692879
2024-10-28 15:45:00,3,0,0,0.035151087
2024-10-28 16:00:00,3,0,0,0.06366538
2024-10-28 16:15:00,3,0,0,0.031042982
2024-10-28 16:30:00,3,0,0,0.031316523
2024-10-28 16:45:00,3,0,0,0.04245821
2024-10-28 17:00:00,3,1,0,0.31064716
2024-10-28 17:15:00,3,0,0,0.24969539
2024-10-28 17:30:00,3,0,0,0.23505649
2024-10-28 17:45:00,3,0,0,0.23898886
2024-10-28 18:00:00,3,0,0,0.30724123
2024-10-28 18:15:00,3,0,0,0.3225515
2024-10-28 18:30:00,3,0,1,0.4412896
2024-10-28 18:45:00,3,0,1,0.49420646
2024-10-28 19:00:00,3,0,1,0.5647527
2024-10-28 19:15:00,3,0,1,0.57055837
2024-10-28 19:30:00,3,0,1,0.53117985
2024-10-28 19:45:00,3,0,1,0.45028594
2024-10-28 20:00:00,3,0,1,0.45185107
2024-10-28 20:15:00,3,0,1,0.43931744
2024-10-28 20:30:00,3,0,1,0.6038333
2024-10-28 20:45:00,3,0,1,0.47513956
2024-10-28 21:00:00,3,0,1,0.58016557
2024-10-28 21:15:00,3,0,1,0.6277143
2024-10-28 21:30:00,3,0,1,0.6206824
2024-10-28 21:45:00,3,1,1,0.57001823
2024-10-28 22:00:00,3,1,1,0.56934077
2024-10-28 22:15:00,3,0,1,0.43556136
2024-10-28 22:30:00,3,0,1,0.4561584
2024-10-28 22:45:00,3,0,1,0.47698855
2024-10-28 23:00:00,3,1,1,0.5052751
2024-10-28 23:15:00,3,1,1,0.416584
2024-10-28 23:30:00,3,1,1,0.53236717
2024-10-28 23:45:00,3,1,1,0.63600004
2024-10-29 01:00:00,4,1,1,0.7630524
2024-10-29 01:15:00,4,0,1,0.84702885
2024-10-29 01:30:00,4,0,1,0.7214087
2024-10-29 01:45:00,4,0,1,0.7656575
2024-10-29 02:00:00,4,0,1,0.6736468
2024-10-29 02:15:00,4,0,1,0.6765131
2024-10-29 02:30:00,4,0,1,0.68384564
2024-10-29 02:45:00,4,0,1,0.75310886
2024-10-29 03:00:00,4,0,1,0.64008033
2024-10-29 03:15:00,4,1,1,0.5757053
2024-10-29 03:30:00,4,1,0,0.28962314
2024-10-29 03:45:00,4,0,1,0.5410824
2024-10-29 04:00:00,4,1,1,0.53683466
2024-10-29 04:15:00,4,1,1,0.56876177
2024-10-29 04:30:00,4,1,1,0.5050484
2024-10-29 04:45:00,4,1,1,0.4347851
2024-10-29 05:00:00,4,1,1,0.4758839
2024-10-29 05:15:00,4,1,1,0.5055962
2024-10-29 05:30:00,4,1,0,0.36726323
2024-10-29 05:45:00,4,1,1,0.35956487
2024-10-29 06:00:00,4,0,0,0.33152467
2024-10-29 06:15:00,4,0,0,0.3238235
2024-10-29 06:30:00,4,0,0,0.344428
2024-10-29 06:45:00,4,1,0,0.3967398
2024-10-29 07:00:00,4,1,0,0.31916696
2024-10-29 07:15:00,4,1,0,0.23926099
2024-10-29 07:30:00,4,0,0,0.1884685
2024-10-29 07:45:00,4,0,0,0.14091606
2024-10-29 08:00:00,4,0,0,0.055231273
2024-10-29 08:15:00,4,0,0,0.043599114
2024-10-29 08:30:00,4,0,0,0.11479457
2024-10-29 08:45:00,4,0,0,0.12966527
2024-10-29 09:00:00,4,0,0,0.03673163
2024-10-29 09:15:00,4,0,0,0.03280529
2024-10-29 09:30:00,4,0,0,0.020241242
2024-10-29 09:45:00,4,0,0,0.011022165
2024-10-29 10:00:00,4,0,0,0.0089701675
2024-10-29 10:15:00,4,0,0,0.012985597
2024-10-29 10:30:00,4,0,0,0.0054759695
2024-10-29 10:45:00,4,0,0,0.012033189
2024-10-29 11:00:00,4,0,0,0.010902936
2024-10-29 11:15:00,4,0,0,0.022871366
2024-10-29 11:30:00,4,0,0,0.015995482
2024-10-29 11:45:00,4,0,0,0.015876865
2024-10-29 12:00:00,4,0,0,0.009984338
2024-10-29 12:15:00,4,0,0,0.004561813
2024-10-29 12:30:00,4,0,0,0.00736846
2024-10-29 12:45:00,4,0,0,0.006730491
2024-10-29 13:00:00,4,0,0,0.007278856
2024-10-29 13:15:00,4,0,0,0.004102465
2024-10-29 13:30:00,4,0,0,0.0039316085
2024-10-29 13:45:00,4,0,0,0.005402179
2024-10-29 14:00:00,4,0,0,0.0056905495
2024-10-29 14:15:00,4,0,0,0.0049948627
2024-10-29 14:30:00,4,0,0,0.0043582246
2024-10-29 14:45:00,4,0,0,0.0050735455
2024-10-29 15:00:00,4,0,0,0.0050429218
2024-10-29 15:15:00,4,0,0,0.0033510996
2024-10-29 15:30:00,4,0,0,0.010252558
2024-10-29 15:45:00,4,0,0,0.01955432
2024-10-29 16:00:00,4,0,0,0.02545112
2024-10-29 16:15:00,4,0,0,0.03852205
2024-10-29 16:30:00,4,0,0,0.07318209
2024-10-29 16:45:00,4,0,0,0.0797597
2024-10-29 17:00:00,4,0,0,0.17571703
2024-10-29 17:15:00,4,0,0,0.23208524
2024-10-29 17:30:00,4,0,0,0.2836149
2024-10-29 17:45:00,4,1,0,0.25785524
2024-10-29 18:00:00,4,0,0,0.23210979
2024-10-29 18:15:00,4,0,0,0.2623551
2024-10-29 18:30:00,4,0,0,0.21972995
2024-10-29 18:45:00,4,0,0,0.089049034
2024-10-29 19:00:00,4,0,0,0.18169862
2024-10-29 19:15:00,4,0,0,0.14100918
2024-10-29 19:30:00,4,0,0,0.046478685
2024-10-29 19:45:00,4,0,0,0.06287579
2024-10-29 20:00:00,4,0,0,0.06998212
2024-10-29 20:15:00,4,0,0,0.26972643
2024-10-29 20:30:00,4,0,0,0.13890748
2024-10-29 20:45:00,4,0,0,0.18085037
2024-10-29 21:00:00,4,0,0,0.24593182
2024-10-29 21:15:00,4,0,0,0.058117528
2024-10-29 21:30:00,4,0,0,0.04550394
2024-10-29 21:45:00,4,0,0,0.040945992
2024-10-29 22:00:00,4,0,0,0.13374266
2024-10-29 22:15:00,4,0,0,0.11609304
2024-10-29 22:30:00,4,0,0,0.14593203
2024-10-29 22:45:00,4,0,0,0.23896147
2024-10-29 23:00:00,4,0,0,0.22597295
2024-10-29 23:15:00,4,0,0,0.33305064
2024-10-29 23:30:00,4,0,0,0.10620488
2024-10-29 23:45:00,4,0,0,0.051200416
2024-10-30 00:15:00,4,0,0,0.072416306
2024-10-30 00:30:00,4,0,0,0.05177059
2024-10-30 00:45:00,4,0,0,0.10757134
2024-10-30 01:00:00,4,0,0,0.18626565
2024-10-30 01:15:00,4,0,0,0.25040314
2024-10-30 01:30:00,4,0,0,0.31323004
2024-10-30 01:45:00,4,0,0,0.3206726
2024-10-30 02:00:00,4,1,0,0.440453
2024-10-30 02:15:00,4,1,1,0.5730858
2024-10-30 02:30:00,4,1,1,0.5718409
2024-10-30 02:45:00,4,0,1,0.57025874
2024-10-30 03:00:00,4,1,1,0.61647725
2024-10-30 03:15:00,4,1,1,0.4052565
2024-10-30 03:30:00,4,0,1,0.5295376
2024-10-30 03:45:00,4,0,0,0.40585518
2024-10-30 04:00:00,4,1,1,0.48272297
2024-10-30 04:15:00,4,0,1,0.46827987
2024-10-30 04:30:00,4,0,0,0.44243094
2024-10-30 04:45:00,4,0,0,0.31465307
2024-10-30 05:00:00,4,0,0,0.31884277
2024-10-30 05:15:00,4,0,0,0.29849938
2024-10-30 05:30:00,4,0,0,0.2021912
2024-10-30 05:45:00,4,0,0,0.20131026
2024-10-30 06:00:00,4,0,0,0.14377573
2024-10-30 06:15:00,4,1,0,0.22142808
2024-10-30 06:30:00,4,1,0,0.36541948
2024-10-30 06:45:00,4,1,0,0.2626052
2024-10-30 07:00:00,4,0,0,0.1727457
2024-10-30 07:15:00,4,0,0,0.2969289
2024-10-30 07:30:00,4,0,0,0.27791175
2024-10-30 07:45:00,4,1,0,0.28103322
2024-10-30 08:00:00,4,0,0,0.1913631
2024-10-30 08:15:00,4,0,0,0.26546565
2024-10-30 08:30:00,4,1,0,0.3718331
2024-10-30 08:45:00,4,0,0,0.29586914
2024-10-30 09:00:00,4,0,0,0.072997905
2024-10-30 09:15:00,4,0,0,0.1022324
2024-10-30 09:30:00,4,0,0,0.10268051
2024-10-30 09:45:00,4,0,0,0.06256295
2024-10-30 10:00:00,4,0,0,0.057946846
2024-10-30 10:15:00,4,0,0,0.061559714
2024-10-30 10:30:00,4,0,0,0.060613837
2024-10-30 10:45:00,4,0,0,0.061884306
2024-10-30 11:00:00,4,0,0,0.031835414
2024-10-30 11:15:00,4,0,0,0.060962684
2024-10-30 11:30:00,4,0,0,0.044036828
2024-10-30 11:45:00,4,0,0,0.056436207
2024-10-30 12:00:00,4,0,0,0.06855346
2024-10-30 12:15:00,4,0,0,0.048872627
2024-10-30 12:30:00,4,0,0,0.027974583
2024-10-30 12:45:00,4,0,0,0.008666962
2024-10-30 13:00:00,4,0,0,0.04633642
2024-10-30 13:15:00,4,0,0,0.01728986
2024-10-30 13:30:00,4,0,0,0.005767525
2024-10-30 13:45:00,4,0,0,0.0171328
2024-10-30 14:00:00,4,0,0,0.06436765
2024-10-30 14:15:00,4,0,0,0.06431287
2024-10-30 14:30:00,4,0,0,0.012701507
2024-10-30 14:45:00,4,0,0,0.017112695
2024-10-30 15:00:00,4,0,0,0.040278036
2024-10-30 15:15:00,4,0,0,0.038113948
2024-10-30 15:30:00,4,0,0,0.0218907
2024-10-30 15:45:00,4,0,0,0.05699157
2024-10-30 16:00:00,4,0,0,0.33552474
2024-10-30 16:15:00,4,0,0,0.35182178
2024-10-30 16:30:00,4,0,1,0.3764477
2024-10-30 16:45:00,4,0,0,0.28644022
2024-10-30 17:00:00,4,0,1,0.64123285
2024-10-30 17:15:00,4,0,0,0.09147579
2024-10-30 17:30:00,4,0,1,0.5195848
2024-10-30 17:45:00,4,0,0,0.31057274
2024-10-30 18:00:00,4,0,1,0.41441166
2024-10-30 18:15:00,4,0,0,0.40116712
2024-10-30 18:30:00,4,0,0,0.13690105
2024-10-30 18:45:00,4,0,0,0.2653482
2024-10-30 19:00:00,4,0,1,0.5708779
2024-10-30 19:15:00,4,0,1,0.49759087
2024-10-30 19:30:00,4,0,0,0.18418178
2024-10-30 19:45:00,4,0,0,0.04267843
2024-10-30 20:00:00,4,0,0,0.044864446
2024-10-30 20:15:00,4,0,0,0.056498613
2024-10-30 20:30:00,4,0,0,0.12761052
2024-10-30 20:45:00,4,0,0,0.22376738
2024-10-30 21:00:00,4,0,0,0.022995146
2024-10-30 21:15:00,4,0,0,0.038061164
2024-10-30 21:30:00,4,0,0,0.008716089
2024-10-30 21:45:00,4,0,0,0.016886376
2024-10-30 22:00:00,4,0,0,0.004412067
2024-10-30 22:15:00,4,0,0,0.00520379
2024-10-30 22:30:00,4,0,0,0.004595374
2024-10-30 22:45:00,4,0,0,0.007508383
2024-10-30 23:00:00,4,0,0,0.005291113
2024-10-30 23:15:00,4,0,0,0.011562631
2024-10-30 23:30:00,4,0,0,0.0029434762
2024-10-30 23:45:00,4,0,0,0.0053082244
2024-10-31 00:15:00,4,0,0,0.0038876266
2024-10-31 00:30:00,4,0,1,0.4534807
2024-10-31 00:45:00,4,0,0,0.021162406
2024-10-31 01:00:00,4,0,0,0.08439119
2024-10-31 01:15:00,4,0,0,0.195871
2024-10-31 01:30:00,4,0,0,0.2303286
2024-10-31 01:45:00,4,0,0,0.3337983
2024-10-31 02:00:00,4,0,1,0.5782804
2024-10-31 02:15:00,4,0,1,0.7852149
2024-10-31 02:30:00,4,0,1,0.5719643
2024-10-31 02:45:00,4,0,1,0.51444834
2024-10-31 03:00:00,4,0,1,0.59295
2024-10-31 03:15:00,4,0,1,0.6561867
2024-10-31 03:30:00,4,0,1,0.5872287
2024-10-31 03:45:00,4,0,1,0.47775143
2024-10-31 04:00:00,4,0,1,0.44883904
2024-10-31 04:15:00,4,0,1,0.48928258
2024-10-31 04:30:00,4,0,1,0.5367325
2024-10-31 04:45:00,4,0,0,0.42282185
2024-10-31 05:00:00,4,0,0,0.32730848
2024-10-31 05:15:00,4,0,1,0.52863514
2024-10-31 05:30:00,4,0,0,0.31584945
2024-10-31 05:45:00,4,0,1,0.6502135
2024-10-31 06:00:00,4,0,1,0.3859154
2024-10-31 06:15:00,4,0,1,0.38834682
2024-10-31 06:30:00,4,0,1,0.43187034
2024-10-31 06:45:00,4,0,1,0.66314435
2024-10-31 07:00:00,4,0,1,0.5343014
2024-10-31 07:15:00,4,0,0,0.3907561
2024-10-31 07:30:00,4,0,0,0.31831664
2024-10-31 07:45:00,4,0,0,0.38360032
2024-10-31 08:00:00,4,0,0,0.15550059
2024-10-31 08:15:00,4,0,0,0.2688585
2024-10-31 08:30:00,4,0,0,0.33481506
2024-10-31 08:45:00,4,0,0,0.39214247
2024-10-31 09:00:00,4,0,0,0.05974665
2024-10-31 09:15:00,4,0,0,0.09193547
2024-10-31 09:30:00,4,0,0,0.113299236
2024-10-31 09:45:00,4,0,0,0.08968136
2024-10-31 10:00:00,4,0,0,0.055714525
2024-10-31 10:15:00,4,0,0,0.027589679
2024-10-31 10:30:00,4,0,0,0.086256646
2024-10-31 10:45:00,4,0,0,0.0025873764
2024-10-31 11:00:00,4,0,0,0.06009498
2024-10-31 11:15:00,4,0,0,0.001652903
2024-10-31 11:30:00,4,0,0,0.0077154264
2024-10-31 11:45:00,4,0,0,0.015885115
2024-10-31 12:00:00,4,0,0,0.014070452
2024-10-31 12:15:00,4,0,0,0.0142431585
2024-10-31 12:30:00,4,0,0,0.047183394
2024-10-31 12:45:00,4,0,0,0.028609417
2024-10-31 13:00:00,4,0,0,0.01696409
2024-10-31 13:15:00,4,0,0,0.061239306
2024-10-31 13:30:00,4,0,0,0.04132895
2024-10-31 13:45:00,4,0,0,0.041756205
2024-10-31 14:00:00,4,0,0,0.016923793
2024-10-31 14:15:00,4,0,0,0.029004548
2024-10-31 14:30:00,4,0,0,0.029722497
2024-10-31 14:45:00,4,0,0,0.05739024
2024-10-31 15:00:00,4,0,0,0.10705017
2024-10-31 15:15:00,4,0,0,0.07052969
2024-10-31 15:30:00,4,0,0,0.03207108
2024-10-31 15:45:00,4,0,0,0.021808349
2024-10-31 16:00:00,4,0,0,0.18485592
2024-10-31 16:15:00,4,0,0,0.2864093
2024-10-31 16:30:00,4,0,0,0.20444126
2024-10-31 16:45:00,4,0,0,0.050819505
2024-10-31 17:00:00,4,0,0,0.18915182
2024-10-31 17:15:00,4,0,0,0.05049029
2024-10-31 17:30:00,4,0,0,0.21383396
2024-10-31 17:45:00,4,0,1,0.5653746
2024-10-31 18:00:00,4,0,1,0.7999731
2024-10-31 18:15:00,4,0,1,0.7367902
2024-10-31 18:30:00,4,0,1,0.8237895
2024-10-31 18:45:00,4,0,1,0.7230458
2024-10-31 19:00:00,4,0,1,0.7017277
2024-10-31 19:15:00,4,1,1,0.79974025
2024-10-31 19:30:00,4,1,1,0.76029736
2024-10-31 19:45:00,4,1,1,0.7242972
2024-10-31 20:00:00,4,1,1,0.7005515
2024-10-31 20:15:00,4,0,1,0.65386236
2024-10-31 20:30:00,4,0,1,0.81574005
2024-10-31 20:45:00,4,1,1,0.8586509
2024-10-31 21:00:00,4,1,1,0.8765497
2024-10-31 21:15:00,4,1,1,0.59391886
2024-10-31 21:30:00,4,0,1,0.9084721
2024-10-31 21:45:00,4,0,1,0.8787396
2024-10-31 22:00:00,4,0,1,0.71259046
2024-10-31 22:15:00,4,0,0,0.031036977
2024-10-31 22:30:00,4,0,0,0.044959612
2024-10-31 22:45:00,4,0,0,0.0748475
2024-10-31 23:00:00,4,0,0,0.1580637
2024-10-31 23:15:00,4,0,0,0.24374671
2024-10-31 23:30:00,4,0,0,0.23370066
2024-10-31 23:45:00,4,0,1,0.6569213
2024-11-01 00:15:00,4,1,1,0.4747201
2024-11-01 00:30:00,4,0,1,0.46505782
2024-11-01 00:45:00,4,1,1,0.4528366
2024-11-01 01:00:00,4,0,1,0.4499374
2024-11-01 01:15:00,4,0,1,0.56148636
2024-11-01 01:30:00,4,1,1,0.45813662
2024-11-01 01:45:00,4,0,1,0.5468911
2024-11-01 02:00:00,4,1,1,0.5201722
2024-11-01 02:15:00,4,0,1,0.6789376
2024-11-01 02:30:00,4,1,1,0.5508022
2024-11-01 02:45:00,4,1,1,0.5365659
2024-11-01 03:00:00,4,1,1,0.4246548
2024-11-01 03:15:00,4,0,0,0.28820625
2024-11-01 03:30:00,4,0,1,0.38941166
2024-11-01 03:45:00,4,0,1,0.40421775
2024-11-01 04:00:00,4,0,0,0.35696042
2024-11-01 04:15:00,4,0,0,0.33473167
2024-11-01 04:30:00,4,0,0,0.24449582
2024-11-01 04:45:00,4,0,0,0.28376028
2024-11-01 05:00:00,4,0,0,0.3489737
2024-11-01 05:15:00,4,0,0,0.3089472
2024-11-01 05:30:00,4,0,0,0.2647431
2024-11-01 05:45:00,4,0,0,0.32214326
2024-11-01 06:00:00,4,0,0,0.20961455
2024-11-01 06:15:00,4,0,0,0.18422492
2024-11-01 06:30:00,4,0,0,0.17016445
2024-11-01 06:45:00,4,0,0,0.11120067
2024-11-01 07:00:00,4,0,0,0.051737767
2024-11-01 07:15:00,4,0,0,0.1329844
2024-11-01 07:30:00,4,0,0,0.07854847
2024-11-01 07:45:00,4,0,0,0.047960065
2024-11-01 08:00:00,4,0,0,0.032613803
2024-11-01 08:15:00,4,0,0,0.03442339
2024-11-01 09:30:00,4,0,0,0.010968008
2024-11-01 09:45:00,4,0,0,0.00808192
2024-11-01 10:00:00,4,0,0,0.0048550195
2024-11-01 10:15:00,4,0,0,0.003244717
2024-11-01 10:30:00,4,0,0,0.002169104
2024-11-01 10:45:00,4,0,0,0.002764777
2024-11-01 11:00:00,4,0,0,0.002887868
2024-11-01 11:15:00,4,0,0,0.0016676921
2024-11-01 11:30:00,4,0,0,0.0024600774
2024-11-01 11:45:00,4,0,0,0.0035581193
2024-11-01 12:00:00,4,0,0,0.003911985
2024-11-01 12:15:00,4,0,0,0.0025798362
2024-11-01 12:30:00,4,0,0,0.0025290255
2024-11-01 12:45:00,4,0,0,0.0032243205
2024-11-01 13:00:00,4,0,0,0.0028969138
2024-11-01 13:15:00,4,0,0,0.001975729
2024-11-01 13:30:00,4,0,0,0.0029847065
2024-11-01 13:45:00,4,0,0,0.00287393
2024-11-01 14:00:00,4,0,0,0.0033784716
2024-11-01 14:15:00,4,0,0,0.0039754217
2024-11-01 14:30:00,4,0,0,0.0076252967
2024-11-01 14:45:00,4,0,0,0.0034214442
2024-11-01 15:00:00,4,0,0,0.008534406
2024-11-01 15:15:00,4,0,0,0.009282343
2024-11-01 15:30:00,4,0,0,0.0067976923
2024-11-01 15:45:00,4,0,0,0.006891659
2024-11-01 16:00:00,4,0,0,0.009227908
2024-11-01 16:15:00,4,0,0,0.020352775
2024-11-01 16:30:00,4,0,0,0.019254154
2024-11-01 16:45:00,4,0,0,0.024513062
2024-11-01 17:00:00,4,0,0,0.03157344
2024-11-01 17:15:00,4,0,0,0.04947603
2024-11-01 17:30:00,4,0,0,0.01241385
2024-11-01 17:45:00,4,0,0,0.025808815
2024-11-01 18:00:00,4,0,0,0.014444855
2024-11-01 18:15:00,4,0,0,0.012768535
2024-11-01 18:30:00,4,0,0,0.011109856
2024-11-01 18:45:00,4,0,0,0.007945213
2024-11-01 19:00:00,4,0,0,0.012274378
2024-11-01 19:15:00,4,0,0,0.012710153
2024-11-01 19:30:00,4,0,0,0.01552734
2024-11-01 19:45:00,4,0,0,0.087378986
2024-11-01 20:00:00,4,0,0,0.14914621
2024-11-01 20:15:00,4,0,1,0.4585187
2024-11-01 20:30:00,4,0,1,0.5861069
2024-11-01 20:45:00,4,0,0,0.18175487
2024-11-01 21:00:00,4,0,1,0.715784
2024-11-01 21:15:00,4,1,1,0.6207306
2024-11-01 21:30:00,4,1,0,0.30121705
2024-11-01 21:45:00,4,1,1,0.65124524
2024-11-01 22:00:00,4,1,1,0.83143944
2024-11-01 22:15:00,4,0,1,0.83174664
2024-11-01 22:30:00,4,0,1,0.74946404
2024-11-01 22:45:00,4,1,1,0.6877685
2024-11-01 23:00:00,4,1,1,0.64338255
2024-11-01 23:15:00,4,0,1,0.76249003
2024-11-01 23:30:00,4,0,1,0.8168817
2024-11-01 23:45:00,4,0,1,0.7526582
2024-11-02 00:15:00,4,1,1,0.835537
2024-11-02 00:30:00,4,1,1,0.8097271
2024-11-02 00:45:00,4,1,1,0.76898634
2024-11-02 01:00:00,4,0,1,0.78973943
2024-11-02 01:15:00,4,0,1,0.75037897
2024-11-02 01:30:00,4,0,1,0.84097475
2024-11-02 01:45:00,4,0,1,0.79898804
2024-11-02 02:00:00,4,0,1,0.8077255
2024-11-02 02:15:00,4,0,1,0.7943124
2024-11-02 02:30:00,4,0,1,0.7873267
2024-11-02 02:45:00,4,1,1,0.6739511
2024-11-02 03:00:00,4,1,1,0.7629032
2024-11-02 03:15:00,4,0,1,0.6657933
2024-11-02 03:30:00,4,1,1,0.6339515
2024-11-02 03:45:00,4,1,1,0.586779
2024-11-02 04:00:00,4,0,0,0.30990148
2024-11-02 04:15:00,4,0,0,0.2720426
2024-11-02 04:30:00,4,0,0,0.29278165
2024-11-02 04:45:00,4,0,0,0.13859019
2024-11-02 05:00:00,4,0,0,0.0981731
2024-11-02 05:15:00,4,0,0,0.011144909
2024-11-02 05:30:00,4,0,0,0.007883304
2024-11-02 05:45:00,4,0,0,0.010057229
2024-11-02 06:00:00,4,0,0,0.004051383
2024-11-02 06:15:00,4,0,0,0.01540029
2024-11-02 06:30:00,4,0,0,0.02143777
2024-11-02 06:45:00,4,0,0,0.005965791
2024-11-02 07:00:00,4,0,0,0.0023746043
2024-11-02 07:15:00,4,0,0,0.0034272892
2024-11-02 07:30:00,4,0,0,0.0025119432
2024-11-02 07:45:00,4,0,0,0.0012626688
2024-11-02 08:00:00,4,0,0,0.0011192008
2024-11-02 08:15:00,4,0,0,0.0016840068
2024-11-02 08:30:00,4,0,0,0.0018447877
2024-11-02 08:45:00,4,0,0,0.0010841447
2024-11-02 09:00:00,4,0,0,0.0007558386
2024-11-02 09:15:00,4,0,0,0.00073634885
2024-11-02 09:30:00,4,0,0,0.00069228985
2024-11-02 09:45:00,4,0,0,0.0007225129
2024-11-02 10:00:00,4,0,0,0.000573532
2024-11-02 10:15:00,4,0,0,0.00048652437
2024-11-02 10:30:00,4,0,0,0.00055865565
2024-11-02 10:45:00,4,0,0,0.0006139704
2024-11-02 11:00:00,4,0,0,0.0007114681
2024-11-02 11:15:00,4,0,0,0.00065392384
2024-11-02 11:30:00,4,0,0,0.0010549895
2024-11-02 11:45:00,4,0,0,0.00069759146
2024-11-02 12:00:00,4,0,0,0.00073954964
2024-11-02 12:15:00,4,0,0,0.0005768227
2024-11-02 12:30:00,4,0,0,0.00060074736
2024-11-02 12:45:00,4,0,0,0.00071251724
2024-11-02 13:00:00,4,0,0,0.0005518334
2024-11-02 13:15:00,4,0,0,0.00075428287
2024-11-02 13:30:00,4,0,0,0.0005322944
2024-11-02 13:45:00,4,0,0,0.00065313076
2024-11-02 14:00:00,4,0,0,0.0009236483
2024-11-02 14:15:00,4,0,0,0.0015421383
2024-11-02 14:30:00,4,0,0,0.0013232515
2024-11-02 14:45:00,4,0,0,0.00084619713
2024-11-02 15:00:00,4,0,0,0.001860896
2024-11-02 15:15:00,4,0,0,0.0014209384
2024-11-02 15:30:00,4,0,0,0.0021506639
2024-11-02 15:45:00,4,0,0,0.0020166785
2024-11-02 16:00:00,4,0,0,0.0033807065
2024-11-02 16:15:00,4,0,0,0.007836395
2024-11-02 16:30:00,4,0,0,0.0068398565
2024-11-02 16:45:00,4,0,0,0.0040544677
2024-11-02 17:00:00,4,0,0,0.004070645
2024-11-02 17:15:00,4,0,0,0.003543704
2024-11-02 17:30:00,4,0,0,0.0034873674
2024-11-02 17:45:00,4,0,0,0.008856543
2024-11-02 18:00:00,4,0,0,0.016603729
2024-11-02 18:15:00,4,0,0,0.06134618
2024-11-02 18:30:00,4,0,0,0.044606842
2024-11-02 18:45:00,4,0,0,0.06883662
2024-11-02 19:00:00,4,0,0,0.09942854
2024-11-02 19:15:00,4,0,0,0.026047355
2024-11-02 19:30:00,4,0,0,0.0066852383
2024-11-02 19:45:00,4,0,0,0.009270483
2024-11-02 20:00:00,4,0,0,0.041837104
2024-11-02 20:15:00,4,0,0,0.04326509
2024-11-02 20:30:00,4,0,0,0.022098366
2024-11-02 20:45:00,4,0,0,0.008512094
2024-11-02 21:00:00,4,0,0,0.005524679
2024-11-02 21:15:00,4,0,0,0.026671404
2024-11-02 21:30:00,4,0,0,0.042398732
2024-11-02 21:45:00,4,0,0,0.025193943
2024-11-02 22:00:00,4,0,0,0.009235657
2024-11-02 22:15:00,4,0,0,0.01645723
2024-11-02 22:30:00,4,0,0,0.026506834
2024-11-02 22:45:00,4,0,0,0.02453999
2024-11-02 23:00:00,4,0,0,0.0042570517
2024-11-02 23:15:00,4,0,0,0.012504721
2024-11-02 23:30:00,4,0,0,0.024635706
2024-11-02 23:45:00,4,0,0,0.08785668
2024-11-03 00:15:00,4,0,0,0.0062602432
2024-11-03 00:30:00,4,0,0,0.028291333
2024-11-03 00:45:00,4,0,0,0.048143394
2024-11-03 01:00:00,4,0,0,0.021216061
2024-11-03 01:15:00,4,0,0,0.013459619
2024-11-03 01:30:00,4,0,0,0.004724576
2024-11-03 01:45:00,4,0,0,0.0017395369
2024-11-03 02:00:00,4,0,0,0.0021651248
2024-11-03 02:15:00,4,0,0,0.00180713
2024-11-03 02:30:00,4,0,0,0.0027676935
2024-11-03 02:45:00,4,0,0,0.001895114
2024-11-03 03:00:00,4,0,0,0.0027330413
2024-11-03 03:15:00,4,0,0,0.008541765
2024-11-03 03:30:00,4,0,0,0.011066756
2024-11-03 03:45:00,4,0,0,0.0024489237
2024-11-03 04:00:00,4,0,0,0.003160505
2024-11-03 04:15:00,4,0,0,0.0031196284
2024-11-03 04:30:00,4,0,0,0.0025016512
2024-11-03 04:45:00,4,0,0,0.0042358562
2024-11-03 05:00:00,4,0,0,0.0077855433
2024-11-03 05:15:00,4,0,0,0.009485548
2024-11-03 05:30:00,4,0,0,0.00919731
2024-11-03 05:45:00,4,0,0,0.02284062
2024-11-03 06:00:00,4,0,0,0.020302894
2024-11-03 06:15:00,4,0,0,0.025120057
2024-11-03 06:30:00,4,0,0,0.005055695
2024-11-03 06:45:00,4,0,0,0.0103926845
2024-11-03 07:00:00,4,0,0,0.009011762
2024-11-03 07:15:00,4,0,0,0.007984373
2024-11-03 07:30:00,4,0,0,0.004976645
2024-11-03 07:45:00,4,0,0,0.0041317022
2024-11-03 08:00:00,4,0,0,0.005618537
2024-11-03 08:15:00,4,0,0,0.006423179
2024-11-03 08:30:00,4,0,0,0.0082514705
2024-11-03 08:45:00,4,0,0,0.0043979096
2024-11-03 09:00:00,4,0,0,0.0022705307
2024-11-03 09:15:00,4,0,0,0.00382257
2024-11-03 09:30:00,4,0,0,0.0014630132
2024-11-03 09:45:00,4,0,0,0.00090350315
2024-11-03 10:00:00,4,0,0,0.0009256594
2024-11-03 10:15:00,4,0,0,0.0013721717
2024-11-03 10:30:00,4,0,0,0.0014231297
2024-11-03 10:45:00,4,0,0,0.0012356321
2024-11-03 11:00:00,4,0,0,0.0012454474
2024-11-03 11:15:00,4,0,0,0.0010982263
2024-11-03 11:30:00,4,0,0,0.001172894
2024-11-03 11:45:00,4,0,0,0.0009048635
2024-11-03 12:00:00,4,0,0,0.001304981
2024-11-03 12:15:00,4,0,0,0.0009782898
2024-11-03 12:30:00,4,0,0,0.0007983242
2024-11-03 12:45:00,4,0,0,0.00084631174
2024-11-03 13:00:00,4,0,0,0.001099856
2024-11-03 13:15:00,4,0,0,0.00086074154
2024-11-03 13:30:00,4,0,0,0.0008399448
2024-11-03 13:45:00,4,0,0,0.00063624
2024-11-03 14:00:00,4,0,0,0.00094560516
2024-11-03 14:15:00,4,0,0,0.0012019349
2024-11-03 14:30:00,4,0,0,0.0011904833
2024-11-03 14:45:00,4,0,0,0.0005926032
2024-11-03 15:00:00,4,0,0,0.0010645451
2024-11-03 15:15:00,4,0,0,0.0009347728
2024-11-03 15:30:00,4,0,0,0.00068442256
2024-11-03 15:45:00,4,0,0,0.0007209565
2024-11-03 16:00:00,4,0,0,0.0020357047
2024-11-03 16:15:00,4,0,0,0.0013279386
2024-11-03 16:30:00,4,0,0,0.0017864413
2024-11-03 16:45:00,4,0,0,0.0017149928
2024-11-03 17:00:00,4,0,0,0.0011043121
2024-11-03 17:15:00,4,0,0,0.002589849
2024-11-03 17:30:00,4,0,0,0.0015144347
2024-11-03 17:45:00,4,0,0,0.0027846347
2024-11-03 18:00:00,4,0,0,0.0034271292
2024-11-03 18:15:00,4,0,0,0.0035372435
2024-11-03 18:30:00,4,0,0,0.0032079283
2024-11-03 18:45:00,4,0,0,0.0034109075
2024-11-03 19:00:00,4,0,0,0.0057543665
2024-11-03 19:15:00,4,0,0,0.0040589804
2024-11-03 19:30:00,4,0,0,0.0039356016
2024-11-03 19:45:00,4,0,0,0.0025639127
2024-11-03 20:00:00,4,0,0,0.0039677457
2024-11-03 20:15:00,4,0,0,0.003919402
2024-11-03 20:30:00,4,0,0,0.006454506
2024-11-03 20:45:00,4,0,0,0.0039750338
2024-11-03 21:00:00,4,0,0,0.0027510955
2024-11-03 21:15:00,4,0,0,0.0018862038
2024-11-03 21:30:00,4,0,0,0.0034140283
2024-11-03 21:45:00,4,0,0,0.0039430107
2024-11-03 22:00:00,4,0,0,0.005723654
2024-11-03 22:15:00,4,0,0,0.0038533912
2024-11-03 22:30:00,4,0,0,0.004754457
2024-11-03 22:45:00,4,0,0,0.010739094
2024-11-03 23:00:00,4,0,0,0.007525549
2024-11-03 23:15:00,4,0,0,0.0037281478
2024-11-03 23:30:00,4,0,0,0.0039526187
2024-11-03 23:45:00,4,0,0,0.016100977
2024-11-04 00:15:00,4,0,0,0.009921682
2024-11-04 00:30:00,4,0,0,0.0031913577
2024-11-04 00:45:00,4,0,0,0.01251392
2024-11-04 01:00:00,4,0,0,0.016520482
2024-11-04 01:15:00,4,0,0,0.02763987
2024-11-04 01:30:00,4,0,0,0.0051486418
2024-11-04 01:45:00,4,0,0,0.025724636
2024-11-04 02:00:00,4,0,0,0.005481638
2024-11-04 02:15:00,4,0,0,0.0062954305
2024-11-04 02:30:00,4,0,0,0.0061362274
2024-11-04 02:45:00,4,0,0,0.024526224
2024-11-04 03:00:00,4,0,0,0.010720486
2024-11-04 03:15:00,4,0,0,0.008823072
2024-11-04 03:30:00,4,0,0,0.0041498817
2024-11-04 03:45:00,4,0,0,0.009507965
2024-11-04 04:00:00,4,0,0,0.0046822517
2024-11-04 04:15:00,4,0,0,0.0033039842
2024-11-04 04:30:00,4,0,0,0.021845898
2024-11-04 04:45:00,4,0,0,0.019594043
2024-11-04 05:00:00,4,0,0,0.008313443
2024-11-04 05:15:00,4,0,0,0.008833629
2024-11-04 05:30:00,4,0,0,0.0076992814
2024-11-04 05:45:00,4,0,0,0.017884903
2024-11-04 06:00:00,4,0,0,0.009774281
2024-11-04 06:15:00,4,0,0,0.013950173
2024-11-04 06:30:00,4,0,0,0.005467343
2024-11-04 06:45:00,4,0,0,0.0107945725
2024-11-04 07:00:00,4,0,0,0.0064511136
2024-11-04 07:15:00,4,0,0,0.01171556
2024-11-04 07:30:00,4,0,0,0.0065629184
2024-11-04 07:45:00,4,0,0,0.0027026727
2024-11-04 08:00:00,4,0,0,0.005001395
2024-11-04 08:15:00,4,0,0,0.0045009847
2024-11-04 08:30:00,4,0,0,0.0025225878
2024-11-04 08:45:00,4,0,0,0.0025584558
2024-11-04 09:00:00,4,0,0,0.0041843825
2024-11-04 09:15:00,4,0,0,0.0028266595
2024-11-04 09:30:00,4,0,0,0.0020537204
2024-11-04 09:45:00,4,0,0,0.0015097078
2024-11-04 10:00:00,4,0,0,0.0014035376
2024-11-04 10:15:00,4,0,0,0.0026018466
2024-11-04 10:30:00,4,0,0,0.002228523
2024-11-04 10:45:00,4,0,0,0.0016688582
2024-11-04 11:00:00,4,0,0,0.0015276705
2024-11-04 11:15:00,4,0,0,0.0012287791
2024-11-04 11:30:00,4,0,0,0.001443354
2024-11-04 11:45:00,4,0,0,0.0015005611
2024-11-04 12:00:00,4,0,0,0.0010216384
2024-11-04 12:15:00,4,0,0,0.0010079114
2024-11-04 12:30:00,4,0,0,0.0008926686
2024-11-04 12:45:00,4,0,0,0.0011574748
2024-11-04 13:00:00,4,0,0,0.00087661966
2024-11-04 13:15:00,4,0,0,0.0011303282
2024-11-04 13:30:00,4,0,0,0.0011170367
2024-11-04 13:45:00,4,0,0,0.000852447
2024-11-04 14:00:00,4,0,0,0.0012268844
2024-11-04 14:15:00,4,0,0,0.0013171658
2024-11-04 14:30:00,4,0,0,0.0018651809
2024-11-04 14:45:00,4,0,0,0.0009400119
2024-11-04 15:00:00,4,0,0,0.0015608993
2024-11-04 15:15:00,4,0,0,0.0015009108
2024-11-04 15:30:00,4,0,0,0.0025024193
2024-11-04 15:45:00,4,0,0,0.00135
2024-11-04 16:00:00,4,0,0,0.006825383
2024-11-04 16:15:00,4,0,0,0.0029436417
2024-11-04 16:30:00,4,0,0,0.0019538354
2024-11-04 16:45:00,4,0,0,0.0032003226
2024-11-04 17:00:00,4,0,0,0.004076011
2024-11-04 17:15:00,4,0,0,0.0043490673
2024-11-04 17:30:00,4,0,0,0.004055255
2024-11-04 17:45:00,4,0,0,0.002908595
2024-11-04 18:00:00,4,0,0,0.005201228
2024-11-04 18:15:00,4,0,0,0.004034577
2024-11-04 18:30:00,4,0,0,0.006020771
2024-11-04 18:45:00,4,0,0,0.005062968
2024-11-04 19:00:00,4,0,0,0.0033064042
2024-11-04 19:15:00,4,0,0,0.0032799614
2024-11-04 19:30:00,4,0,0,0.0045522535
2024-11-04 19:45:00,4,0,0,0.003801484
2024-11-04 20:00:00,4,0,0,0.0033444935
2024-11-04 20:15:00,4,0,0,0.0048130564
2024-11-04 20:30:00,4,0,0,0.004413591
2024-11-04 20:45:00,4,0,0,0.0035138212
2024-11-04 21:00:00,4,0,0,0.0048962473
2024-11-04 21:15:00,4,0,0,0.0062178033
2024-11-04 21:30:00,4,0,0,0.004990116
2024-11-04 21:45:00,4,0,0,0.0053706574
2024-11-04 22:00:00,4,0,0,0.02213235
2024-11-04 22:15:00,4,0,0,0.0062990612
2024-11-04 22:30:00,4,0,0,0.014641886
2024-11-04 22:45:00,4,0,0,0.0061028074
2024-11-04 23:00:00,4,0,0,0.005120134
2024-11-04 23:15:00,4,0,0,0.005029569
2024-11-04 23:30:00,4,0,0,0.005652274
2024-11-04 23:45:00,4,0,0,0.029358977
2024-11-05 02:00:00,5,0,0,0.019280192
2024-11-05 02:15:00,5,0,0,0.009189954
2024-11-05 02:30:00,5,0,0,0.0062966384
2024-11-05 02:45:00,5,0,0,0.017591752
2024-11-05 03:00:00,5,0,0,0.060252365
2024-11-05 03:15:00,5,0,0,0.0624422
2024-11-05 03:30:00,5,0,0,0.059701174
2024-11-05 03:45:00,5,0,0,0.058250647
2024-11-05 04:00:00,5,0,0,0.06018517
2024-11-05 04:15:00,5,0,0,0.17330126
2024-11-05 04:30:00,5,0,0,0.13776445
2024-11-05 04:45:00,5,0,0,0.14871149
2024-11-05 05:00:00,5,0,0,0.20667991
2024-11-05 05:15:00,5,0,0,0.1843021
2024-11-05 05:30:00,5,0,0,0.20488936
2024-11-05 05:45:00,5,0,0,0.19116804
2024-11-05 06:00:00,5,0,0,0.20260002
2024-11-05 06:15:00,5,0,0,0.1684751
2024-11-05 06:30:00,5,0,0,0.12832892
2024-11-05 06:45:00,5,0,0,0.21211204
2024-11-05 07:00:00,5,0,0,0.07224253
2024-11-05 07:15:00,5,0,0,0.027200045
2024-11-05 07:30:00,5,0,0,0.01844062
2024-11-05 07:45:00,5,0,0,0.010528455
2024-11-05 08:00:00,5,0,0,0.0329599
2024-11-05 08:15:00,5,0,0,0.013730551
2024-11-05 08:30:00,5,0,0,0.010195761
2024-11-05 08:45:00,5,0,0,0.0051563154
2024-11-05 09:00:00,5,0,0,0.0045220573
2024-11-05 09:15:00,5,0,0,0.0049475487
2024-11-05 09:30:00,5,0,0,0.0041823187
2024-11-05 09:45:00,5,0,0,0.004375672
2024-11-05 10:00:00,5,0,0,0.0025442862
2024-11-05 10:15:00,5,0,0,0.0024928327
2024-11-05 10:30:00,5,0,0,0.0022756872
2024-11-05 10:45:00,5,0,0,0.0034744255
2024-11-05 11:00:00,5,0,0,0.004277974
2024-11-07 17:30:00,5,0,0,0.00061907386
2024-11-07 17:45:00,5,0,0,0.00060519716
2024-11-07 18:00:00,5,0,0,0.0010495735
2024-11-07 18:15:00,5,0,0,0.00076350744
2024-11-07 18:30:00,5,0,0,0.00077124045
2024-11-07 18:45:00,5,0,0,0.0007625046
2024-11-07 19:00:00,5,0,0,0.0006849478
2024-11-07 19:15:00,5,0,0,0.00097513635
2024-11-07 19:30:00,5,0,0,0.00094135356
2024-11-07 19:45:00,5,0,0,0.00093653507
2024-11-07 20:00:00,5,0,0,0.001138589
2024-11-07 20:15:00,5,0,0,0.002195695
2024-11-07 20:30:00,5,0,0,0.002428563
2024-11-07 20:45:00,5,0,0,0.0024639403
2024-11-07 21:00:00,5,0,0,0.0013406215
2024-11-07 21:15:00,5,0,0,0.0013635418
2024-11-07 21:30:00,5,0,0,0.0011916835
2024-11-07 21:45:00,5,0,0,0.0010555908
2024-11-07 22:00:00,5,0,0,0.001233996
2024-11-07 22:15:00,5,0,0,0.0012369505
2024-11-07 22:30:00,5,0,0,0.0013478472
2024-11-07 22:45:00,5,0,0,0.0012163832
2024-11-07 23:00:00,5,0,0,0.0011882705
2024-11-07 23:15:00,5,0,0,0.0010915016
2024-11-07 23:30:00,5,0,0,0.0010861029
2024-11-07 23:45:00,5,0,0,0.0010588771
2024-11-08 00:15:00,5,0,0,0.0012912421
2024-11-08 00:30:00,5,0,0,0.0014197326
2024-11-08 00:45:00,5,0,0,0.0016331126
2024-11-08 01:00:00,5,0,0,0.0016235383
2024-11-08 01:15:00,5,0,0,0.0021599887
2024-11-08 01:30:00,5,0,0,0.0017384889
2024-11-08 01:45:00,5,0,0,0.001824496
2024-11-08 02:00:00,5,0,0,0.0022011646
2024-11-08 02:15:00,5,0,0,0.0026036985
2024-11-08 02:30:00,5,0,0,0.0021395073
2024-11-08 02:45:00,5,0,0,0.0025965187
2024-11-08 03:00:00,5,0,0,0.0030529527
2024-11-08 03:15:00,5,0,0,0.0020583912
2024-11-08 03:30:00,5,0,0,0.002668971
2024-11-08 03:45:00,5,0,0,0.0023774807
2024-11-08 04:00:00,5,0,0,0.0022310289
2024-11-08 04:15:00,5,0,0,0.0030280317
2024-11-08 04:30:00,5,0,0,0.0031805178
2024-11-08 04:45:00,5,0,0,0.0037289413
2024-11-08 05:00:00,5,0,0,0.0038718283
2024-11-08 05:15:00,5,0,0,0.0035437697
2024-11-08 05:30:00,5,0,0,0.0029295536
2024-11-08 05:45:00,5,0,0,0.0023793322
2024-11-08 06:00:00,5,0,0,0.002159369
2024-11-08 06:15:00,5,0,0,0.0022175128
2024-11-08 06:30:00,5,0,0,0.002474922
2024-11-08 06:45:00,5,0,0,0.0024393206
2024-11-08 07:00:00,5,0,0,0.0018454596
2024-11-08 07:15:00,5,0,0,0.0025184595
2024-11-08 07:30:00,5,0,0,0.0018042583
2024-11-08 07:45:00,5,0,0,0.0018193098
2024-11-08 08:00:00,5,0,0,0.0018600757
2024-11-08 08:15:00,5,0,0,0.0019677817
2024-11-08 08:30:00,5,0,0,0.0021794047
2024-11-08 08:45:00,5,0,0,0.0020927342
2024-11-08 09:00:00,5,0,0,0.001542832
2024-11-08 09:15:00,5,0,0,0.0013806423
2024-11-08 09:30:00,5,0,0,0.001305643
2024-11-08 09:45:00,5,0,0,0.0013427471
2024-11-08 10:00:00,5,0,0,0.0011248605
2024-11-08 10:15:00,5,0,0,0.0011283476
2024-11-08 10:30:00,5,0,0,0.0011166948
2024-11-08 10:45:00,5,0,0,0.0010825847
2024-11-08 11:00:00,5,0,0,0.0011524436
2024-11-08 11:15:00,5,0,0,0.0011575881
2024-11-08 11:30:00,5,0,0,0.0012039626
2024-11-08 11:45:00,5,0,0,0.0011472225
2024-11-08 12:00:00,5,0,0,0.0009951524
2024-11-08 12:15:00,5,0,0,0.0009951524
2024-11-08 12:30:00,5,0,0,0.0010303933
2024-11-08 12:45:00,5,0,0,0.0012019322
2024-11-08 13:00:00,5,0,0,0.0012086387
2024-11-08 13:15:00,5,0,0,0.0010856353
2024-11-08 13:30:00,5,0,0,0.0010799634
2024-11-08 13:45:00,5,0,0,0.00096523133
2024-11-08 14:00:00,5,0,0,0.00106043
2024-11-08 14:15:00,5,0,0,0.0010403125
2024-11-08 14:30:00,5,0,0,0.00096575904
2024-11-08 14:45:00,5,0,0,0.0010911418
2024-11-08 15:00:00,5,0,0,0.0011338401
2024-11-08 15:15:00,5,0,0,0.001390247
2024-11-08 15:30:00,5,0,0,0.002334325
2024-11-08 15:45:00,5,0,0,0.001978766
2024-11-08 16:00:00,5,0,0,0.002854136
2024-11-08 16:15:00,5,0,0,0.0047868886
2024-11-08 16:30:00,5,0,0,0.006049241
2024-11-08 16:45:00,5,0,0,0.0037000123
2024-11-08 17:00:00,5,0,0,0.005217195
2024-11-08 17:15:00,5,0,0,0.0033197117
2024-11-08 17:30:00,5,0,0,0.0037555727
2024-11-08 17:45:00,5,0,0,0.0045697545
2024-11-08 18:00:00,5,0,0,0.0035672036
2024-11-08 18:15:00,5,0,0,0.005887964
2024-11-08 18:30:00,5,0,0,0.0058259433
2024-11-08 18:45:00,5,0,0,0.007700063
2024-11-08 19:00:00,5,0,0,0.004119251
2024-11-08 19:15:00,5,0,0,0.0068428894
2024-11-08 19:30:00,5,0,0,0.00857222
2024-11-08 19:45:00,5,0,0,0.013017114
2024-11-08 20:00:00,5,0,0,0.008564352
2024-11-08 20:15:00,5,0,0,0.011851399
2024-11-08 20:30:00,5,0,0,0.013537764
2024-11-08 20:45:00,5,0,0,0.027749041
2024-11-08 21:00:00,5,0,0,0.027553365
2024-11-08 21:15:00,5,0,0,0.011593703
2024-11-08 21:30:00,5,0,0,0.009017714
2024-11-08 21:45:00,5,0,0,0.018203976
2024-11-08 22:00:00,5,0,0,0.007199195
2024-11-08 22:15:00,5,0,0,0.01653957
2024-11-08 22:30:00,5,0,0,0.013558659
2024-11-08 22:45:00,5,0,0,0.011428812
2024-11-08 23:00:00,5,0,0,0.009172407
2024-11-08 23:15:00,5,0,0,0.009847245
2024-11-08 23:30:00,5,0,0,0.010168483
2024-11-08 23:45:00,5,0,0,0.01589432
2024-11-09 00:15:00,5,0,0,0.010738507
2024-11-09 00:30:00,5,0,0,0.0115587115
2024-11-09 00:45:00,5,0,0,0.017784754
2024-11-09 01:00:00,5,0,0,0.021945802
2024-11-09 01:15:00,5,0,0,0.01818992
2024-11-09 01:30:00,5,0,0,0.27807155
2024-11-09 01:45:00,5,0,0,0.1140536
2024-11-09 02:00:00,5,0,0,0.17424224
2024-11-09 02:15:00,5,0,0,0.07989247
2024-11-09 02:30:00,5,0,0,0.019223379
2024-11-09 02:45:00,5,0,0,0.028852182
2024-11-09 03:00:00,5,0,0,0.33596587
2024-11-09 03:15:00,5,0,0,0.34610707
2024-11-09 03:30:00,5,0,0,0.038549796
2024-11-09 03:45:00,5,0,0,0.28240034
2024-11-09 04:00:00,5,0,0,0.23352554
2024-11-09 04:15:00,5,0,0,0.06133604
2024-11-09 04:30:00,5,0,1,0.7047899
2024-11-09 04:45:00,5,0,0,0.13696328
2024-11-09 05:00:00,5,0,0,0.35172933
2024-11-09 05:15:00,5,0,1,0.7358565
2024-11-09 05:30:00,5,0,1,0.4915468
2024-11-09 05:45:00,5,0,0,0.28949615
2024-11-09 06:00:00,5,0,0,0.22763608
2024-11-09 06:15:00,5,0,0,0.3235433
2024-11-09 06:30:00,5,0,1,0.74151194
2024-11-09 06:45:00,5,0,1,0.71064234
2024-11-09 07:00:00,5,0,1,0.75707185
2024-11-09 07:15:00,5,0,1,0.58881587
2024-11-09 07:30:00,5,0,1,0.5635072
2024-11-09 07:45:00,5,0,0,0.19070886
2024-11-09 08:00:00,5,0,0,0.050408226
2024-11-09 08:15:00,5,0,0,0.051777955
2024-11-09 08:30:00,5,0,0,0.11425151
2024-11-09 08:45:00,5,0,0,0.14001778
2024-11-09 09:00:00,5,0,0,0.14622417
2024-11-09 09:15:00,5,0,0,0.11890337
2024-11-09 09:30:00,5,0,0,0.03563444
2024-11-09 09:45:00,5,0,0,0.01258267
2024-11-09 10:00:00,5,0,0,0.06558465
2024-11-09 10:15:00,5,0,0,0.15166382
2024-11-09 10:30:00,5,0,0,0.121827446
2024-11-09 10:45:00,5,0,0,0.03489116
2024-11-09 11:00:00,5,0,0,0.027922602
2024-11-09 11:15:00,5,0,0,0.039596397
2024-11-09 11:30:00,5,0,0,0.15780114
2024-11-09 11:45:00,5,0,0,0.112910755
2024-11-09 12:00:00,5,0,0,0.017449815
2024-11-09 12:15:00,5,0,0,0.034081858
2024-11-09 12:30:00,5,0,0,0.024425587
2024-11-09 12:45:00,5,0,0,0.097159065
2024-11-09 13:00:00,5,0,0,0.07847617
2024-11-09 13:15:00,5,0,0,0.09637873
2024-11-09 13:30:00,5,0,0,0.012727282
2024-11-09 13:45:00,5,0,0,0.08141655
2024-11-09 14:00:00,5,0,0,0.06968316
2024-11-09 14:15:00,5,0,0,0.04500418
2024-11-09 14:30:00,5,0,0,0.08703772
2024-11-09 14:45:00,5,0,0,0.018932605
2024-11-09 15:00:00,5,0,0,0.17393735
2024-11-09 15:15:00,5,0,0,0.062420167
2024-11-09 15:30:00,5,0,0,0.065578
2024-11-09 15:45:00,5,0,0,0.049491215
2024-11-09 16:00:00,5,0,0,0.13851295
2024-11-09 16:15:00,5,0,1,0.5278835
2024-11-09 16:30:00,5,0,1,0.61752486
2024-11-09 16:45:00,5,0,0,0.20582731
2024-11-09 17:00:00,5,0,0,0.09702734
2024-11-09 17:15:00,5,0,0,0.063286066
2024-11-09 17:30:00,5,0,0,0.20783101
2024-11-09 17:45:00,5,0,0,0.07290724
2024-11-09 18:00:00,5,0,0,0.104705945
2024-11-09 18:15:00,5,0,0,0.26853374
2024-11-09 18:30:00,5,0,0,0.30154586
2024-11-09 18:45:00,5,0,1,0.3667044
2024-11-09 19:00:00,5,0,0,0.2965619
2024-11-09 19:15:00,5,0,0,0.31058496
2024-11-09 19:30:00,5,0,0,0.11873396
2024-11-09 19:45:00,5,0,1,0.473127
2024-11-09 20:00:00,5,0,1,0.5098123
2024-11-09 20:15:00,5,0,0,0.29597753
2024-11-09 20:30:00,5,0,0,0.15843989
2024-11-09 20:45:00,5,0,0,0.35627335
2024-11-09 21:00:00,5,0,0,0.40845156
2024-11-09 21:15:00,5,0,0,0.32461882
2024-11-09 21:30:00,5,0,1,0.6011865
2024-11-09 21:45:00,5,0,1,0.60121197
2024-11-09 22:00:00,5,0,0,0.18903969
2024-11-09 22:15:00,5,0,1,0.42974412
2024-11-09 22:30:00,5,0,0,0.36674777
2024-11-09 22:45:00,5,0,1,0.52660304
2024-11-09 23:00:00,5,0,0,0.27950093
2024-11-09 23:15:00,5,0,0,0.15007108
2024-11-09 23:30:00,5,0,0,0.06285557
2024-11-09 23:45:00,5,0,0,0.06952521
2024-11-10 00:15:00,5,0,0,0.08208482
2024-11-10 00:30:00,5,0,0,0.03579511
2024-11-10 00:45:00,5,0,0,0.1739283
2024-11-10 01:00:00,5,0,1,0.3989389
2024-11-10 01:15:00,5,0,0,0.21944854
2024-11-10 01:30:00,5,0,0,0.1558961
2024-11-10 01:45:00,5,0,0,0.2799451
2024-11-10 02:00:00,5,0,0,0.32032543
2024-11-10 02:15:00,5,0,0,0.34025875
2024-11-10 02:30:00,5,0,0,0.19168149
2024-11-10 02:45:00,5,0,0,0.10095706
2024-11-10 03:00:00,5,0,0,0.03134856
2024-11-10 03:15:00,5,0,0,0.024292147
2024-11-10 03:30:00,5,0,0,0.07883369
2024-11-10 03:45:00,5,0,0,0.15157318
2024-11-10 04:00:00,5,0,0,0.030198233
2024-11-10 04:15:00,5,0,0,0.061199818
2024-11-10 04:30:00,5,0,0,0.060158536
2024-11-10 04:45:00,5,0,0,0.109488994
2024-11-10 05:00:00,5,0,0,0.036843956
2024-11-10 05:15:00,5,0,0,0.010922479
2024-11-10 05:30:00,5,0,0,0.01960641
2024-11-10 05:45:00,5,0,0,0.009860932
2024-11-10 06:00:00,5,0,0,0.19712289
2024-11-10 06:15:00,5,0,0,0.23311575
2024-11-10 06:30:00,5,0,0,0.21894978
2024-11-10 06:45:00,5,0,0,0.23968168
2024-11-10 07:00:00,5,0,0,0.055086073
2024-11-10 07:15:00,5,0,0,0.13725297
2024-11-10 07:30:00,5,0,0,0.081287995
2024-11-10 07:45:00,5,0,0,0.07547374
2024-11-10 08:00:00,5,0,0,0.16810375
2024-11-10 08:15:00,5,0,0,0.09925659
2024-11-10 08:30:00,5,0,0,0.076153345
2024-11-10 08:45:00,5,0,0,0.02296947
2024-11-10 09:00:00,5,0,0,0.022059202
2024-11-10 09:15:00,5,0,0,0.02002218
2024-11-10 09:30:00,5,0,0,0.023136565
2024-11-10 09:45:00,5,0,0,0.020036506
2024-11-10 10:00:00,5,0,0,0.008288174
2024-11-10 10:15:00,5,0,0,0.007701383
2024-11-10 10:30:00,5,0,0,0.011694184
2024-11-10 10:45:00,5,0,0,0.0036435688
2024-11-10 11:00:00,5,0,0,0.0036776518
2024-11-10 11:15:00,5,0,0,0.0018003066
2024-11-10 11:30:00,5,0,0,0.001992019
2024-11-10 11:45:00,5,0,0,0.00257768
2024-11-10 12:00:00,5,0,0,0.0018082705
2024-11-10 12:15:00,5,0,0,0.0029567212
2024-11-10 12:30:00,5,0,0,0.0028208375
2024-11-10 12:45:00,5,0,0,0.002824636
2024-11-10 13:00:00,5,0,0,0.0017600759
2024-11-10 13:15:00,5,0,0,0.0016715422
2024-11-10 13:30:00,5,0,0,0.0014746457
2024-11-10 13:45:00,5,0,0,0.0014591669
2024-11-10 14:00:00,5,0,0,0.0023030574
2024-11-10 14:15:00,5,0,0,0.0048369355
2024-11-10 14:30:00,5,0,0,0.007889746
2024-11-10 14:45:00,5,0,0,0.0041949395
2024-11-10 15:00:00,5,0,0,0.0042768926
2024-11-10 15:15:00,5,0,0,0.007518754
2024-11-10 15:30:00,5,0,0,0.010883392
2024-11-10 15:45:00,5,0,0,0.0051350147
2024-11-10 16:00:00,5,0,0,0.017923882
2024-11-10 16:15:00,5,0,0,0.009268455
2024-11-10 16:30:00,5,0,0,0.015071302
2024-11-10 16:45:00,5,0,0,0.05513554
2024-11-10 17:00:00,5,0,0,0.24262458
2024-11-10 17:15:00,5,0,0,0.33231202
2024-11-10 17:30:00,5,0,0,0.22268863
2024-11-10 17:45:00,5,0,0,0.26028854
2024-11-10 18:00:00,5,1,0,0.30389348
2024-11-10 18:15:00,5,1,0,0.24403153
2024-11-10 18:30:00,5,0,0,0.19687961
2024-11-10 18:45:00,5,0,0,0.1713234
2024-11-10 19:00:00,5,0,0,0.13408299
2024-11-10 19:15:00,5,0,0,0.13288349
2024-11-10 19:30:00,5,0,0,0.11778634
2024-11-10 19:45:00,5,0,0,0.012338437
2024-11-10 20:00:00,5,0,0,0.005607147
2024-11-10 20:15:00,5,0,0,0.043742985
2024-11-10 20:30:00,5,0,0,0.12456847
2024-11-10 20:45:00,5,0,0,0.158683
2024-11-10 21:00:00,5,0,0,0.25942034
2024-11-10 21:15:00,5,0,0,0.15348765
2024-11-10 21:30:00,5,0,0,0.19730107
2024-11-10 21:45:00,5,0,0,0.38379952
2024-11-10 22:00:00,5,0,0,0.18930487
2024-11-10 22:15:00,5,0,0,0.17119819
2024-11-10 22:30:00,5,0,0,0.27940518
2024-11-10 22:45:00,5,0,0,0.3497239
2024-11-10 23:00:00,5,0,0,0.3004818
2024-11-10 23:15:00,5,0,1,0.4330856
2024-11-10 23:30:00,5,0,1,0.5275245
2024-11-10 23:45:00,5,0,0,0.42179078
2024-11-11 00:15:00,5,0,1,0.49980423
2024-11-11 00:30:00,5,0,1,0.51326203
2024-11-11 00:45:00,5,0,1,0.5381053
2024-11-11 01:00:00,5,0,1,0.5445524
2024-11-11 01:15:00,5,0,1,0.6161365
2024-11-11 01:30:00,5,0,1,0.5337605
2024-11-11 01:45:00,5,0,1,0.75013655
2024-11-11 02:00:00,5,0,1,0.6193348
2024-11-11 02:15:00,5,0,1,0.61699826
2024-11-11 02:30:00,5,0,1,0.61479264
2024-11-11 02:45:00,5,0,1,0.71329355
2024-11-11 03:00:00,5,0,1,0.7069675
2024-11-11 03:15:00,5,0,1,0.686704
2024-11-11 03:30:00,5,0,1,0.6577822
2024-11-11 03:45:00,5,0,1,0.6737377
2024-11-11 04:00:00,5,0,1,0.67658955
2024-11-11 04:15:00,5,0,1,0.6876128
2024-11-11 04:30:00,5,0,1,0.6782221
2024-11-11 04:45:00,5,0,1,0.64955425
2024-11-11 05:00:00,5,0,1,0.5795711
2024-11-11 05:15:00,5,0,1,0.62578577
2024-11-11 05:30:00,5,0,1,0.7099753
2024-11-11 05:45:00,5,0,1,0.72805184
2024-11-11 06:00:00,5,0,1,0.71493906
2024-11-11 06:15:00,5,0,1,0.6607211
2024-11-11 06:30:00,5,0,0,0.22436732
2024-11-11 06:45:00,5,0,1,0.67282677
2024-11-11 07:00:00,5,0,1,0.57709783
2024-11-11 07:15:00,5,0,1,0.56854254
2024-11-11 07:30:00,5,0,1,0.51035804
2024-11-11 07:45:00,5,0,1,0.51017874
2024-11-11 08:00:00,5,0,1,0.45666108
2024-11-11 08:15:00,5,0,1,0.44660336
2024-11-11 08:30:00,5,0,1,0.46617043
2024-11-11 08:45:00,5,0,1,0.59201634
2024-11-11 09:00:00,5,0,0,0.21216764
2024-11-11 09:15:00,5,0,0,0.21188769
2024-11-11 09:30:00,5,0,0,0.12324984
2024-11-11 09:45:00,5,0,0,0.27538794
2024-11-11 10:00:00,5,0,0,0.11206523
2024-11-11 10:15:00,5,0,0,0.092869885
2024-11-11 10:30:00,5,0,0,0.06565793
2024-11-11 10:45:00,5,0,0,0.0686277
2024-11-11 11:00:00,5,0,0,0.05503587
2024-11-11 11:15:00,5,0,0,0.043729886
2024-11-11 11:30:00,5,0,0,0.044598717
2024-11-11 11:45:00,5,0,0,0.04628627
2024-11-11 12:00:00,5,0,0,0.06460634
2024-11-11 12:15:00,5,0,0,0.023845948
2024-11-11 12:30:00,5,0,0,0.014640969
2024-11-11 12:45:00,5,0,0,0.015000904
2024-11-11 13:00:00,5,0,0,0.028518934
2024-11-11 13:15:00,5,0,0,0.009270725
2024-11-11 13:30:00,5,0,0,0.007946286
2024-11-11 13:45:00,5,0,0,0.013470094
2024-11-11 14:00:00,5,0,0,0.007914396
2024-11-11 14:15:00,5,0,0,0.008218606
2024-11-11 14:30:00,5,0,0,0.0057575116
2024-11-11 14:45:00,5,0,0,0.0057534906
2024-11-11 15:00:00,5,0,0,0.004924251
2024-11-11 15:15:00,5,0,0,0.011671723
2024-11-11 15:30:00,5,0,0,0.029426832
2024-11-11 15:45:00,5,0,0,0.18640381
2024-11-11 16:00:00,5,0,0,0.37093097
2024-11-11 16:15:00,5,0,0,0.27063906
2024-11-11 16:30:00,5,1,1,0.4887794
2024-11-11 16:45:00,5,1,0,0.3644023
2024-11-11 17:00:00,5,1,1,0.71068704
2024-11-11 17:15:00,5,0,1,0.70399487
2024-11-11 17:30:00,5,0,1,0.7995584
2024-11-11 17:45:00,5,1,1,0.77939165
2024-11-11 18:00:00,5,1,1,0.83829975
2024-11-11 18:15:00,5,1,1,0.84982216
2024-11-11 18:30:00,5,1,1,0.8375671
2024-11-11 18:45:00,5,1,1,0.83747244
2024-11-11 19:00:00,5,1,1,0.8424007
2024-11-11 19:15:00,5,1,1,0.85535973
2024-11-11 19:30:00,5,1,1,0.8613568
2024-11-11 19:45:00,5,1,1,0.86008584
2024-11-11 20:00:00,5,1,1,0.8493217
2024-11-11 20:15:00,5,1,1,0.8243734
2024-11-11 20:30:00,5,1,1,0.84777033
2024-11-11 20:45:00,5,1,1,0.85486203
2024-11-11 21:00:00,5,1,1,0.831965
2024-11-11 21:15:00,5,1,1,0.89190906
2024-11-11 21:30:00,5,1,1,0.78915316
2024-11-11 21:45:00,5,1,1,0.8422312
2024-11-11 22:00:00,5,1,1,0.83810735
2024-11-11 22:15:00,5,1,1,0.81774276
2024-11-11 22:30:00,5,1,1,0.8005267
2024-11-11 22:45:00,5,0,1,0.8262055
2024-11-11 23:00:00,5,1,1,0.792727
2024-11-11 23:15:00,5,1,1,0.82524973
2024-11-11 23:30:00,5,1,1,0.74790967
2024-11-11 23:45:00,5,1,1,0.8195719
2024-11-12 01:00:00,6,1,1,0.7892452
2024-11-12 01:15:00,6,1,1,0.82695544
2024-11-12 01:30:00,6,1,1,0.8025393
2024-11-12 01:45:00,6,1,1,0.8576527
2024-11-12 02:00:00,6,1,1,0.7123343
2024-11-12 02:15:00,6,1,1,0.81556046
2024-11-12 02:30:00,6,1,1,0.8354316
2024-11-12 02:45:00,6,1,1,0.76208776
2024-11-12 03:00:00,6,1,1,0.8481591
2024-11-12 03:15:00,6,1,1,0.8167073
2024-11-12 03:30:00,6,1,1,0.7890778
2024-11-12 03:45:00,6,1,1,0.7082069
2024-11-12 04:00:00,6,1,1,0.69494
2024-11-12 04:15:00,6,1,1,0.71005327
2024-11-12 04:30:00,6,1,1,0.72688556
2024-11-12 04:45:00,6,1,1,0.74566853
2024-11-12 05:00:00,6,1,1,0.7325843
2024-11-12 05:15:00,6,1,1,0.773655
2024-11-12 05:30:00,6,1,1,0.775814
2024-11-12 05:45:00,6,1,1,0.7056356
2024-11-12 06:00:00,6,1,1,0.62308204
2024-11-12 06:15:00,6,1,1,0.8147545
2024-11-12 06:30:00,6,1,1,0.8161695
2024-11-12 06:45:00,6,1,1,0.8048017
2024-11-12 07:00:00,6,1,1,0.7408713
2024-11-12 07:15:00,6,1,1,0.759256
2024-11-12 07:30:00,6,1,1,0.54374784
2024-11-12 07:45:00,6,0,1,0.6284142
2024-11-12 08:00:00,6,0,0,0.38012284
2024-11-12 08:15:00,6,0,1,0.6817392
2024-11-12 08:30:00,6,0,1,0.69021565
2024-11-12 08:45:00,6,0,1,0.6953303
2024-11-12 09:00:00,6,0,0,0.30799356
2024-11-12 09:15:00,6,0,0,0.30943817
2024-11-12 09:30:00,6,0,1,0.34452575
2024-11-12 09:45:00,6,0,0,0.3251664
2024-11-12 10:00:00,6,0,0,0.18545747
2024-11-12 10:15:00,6,0,0,0.15294652
2024-11-12 10:30:00,6,0,0,0.07699353
2024-11-12 10:45:00,6,0,0,0.06617098
2024-11-12 11:00:00,6,0,0,0.138908
2024-11-12 11:15:00,6,0,0,0.08522416
2024-11-12 11:30:00,6,0,0,0.060059015
2024-11-12 11:45:00,6,0,0,0.0330141
2024-11-12 12:00:00,6,0,0,0.044515766
2024-11-12 12:15:00,6,0,0,0.048678514
2024-11-12 12:30:00,6,0,0,0.025322841
2024-11-12 12:45:00,6,0,0,0.022576446
2024-11-12 13:00:00,6,0,0,0.022237653
2024-11-12 13:15:00,6,0,0,0.024049312
2024-11-12 13:30:00,6,0,0,0.029020349
2024-11-12 13:45:00,6,0,0,0.114263624
2024-11-12 14:00:00,6,0,0,0.09675153
2024-11-12 14:15:00,6,0,0,0.036109697
2024-11-12 14:30:00,6,0,0,0.036154762
2024-11-12 14:45:00,6,0,0,0.039456878
2024-11-12 15:00:00,6,0,0,0.093753755
2024-11-12 15:15:00,6,0,0,0.058403563
2024-11-12 15:30:00,6,0,0,0.05751622
2024-11-12 15:45:00,6,0,0,0.050232764
2024-11-12 16:00:00,6,0,0,0.21682735
2024-11-12 16:15:00,6,0,0,0.09099343
2024-11-12 16:30:00,6,0,1,0.443287
2024-11-12 16:45:00,6,0,1,0.4868086
2024-11-12 17:00:00,6,0,0,0.18936475
2024-11-12 17:15:00,6,0,0,0.20084698
2024-11-12 17:30:00,6,0,1,0.49492142
2024-11-12 17:45:00,6,0,1,0.43266815
2024-11-12 18:00:00,6,0,1,0.54154
2024-11-12 18:15:00,6,0,0,0.08488797
2024-11-12 18:30:00,6,0,0,0.032548722
2024-11-12 18:45:00,6,0,0,0.04841008
2024-11-12 19:00:00,6,0,1,0.5470622
2024-11-12 19:15:00,6,0,1,0.55137897
2024-11-12 19:30:00,6,0,1,0.6350025
2024-11-12 19:45:00,6,0,1,0.5510898
2024-11-12 20:00:00,6,0,1,0.60229385
2024-11-12 20:15:00,6,0,1,0.62923723
2024-11-12 20:30:00,6,0,1,0.48763266
2024-11-12 20:45:00,6,0,1,0.6011211
2024-11-12 21:00:00,6,0,1,0.4786074
2024-11-12 21:15:00,6,1,1,0.5524629
2024-11-12 21:30:00,6,0,1,0.4778365
2024-11-12 21:45:00,6,0,1,0.44962332
2024-11-12 22:00:00,6,0,0,0.22412509
2024-11-12 22:15:00,6,0,1,0.54955894
2024-11-12 22:30:00,6,0,1,0.71428186
2024-11-12 23:00:00,6,0,1,0.5893381
2024-11-12 23:15:00,6,0,1,0.64851475
2024-11-12 23:30:00,6,0,1,0.66799885
2024-11-12 23:45:00,6,1,1,0.5254577
2024-11-13 00:15:00,6,0,1,0.67081904
2024-11-13 00:30:00,6,0,1,0.6764754
2024-11-13 00:45:00,6,0,1,0.7401538
2024-11-13 01:00:00,6,1,1,0.715198
2024-11-13 01:15:00,6,1,1,0.7170809
2024-11-13 01:30:00,6,1,1,0.7392532
2024-11-13 01:45:00,6,1,1,0.7542323
2024-11-13 02:00:00,6,1,1,0.690044
2024-11-13 02:15:00,6,1,1,0.74830496
2024-11-13 02:30:00,6,1,1,0.74429524
2024-11-13 02:45:00,6,1,1,0.7849097
2024-11-13 03:00:00,6,1,1,0.79828393
2024-11-13 03:15:00,6,1,1,0.7720388
2024-11-13 03:30:00,6,1,1,0.78306973
2024-11-13 03:45:00,6,1,1,0.7995208
2024-11-13 04:00:00,6,1,1,0.7939811
2024-11-13 04:15:00,6,1,1,0.78154314
2024-11-13 04:30:00,6,1,1,0.80972683
2024-11-13 04:45:00,6,1,1,0.7590649
2024-11-13 05:00:00,6,0,1,0.72907037
2024-11-13 05:15:00,6,0,1,0.46580982
2024-11-13 05:30:00,6,0,1,0.60471755
2024-11-13 05:45:00,6,0,1,0.59251446
2024-11-13 06:00:00,6,0,1,0.7361927
2024-11-13 06:15:00,6,0,1,0.83583224
2024-11-13 06:30:00,6,0,1,0.73779225
2024-11-13 06:45:00,6,0,1,0.73924375
2024-11-13 07:00:00,6,0,1,0.7121624
2024-11-13 07:15:00,6,0,1,0.8324539
2024-11-13 07:30:00,6,0,1,0.7738682
2024-11-13 07:45:00,6,0,1,0.7665434
2024-11-13 08:00:00,6,0,1,0.56966394
2024-11-13 08:15:00,6,0,1,0.718045
2024-11-13 08:30:00,6,0,1,0.7393406
2024-11-13 08:45:00,6,0,1,0.60858786
2024-11-13 09:00:00,6,0,0,0.28512627
2024-11-13 09:15:00,6,0,0,0.27630544
2024-11-13 09:30:00,6,0,0,0.33617625
2024-11-13 09:45:00,6,0,0,0.2629871
2024-11-13 10:00:00,6,0,0,0.20251635
2024-11-13 10:15:00,6,0,0,0.19866118
2024-11-13 10:30:00,6,0,0,0.17566969
2024-11-13 10:45:00,6,0,0,0.15923493
2024-11-13 11:00:00,6,0,0,0.12440512
2024-11-13 11:15:00,6,0,0,0.10155556
2024-11-13 11:30:00,6,0,0,0.10885225
2024-11-13 11:45:00,6,0,0,0.10411475
2024-11-13 12:00:00,6,0,0,0.13250759
2024-11-13 12:15:00,6,0,0,0.07154471
2024-11-13 12:30:00,6,0,0,0.062442068
2024-11-13 12:45:00,6,0,0,0.039869826
2024-11-13 13:00:00,6,0,0,0.03749768
2024-11-13 13:15:00,6,0,0,0.033361096
2024-11-13 13:30:00,6,0,0,0.042083964
2024-11-13 13:45:00,6,0,0,0.030115692
2024-11-13 14:00:00,6,0,0,0.07114826
2024-11-13 14:15:00,6,0,0,0.025265133
2024-11-13 14:30:00,6,0,0,0.018923203
2024-11-13 14:45:00,6,0,0,0.016857922
2024-11-13 15:00:00,6,0,0,0.022607833
2024-11-13 15:15:00,6,0,0,0.017565843
2024-11-13 15:30:00,6,0,0,0.021100732
2024-11-13 15:45:00,6,0,0,0.028370107
2024-11-13 16:00:00,6,0,0,0.024721257
2024-11-13 16:15:00,6,0,0,0.07532522
2024-11-13 16:30:00,6,0,0,0.40142277
2024-11-13 16:45:00,6,0,0,0.24504392
2024-11-13 17:00:00,6,0,0,0.13971171
2024-11-13 17:15:00,6,0,0,0.25330406
2024-11-13 17:30:00,6,0,0,0.34205952
2024-11-13 17:45:00,6,0,0,0.24611096
2024-11-13 18:00:00,6,0,1,0.6057736
2024-11-13 18:15:00,6,0,1,0.529809
2024-11-13 18:30:00,6,0,1,0.56989264
2024-11-13 18:45:00,6,0,1,0.6419278
2024-11-13 19:00:00,6,0,1,0.38839036
2024-11-13 19:15:00,6,0,0,0.3506244
2024-11-13 19:30:00,6,0,0,0.34890315
2024-11-13 19:45:00,6,0,0,0.3591899
2024-11-13 20:00:00,6,0,0,0.33920473
2024-11-13 20:15:00,6,0,0,0.28591308
2024-11-13 20:30:00,6,0,1,0.4369053
2024-11-13 20:45:00,6,0,0,0.089437775
2024-11-13 21:00:00,6,0,0,0.12507536
2024-11-13 21:15:00,6,0,0,0.32476372
2024-11-13 21:30:00,6,0,0,0.20395978
2024-11-13 21:45:00,6,0,0,0.08006732
2024-11-13 22:00:00,6,0,0,0.06479687
2024-11-13 22:15:00,6,0,0,0.12795217
2024-11-13 22:30:00,6,0,0,0.11212803
2024-11-13 22:45:00,6,0,0,0.22427699
2024-11-13 23:00:00,6,0,0,0.121900536
2024-11-13 23:15:00,6,0,0,0.10057765
2024-11-13 23:30:00,6,0,0,0.12841403
2024-11-13 23:45:00,6,0,0,0.18925883
2024-11-14 00:15:00,6,0,0,0.15540987
2024-11-14 00:30:00,6,0,0,0.16489148
2024-11-14 00:45:00,6,0,0,0.22711632
2024-11-14 01:00:00,6,0,0,0.124571286
2024-11-14 01:15:00,6,0,0,0.13141039
2024-11-14 01:30:00,6,0,0,0.13107185
2024-11-14 01:45:00,6,0,0,0.13502969
2024-11-14 02:00:00,6,0,0,0.05387788
2024-11-14 02:15:00,6,0,0,0.1074102
2024-11-14 02:30:00,6,0,0,0.055251777
2024-11-14 02:45:00,6,0,0,0.049035236
2024-11-14 03:00:00,6,0,0,0.10740622
2024-11-14 03:15:00,6,0,0,0.10077054
2024-11-14 03:30:00,6,0,0,0.1565817
2024-11-14 03:45:00,6,0,0,0.1744266
2024-11-14 04:00:00,6,0,0,0.18182173
2024-11-14 04:15:00,6,0,0,0.1980105
2024-11-14 04:30:00,6,0,0,0.15672053
2024-11-14 04:45:00,6,0,0,0.108107775
2024-11-14 05:00:00,6,0,0,0.10978403
2024-11-14 05:15:00,6,0,0,0.17294583
2024-11-14 05:30:00,6,0,0,0.2605692
2024-11-14 05:45:00,6,0,0,0.16400804
2024-11-14 06:00:00,6,0,0,0.2441535
2024-11-14 06:15:00,6,0,0,0.19489025
2024-11-14 06:30:00,6,0,0,0.1921705
2024-11-14 06:45:00,6,0,0,0.3607252
2024-11-14 07:00:00,6,0,0,0.016956042
2024-11-14 07:15:00,6,0,0,0.0951005
2024-11-14 07:30:00,6,0,0,0.009105767
2024-11-14 07:45:00,6,0,0,0.009393129
2024-11-14 08:00:00,6,0,0,0.032828983
2024-11-14 08:15:00,6,0,0,0.035975005
2024-11-14 08:30:00,6,0,0,0.16462244
2024-11-14 08:45:00,6,0,0,0.18835327
2024-11-14 09:00:00,6,0,0,0.05990046
2024-11-14 09:15:00,6,0,0,0.049979
2024-11-14 09:30:00,6,0,0,0.09399282
2024-11-14 09:45:00,6,0,0,0.08989633
2024-11-14 10:00:00,6,0,0,0.12238461
2024-11-14 10:15:00,6,0,0,0.07825695
2024-11-14 10:30:00,6,0,0,0.086610906
2024-11-14 10:45:00,6,0,0,0.09820611
2024-11-14 11:00:00,6,0,0,0.026526187
2024-11-14 11:15:00,6,0,0,0.06368171
2024-11-14 11:30:00,6,0,0,0.06371334
2024-11-14 11:45:00,6,0,0,0.07584329
2024-11-14 12:00:00,6,0,0,0.07244266
2024-11-14 12:15:00,6,0,0,0.056326486
2024-11-14 12:30:00,6,0,0,0.072719865
2024-11-14 12:45:00,6,0,0,0.020152362
2024-11-14 13:00:00,6,0,0,0.017797146
2024-11-14 13:15:00,6,0,0,0.07729693
2024-11-14 13:30:00,6,0,0,0.08443188
2024-11-14 13:45:00,6,0,0,0.043542452
2024-11-14 14:00:00,6,0,0,0.033461627
2024-11-14 14:15:00,6,0,0,0.032534845
2024-11-14 14:30:00,6,0,0,0.058500674
2024-11-14 14:45:00,6,0,0,0.05292599
2024-11-14 15:00:00,6,0,0,0.12965645
2024-11-14 15:15:00,6,0,0,0.09519945
2024-11-14 15:30:00,6,0,0,0.10296164
2024-11-14 15:45:00,6,0,0,0.053368013
2024-11-14 16:00:00,6,0,0,0.26761404
2024-11-14 16:15:00,6,0,0,0.37740242
2024-11-14 16:30:00,6,0,0,0.37965533
2024-11-14 16:45:00,6,0,1,0.46327808
2024-11-14 17:00:00,6,0,1,0.5887095
2024-11-14 17:15:00,6,0,0,0.26361668
2024-11-14 17:30:00,6,1,0,0.14982118
2024-11-14 17:45:00,6,0,1,0.6340759
2024-11-14 18:00:00,6,0,1,0.7775935
2024-11-14 18:15:00,6,1,1,0.7235704
2024-11-14 18:30:00,6,1,1,0.8091266
2024-11-14 18:45:00,6,1,1,0.7775006
2024-11-14 19:00:00,6,1,1,0.7501897
2024-11-14 19:15:00,6,1,1,0.78209573
2024-11-14 19:30:00,6,1,1,0.84895927
2024-11-14 19:45:00,6,1,1,0.80427873
2024-11-14 20:00:00,6,1,1,0.8204052
2024-11-14 20:15:00,6,1,1,0.8058581
2024-11-14 20:30:00,6,1,1,0.8614752
2024-11-14 20:45:00,6,1,1,0.8456562
2024-11-14 21:00:00,6,1,1,0.85436416
2024-11-14 21:15:00,6,1,1,0.85051644
2024-11-14 21:30:00,6,1,1,0.85741556
2024-11-14 21:45:00,6,1,1,0.855696
2024-11-14 22:00:00,6,1,1,0.7968089
2024-11-14 22:15:00,6,1,1,0.84951705
2024-11-14 22:30:00,6,1,1,0.8545232
2024-11-14 22:45:00,6,1,1,0.8684165
2024-11-14 23:00:00,6,1,1,0.7790999
2024-11-14 23:15:00,6,1,1,0.7790883
2024-11-14 23:30:00,6,1,1,0.7827516
2024-11-14 23:45:00,6,1,1,0.7369804
2024-11-15 00:15:00,6,1,1,0.6516275
2024-11-15 00:30:00,6,1,1,0.7940394
2024-11-15 00:45:00,6,1,1,0.7869842
2024-11-15 01:00:00,6,1,1,0.78593767
2024-11-15 01:15:00,6,1,1,0.7782119
2024-11-15 01:30:00,6,1,1,0.8495153
2024-11-15 01:45:00,6,1,1,0.7973093
2024-11-15 02:00:00,6,1,1,0.74415654
2024-11-15 02:15:00,6,1,1,0.7646713
2024-11-15 02:30:00,6,1,1,0.7821547
2024-11-15 02:45:00,6,1,1,0.8264747
2024-11-15 03:00:00,6,1,1,0.7529061
2024-11-15 03:15:00,6,1,1,0.73596555
2024-11-15 03:30:00,6,1,1,0.74044925
2024-11-15 03:45:00,6,1,1,0.8028755
2024-11-15 04:00:00,6,1,1,0.8112712
2024-11-15 04:15:00,6,1,1,0.7911075
2024-11-15 04:30:00,6,1,1,0.7417565
2024-11-15 04:45:00,6,1,1,0.76056725
2024-11-15 05:00:00,6,1,1,0.7623435
2024-11-15 05:15:00,6,1,1,0.8512536
2024-11-15 05:30:00,6,1,1,0.82879347
2024-11-15 05:45:00,6,1,1,0.6292415
2024-11-15 06:00:00,6,1,0,0.35958517
2024-11-15 06:15:00,6,1,0,0.33263063
2024-11-15 06:30:00,6,0,0,0.11999425
2024-11-15 06:45:00,6,0,0,0.10700128
2024-11-15 07:00:00,6,0,0,0.14047344
2024-11-15 07:15:00,6,0,0,0.13276303
2024-11-15 07:30:00,6,0,0,0.08150761
2024-11-15 09:00:00,6,0,0,0.020386098
2024-11-15 09:15:00,6,0,0,0.04740739
2024-11-15 09:30:00,6,0,0,0.027153643
2024-11-15 09:45:00,6,0,0,0.012839403
2024-11-15 10:00:00,6,0,0,0.01895693
2024-11-15 10:15:00,6,0,0,0.020657944
2024-11-15 10:30:00,6,0,0,0.039148416
2024-11-15 10:45:00,6,0,0,0.035457205
2024-11-15 11:00:00,6,0,0,0.009052204
2024-11-15 11:15:00,6,0,0,0.08655487
2024-11-15 11:30:00,6,0,0,0.027006404
2024-11-15 11:45:00,6,0,0,0.058179554
2024-11-15 12:00:00,6,0,0,0.008002386
2024-11-15 12:15:00,6,0,0,0.008242272
2024-11-15 12:30:00,6,0,0,0.013637182
2024-11-15 12:45:00,6,0,0,0.060891125
2024-11-15 13:00:00,6,0,0,0.091706656
2024-11-15 13:15:00,6,0,0,0.029090045
2024-11-15 13:30:00,6,0,0,0.021269241
2024-11-15 13:45:00,6,0,0,0.020605877
2024-11-15 14:00:00,6,0,0,0.009407823
2024-11-15 14:15:00,6,0,0,0.0070851003
2024-11-15 14:30:00,6,0,0,0.0060945167
2024-11-15 14:45:00,6,0,0,0.0061823
2024-11-15 15:00:00,6,0,0,0.0053612175
2024-11-15 15:15:00,6,0,0,0.007695558
2024-11-15 15:30:00,6,0,0,0.008858368
2024-11-15 15:45:00,6,0,0,0.0077840067
2024-11-15 16:00:00,6,0,0,0.009601057
2024-11-15 16:15:00,6,0,0,0.014211509
2024-11-15 16:30:00,6,0,0,0.008704927
2024-11-15 16:45:00,6,0,0,0.005761527
2024-11-15 17:00:00,6,0,0,0.0054251626
2024-11-15 17:15:00,6,0,0,0.012348247
2024-11-15 17:30:00,6,0,0,0.024353359
2024-11-15 17:45:00,6,0,0,0.029515946
2024-11-15 18:00:00,6,0,0,0.02230499
2024-11-15 18:15:00,6,0,0,0.31097272
2024-11-15 18:30:00,6,0,0,0.15739141
2024-11-15 18:45:00,6,0,0,0.15221696
2024-11-15 19:00:00,6,0,0,0.15021685
2024-11-15 19:15:00,6,0,0,0.21415438
2024-11-15 19:30:00,6,0,0,0.08791788
2024-11-15 19:45:00,6,0,0,0.42090768
2024-11-15 20:00:00,6,0,0,0.40044492
2024-11-15 20:15:00,6,0,0,0.2112881
2024-11-15 20:30:00,6,0,0,0.0778239
2024-11-15 20:45:00,6,0,0,0.020743534
2024-11-15 21:00:00,6,0,0,0.112960555
2024-11-15 21:15:00,6,0,0,0.023794526
2024-11-15 21:30:00,6,0,0,0.028738547
2024-11-15 21:45:00,6,0,0,0.0084631415
2024-11-15 22:00:00,6,0,0,0.023272138
2024-11-15 22:15:00,6,0,0,0.020098368
2024-11-15 22:30:00,6,0,0,0.018827286
2024-11-15 22:45:00,6,0,0,0.011553247
2024-11-15 23:00:00,6,0,0,0.024347076
2024-11-15 23:15:00,6,0,0,0.021153491
2024-11-15 23:30:00,6,0,0,0.016587885
2024-11-15 23:45:00,6,0,0,0.016186044
2024-11-16 00:15:00,6,0,0,0.057225693
2024-11-16 00:30:00,6,0,0,0.035637565
2024-11-16 00:45:00,6,0,0,0.031410623
2024-11-16 01:00:00,6,0,0,0.014255421
2024-11-16 01:15:00,6,0,0,0.02318141
2024-11-16 01:30:00,6,0,0,0.015789527
2024-11-16 01:45:00,6,0,0,0.11778759
2024-11-16 02:00:00,6,0,0,0.14956719
2024-11-16 02:15:00,6,0,0,0.01694157
2024-11-16 02:30:00,6,0,0,0.16585484
2024-11-16 02:45:00,6,0,0,0.16036274
2024-11-16 03:00:00,6,0,0,0.17609893
2024-11-16 03:15:00,6,0,0,0.21563745
2024-11-16 03:30:00,6,0,0,0.09019717
2024-11-16 03:45:00,6,0,0,0.19174306
2024-11-16 04:00:00,6,0,0,0.1690661
2024-11-16 04:15:00,6,0,0,0.17577896
2024-11-16 04:30:00,6,0,0,0.0103641935
2024-11-16 04:45:00,6,0,0,0.0037956873
2024-11-16 05:00:00,6,0,0,0.005771232
2024-11-16 05:15:00,6,0,0,0.23669063
2024-11-16 05:30:00,6,0,0,0.12430223
2024-11-16 05:45:00,6,0,0,0.20475791
2024-11-16 06:00:00,6,0,0,0.18526542
2024-11-16 06:15:00,6,0,0,0.1354508
2024-11-16 06:30:00,6,0,0,0.05574411
2024-11-16 06:45:00,6,0,0,0.04969517
2024-11-16 07:00:00,6,0,0,0.07135895
2024-11-16 07:15:00,6,0,0,0.03347968
2024-11-16 07:30:00,6,0,0,0.069637984
2024-11-16 07:45:00,6,0,0,0.042591367
2024-11-16 08:00:00,6,0,0,0.027469449
2024-11-16 08:15:00,6,0,0,0.018890431
2024-11-16 08:30:00,6,0,0,0.09010977
2024-11-16 08:45:00,6,0,0,0.05378269
2024-11-16 09:00:00,6,0,0,0.01346766
2024-11-16 09:15:00,6,0,0,0.015573579
2024-11-16 09:30:00,6,0,0,0.015596986
2024-11-16 09:45:00,6,0,0,0.025621565
2024-11-16 10:00:00,6,0,0,0.026530461
2024-11-16 10:15:00,6,0,0,0.024680564
2024-11-16 10:30:00,6,0,0,0.025263458
2024-11-16 10:45:00,6,0,0,0.033794895
2024-11-16 11:00:00,6,0,0,0.005050213
2024-11-16 11:15:00,6,0,0,0.0028833228
2024-11-16 11:30:00,6,0,0,0.004888457
2024-11-16 11:45:00,6,0,0,0.007550349
2024-11-16 12:00:00,6,0,0,0.0076053794
2024-11-16 12:15:00,6,0,0,0.008667859
2024-11-16 12:30:00,6,0,0,0.013704883
2024-11-16 12:45:00,6,0,0,0.0074231816
2024-11-16 13:00:00,6,0,0,0.011860607
2024-11-16 13:15:00,6,0,0,0.017444177
2024-11-16 13:30:00,6,0,0,0.015272246
2024-11-16 13:45:00,6,0,0,0.020324841
2024-11-16 14:00:00,6,0,0,0.019973619
2024-11-16 14:15:00,6,0,0,0.023490908
2024-11-16 14:30:00,6,0,0,0.025043627
2024-11-16 14:45:00,6,0,0,0.029217953
2024-11-16 15:00:00,6,0,0,0.038088463
2024-11-16 15:15:00,6,0,0,0.020077618
2024-11-16 15:30:00,6,0,0,0.02123391
2024-11-16 15:45:00,6,0,0,0.024801685
2024-11-16 16:00:00,6,0,0,0.04190303
2024-11-16 16:15:00,6,0,0,0.078789026
2024-11-16 16:30:00,6,0,0,0.12015927
2024-11-16 16:45:00,6,0,0,0.12846464
2024-11-16 17:00:00,6,0,0,0.085882515
2024-11-16 17:15:00,6,0,0,0.0886145
2024-11-16 17:30:00,6,0,0,0.103190586
2024-11-16 17:45:00,6,0,0,0.13008589
2024-11-16 18:00:00,6,0,0,0.05682798
2024-11-16 18:15:00,6,0,0,0.051043767
2024-11-16 18:30:00,6,0,0,0.06054463
2024-11-16 18:45:00,6,0,0,0.05793461
2024-11-16 19:00:00,6,0,0,0.04822853
2024-11-16 19:15:00,6,0,0,0.04712624
2024-11-16 19:30:00,6,0,0,0.055247642
2024-11-16 19:45:00,6,0,0,0.05396116
2024-11-16 20:00:00,6,0,0,0.062989764
2024-11-16 20:15:00,6,0,0,0.06663591
2024-11-16 20:30:00,6,0,0,0.041272353
2024-11-16 20:45:00,6,0,0,0.051492326
2024-11-16 21:00:00,6,0,0,0.07167243
2024-11-16 21:15:00,6,0,0,0.06486438
2024-11-16 21:30:00,6,0,0,0.056488257
2024-11-16 21:45:00,6,0,0,0.04679238
2024-11-16 22:00:00,6,0,0,0.04258303
2024-11-16 22:15:00,6,0,0,0.028615778
2024-11-16 22:30:00,6,0,0,0.069452204
2024-11-16 22:45:00,6,0,0,0.058073074
2024-11-16 23:00:00,6,0,0,0.07221974
2024-11-16 23:15:00,6,0,0,0.0392032
2024-11-16 23:30:00,6,0,0,0.03459386
2024-11-16 23:45:00,6,0,0,0.03749557
2024-11-17 00:15:00,6,0,0,0.07982677
2024-11-17 00:30:00,6,0,0,0.05157455
2024-11-17 00:45:00,6,0,0,0.058414314
2024-11-17 01:00:00,6,0,0,0.059974834
2024-11-17 01:15:00,6,0,0,0.04218018
2024-11-17 01:30:00,6,0,0,0.08200479
2024-11-17 01:45:00,6,0,0,0.07971423
2024-11-17 02:00:00,6,0,0,0.09333372
2024-11-17 02:15:00,6,0,0,0.057989385
2024-11-17 02:30:00,6,0,0,0.07838389
2024-11-17 02:45:00,6,0,0,0.10810017
2024-11-17 04:00:00,6,0,0,0.07288974
2024-11-17 04:15:00,6,0,0,0.10793046
2024-11-17 04:30:00,6,0,0,0.06662109
2024-11-17 04:45:00,6,1,0,0.08390541
2024-11-17 05:00:00,6,0,0,0.07407777
2024-11-17 05:15:00,6,1,0,0.063512184
2024-11-17 05:30:00,6,0,0,0.08015493
2024-11-17 05:45:00,6,0,0,0.09737583
2024-11-17 06:00:00,6,0,0,0.059929494
2024-11-17 06:15:00,6,0,0,0.07452543
2024-11-17 06:30:00,6,0,0,0.061941314
2024-11-17 06:45:00,6,0,0,0.08623753
2024-11-17 07:00:00,6,0,0,0.12412107
2024-11-17 07:15:00,6,0,0,0.11269724
2024-11-17 07:30:00,6,0,0,0.04778793
2024-11-17 07:45:00,6,0,0,0.22057128
2024-11-17 08:00:00,6,1,0,0.28057435
2024-11-17 08:15:00,6,0,0,0.06849911
2024-11-17 08:30:00,6,0,0,0.1358298
2024-11-17 08:45:00,6,0,0,0.17508414
2024-11-17 09:00:00,6,0,0,0.06366849
2024-11-17 09:15:00,6,0,0,0.063419335
2024-11-17 09:30:00,6,0,0,0.06612019
2024-11-17 09:45:00,6,0,0,0.06923077
2024-11-17 10:00:00,6,0,0,0.018704409
2024-11-17 10:15:00,6,0,0,0.037682775
2024-11-17 10:30:00,6,0,0,0.027561978
2024-11-17 10:45:00,6,0,0,0.022050282
2024-11-17 11:00:00,6,0,0,0.028883606
2024-11-17 11:15:00,6,0,0,0.02521106
2024-11-17 11:30:00,6,0,0,0.027724203
2024-11-17 11:45:00,6,0,0,0.03378458
2024-11-17 12:00:00,6,0,0,0.04000244
2024-11-17 12:15:00,6,0,0,0.028404593
2024-11-17 12:30:00,6,0,0,0.0372098
2024-11-17 12:45:00,6,0,0,0.028603632
2024-11-17 13:00:00,6,0,0,0.035526946
2024-11-17 13:15:00,6,0,0,0.043327574
2024-11-17 13:30:00,6,0,0,0.043275423
2024-11-17 13:45:00,6,0,0,0.08045494
2024-11-17 14:00:00,6,0,0,0.025467267
2024-11-17 14:15:00,6,0,0,0.0120959915
2024-11-17 14:30:00,6,0,0,0.032493193
2024-11-17 14:45:00,6,0,0,0.03531417
2024-11-17 15:00:00,6,0,0,0.048668604
2024-11-17 15:15:00,6,0,0,0.05149307
2024-11-17 15:30:00,6,0,0,0.052041885
2024-11-17 15:45:00,6,0,0,0.021468183
2024-11-17 16:00:00,6,0,0,0.07347796
2024-11-17 16:15:00,6,0,0,0.019104963
2024-11-17 16:30:00,6,0,0,0.06990783
2024-11-17 16:45:00,6,0,0,0.036155768
2024-11-17 17:00:00,6,0,0,0.09319047
2024-11-17 17:15:00,6,0,0,0.09744822
2024-11-17 17:30:00,6,0,0,0.09049396
2024-11-17 17:45:00,6,0,0,0.112193525
2024-11-17 18:00:00,6,0,0,0.17184158
2024-11-17 18:15:00,6,0,0,0.18191437
2024-11-17 18:30:00,6,0,0,0.2012891
2024-11-17 18:45:00,6,0,0,0.30425316
2024-11-17 19:00:00,6,0,1,0.52921104
2024-11-17 19:15:00,6,0,1,0.5338949
2024-11-17 19:30:00,6,0,1,0.60892975
2024-11-17 19:45:00,6,0,0,0.45343265
2024-11-17 20:00:00,6,1,1,0.55602187
2024-11-17 20:15:00,6,1,1,0.66447735
2024-11-17 20:30:00,6,1,1,0.7622731
2024-11-17 20:45:00,6,1,1,0.5049616
2024-11-17 21:00:00,6,1,0,0.21499848
2024-11-17 21:15:00,6,0,0,0.20914318
2024-11-17 21:30:00,6,0,1,0.539262
2024-11-17 21:45:00,6,0,1,0.5263485
2024-11-17 22:00:00,6,0,1,0.54382294
2024-11-17 22:15:00,6,0,1,0.5267294
2024-11-17 22:30:00,6,0,1,0.71445316
2024-11-17 22:45:00,6,0,0,0.29075345
2024-11-17 23:00:00,6,0,0,0.32571688
2024-11-17 23:15:00,6,0,1,0.44350904
2024-11-17 23:30:00,6,0,1,0.5377443
2024-11-17 23:45:00,6,0,1,0.78106636
2024-11-18 00:15:00,6,0,1,0.72447795
2024-11-18 00:30:00,6,0,1,0.62450755
2024-11-18 00:45:00,6,1,1,0.6135413
2024-11-18 01:00:00,6,0,1,0.5917967
2024-11-18 01:15:00,6,0,0,0.4387363
2024-11-18 01:30:00,6,1,1,0.5560072
2024-11-18 01:45:00,6,1,1,0.5429639
2024-11-18 02:00:00,6,1,1,0.5524229
2024-11-18 02:15:00,6,0,1,0.6555116
2024-11-18 02:30:00,6,0,1,0.50330377
2024-11-18 02:45:00,6,0,0,0.3925154
2024-11-18 03:00:00,6,0,1,0.5513167
2024-11-18 03:15:00,6,0,1,0.5822581
2024-11-18 03:30:00,6,0,1,0.6968732
2024-11-18 03:45:00,6,0,1,0.5813681
2024-11-18 04:00:00,6,0,1,0.6486342
2024-11-18 04:15:00,6,0,1,0.6747556
2024-11-18 04:30:00,6,0,1,0.6468968
2024-11-18 04:45:00,6,0,1,0.65127116
2024-11-18 05:00:00,6,0,1,0.38109374
2024-11-18 05:15:00,6,0,1,0.7101601
2024-11-18 05:30:00,6,0,1,0.51230526
2024-11-18 05:45:00,6,0,1,0.48638493
2024-11-18 06:00:00,6,0,1,0.73467493
2024-11-18 06:15:00,6,0,1,0.45016563
2024-11-18 06:30:00,6,0,0,0.15324877
2024-11-18 06:45:00,6,0,1,0.5139244
2024-11-18 07:00:00,6,0,0,0.13119385
2024-11-18 07:15:00,6,0,0,0.34647405
2024-11-18 07:30:00,6,0,0,0.07610572
2024-11-18 07:45:00,6,0,0,0.11789963
2024-11-18 08:00:00,6,0,0,0.13704441
2024-11-18 08:15:00,6,0,0,0.16117722
2024-11-18 08:30:00,6,0,0,0.17507789
2024-11-18 08:45:00,6,0,0,0.08941522
2024-11-18 09:00:00,6,0,0,0.080099255
2024-11-18 09:15:00,6,0,0,0.085798636
2024-11-18 09:30:00,6,0,0,0.024091333
2024-11-18 09:45:00,6,0,0,0.019623294
2024-11-18 10:00:00,6,0,0,0.026552014
2024-11-18 10:15:00,6,0,0,0.036333904
2024-11-18 10:30:00,6,0,0,0.11103767
2024-11-18 10:45:00,6,0,0,0.13500252
2024-11-18 11:00:00,6,0,0,0.07704092
2024-11-18 11:15:00,6,0,0,0.08351463
2024-11-18 11:30:00,6,0,0,0.08634596
2024-11-18 11:45:00,6,0,0,0.017019853
2024-11-18 12:00:00,6,0,0,0.015004118
2024-11-18 12:15:00,6,0,0,0.07782519
2024-11-18 12:30:00,6,0,0,0.068141274
2024-11-18 12:45:00,6,0,0,0.16477576
2024-11-18 13:00:00,6,0,0,0.035016082
2024-11-18 13:15:00,6,0,0,0.0477089
2024-11-18 13:30:00,6,0,0,0.14327632
2024-11-18 13:45:00,6,0,0,0.06654277
2024-11-18 14:00:00,6,0,0,0.17498833
2024-11-18 14:15:00,6,0,0,0.074488424
2024-11-18 14:30:00,6,0,0,0.1692004
2024-11-18 14:45:00,6,0,0,0.07199473
2024-11-18 15:00:00,6,0,0,0.15389162
2024-11-18 15:15:00,6,0,0,0.17204732
2024-11-18 15:30:00,6,0,0,0.345978
2024-11-18 15:45:00,6,0,0,0.18161954
2024-11-18 16:00:00,6,0,0,0.2528422
2024-11-18 16:15:00,6,0,0,0.14059636
2024-11-18 16:30:00,6,0,0,0.106038086
2024-11-18 16:45:00,6,0,0,0.05416266
2024-11-18 17:00:00,6,0,0,0.050506167
2024-11-18 17:15:00,6,0,0,0.04902188
2024-11-18 17:30:00,6,0,0,0.046692125
2024-11-18 17:45:00,6,0,0,0.06005267
2024-11-18 18:00:00,6,0,0,0.094547056
2024-11-18 18:15:00,6,0,0,0.117052615
2024-11-18 18:30:00,6,0,0,0.103134714
2024-11-18 18:45:00,6,0,0,0.071848266
2024-11-18 19:00:00,6,0,0,0.055205993
2024-11-18 19:15:00,6,0,0,0.128131
2024-11-18 19:30:00,6,0,0,0.1324487
2024-11-18 19:45:00,6,0,0,0.13989612
2024-11-18 20:00:00,6,0,0,0.15325327
2024-11-18 20:15:00,6,0,0,0.10343371
2024-11-18 20:30:00,6,0,0,0.16991922
2024-11-18 20:45:00,6,0,0,0.11616505
2024-11-18 21:00:00,6,0,0,0.1401253
2024-11-18 21:15:00,6,0,0,0.084469214
2024-11-18 21:30:00,6,0,0,0.11911828
2024-11-18 21:45:00,6,0,0,0.08396254
2024-11-18 22:00:00,6,0,0,0.1410178
2024-11-18 22:15:00,6,0,0,0.084277876
2024-11-18 22:30:00,6,0,0,0.06503557
2024-11-18 22:45:00,6,0,0,0.053895917
2024-11-18 23:00:00,6,0,0,0.047433473
2024-11-18 23:15:00,6,0,0,0.046328392
2024-11-18 23:30:00,6,0,0,0.043772757
2024-11-18 23:45:00,6,0,0,0.040880263
2024-11-19 03:15:00,7,0,0,0.037859622
2024-11-19 03:30:00,7,0,0,0.027788855
2024-11-19 03:45:00,7,0,0,0.06830448
2024-11-19 04:00:00,7,0,0,0.04018638
2024-11-19 04:15:00,7,0,0,0.037050612
2024-11-19 04:30:00,7,0,0,0.04546238
2024-11-19 04:45:00,7,0,0,0.14530717
2024-11-19 05:00:00,7,0,0,0.03476092
2024-11-19 05:15:00,7,0,0,0.03176015
2024-11-19 05:30:00,7,0,0,0.031524412
2024-11-19 05:45:00,7,0,0,0.067892924
2024-11-19 06:00:00,7,0,0,0.053652897
2024-11-19 06:15:00,7,0,0,0.063614205
2024-11-19 06:30:00,7,0,0,0.062559225
2024-11-19 06:45:00,7,0,0,0.12820144
2024-11-19 07:00:00,7,0,0,0.15752076
2024-11-19 07:15:00,7,0,0,0.099879004
2024-11-19 07:30:00,7,0,0,0.08235995
2024-11-19 07:45:00,7,0,0,0.1313911
2024-11-19 08:00:00,7,0,0,0.08714929
2024-11-19 08:15:00,7,0,0,0.09149195
2024-11-19 08:30:00,7,0,0,0.28254637
2024-11-19 08:45:00,7,0,1,0.3703656
2024-11-19 09:00:00,7,0,0,0.16640107
2024-11-19 09:15:00,7,0,0,0.09674822
2024-11-19 09:30:00,7,0,0,0.053657256
2024-11-19 09:45:00,7,0,0,0.08713496
2024-11-19 10:00:00,7,0,0,0.028194906
2024-11-19 10:15:00,7,0,0,0.024962384
2024-11-19 10:30:00,7,0,0,0.042943213
2024-11-19 10:45:00,7,0,0,0.04538538
2024-11-19 11:00:00,7,0,0,0.031148288
2024-11-19 11:15:00,7,0,0,0.04935552
2024-11-19 11:30:00,7,0,0,0.031492528
2024-11-19 11:45:00,7,0,0,0.040204905
2024-11-19 12:00:00,7,0,0,0.023179675
2024-11-19 12:15:00,7,0,0,0.010332909
2024-11-19 12:30:00,7,0,0,0.012719464
2024-11-19 12:45:00,7,0,0,0.008982643
2024-11-19 13:00:00,7,0,0,0.025940817
2024-11-19 13:15:00,7,0,0,0.028827373
2024-11-19 13:30:00,7,0,0,0.03318194
2024-11-19 13:45:00,7,0,0,0.014269683
2024-11-19 14:00:00,7,0,0,0.008500449
2024-11-19 14:15:00,7,0,0,0.016528452
2024-11-19 14:30:00,7,0,0,0.060371142
2024-11-19 14:45:00,7,0,0,0.06966166
2024-11-19 15:00:00,7,0,0,0.15294823
2024-11-19 15:15:00,7,0,0,0.1617296
2024-11-19 15:30:00,7,0,0,0.095667556
2024-11-19 15:45:00,7,0,0,0.119523644
2024-11-19 16:00:00,7,0,0,0.25548285
2024-11-19 16:15:00,7,0,0,0.12673695
2024-11-19 16:30:00,7,0,0,0.11391263
2024-11-19 16:45:00,7,0,0,0.122502685
2024-11-19 17:00:00,7,0,0,0.15669292
2024-11-19 17:15:00,7,0,0,0.14034364
2024-11-19 17:30:00,7,0,0,0.2039984
2024-11-19 17:45:00,7,0,0,0.2499169
2024-11-19 18:00:00,7,0,0,0.15444261
2024-11-19 18:15:00,7,0,0,0.20313005
2024-11-19 18:30:00,7,0,0,0.23336947
2024-11-19 18:45:00,7,0,0,0.17769763
2024-11-19 19:00:00,7,0,0,0.09636738
2024-11-19 19:15:00,7,0,0,0.16093676
2024-11-19 19:30:00,7,0,0,0.14924921
2024-11-19 19:45:00,7,0,0,0.13180657
2024-11-19 20:00:00,7,0,0,0.1492437
2024-11-19 20:15:00,7,0,0,0.1122691
2024-11-19 20:30:00,7,0,0,0.10621801
2024-11-19 20:45:00,7,0,0,0.109141365
2024-11-19 21:00:00,7,0,0,0.101593874
2024-11-19 21:15:00,7,0,0,0.107842624
2024-11-19 21:30:00,7,0,0,0.09995558
2024-11-19 21:45:00,7,0,0,0.092631325
2024-11-19 22:00:00,7,0,0,0.12363637
2024-11-19 22:15:00,7,0,0,0.06713241
2024-11-19 22:30:00,7,0,0,0.090976566
2024-11-19 22:45:00,7,0,0,0.06038322
2024-11-19 23:00:00,7,0,0,0.057176128
2024-11-19 23:15:00,7,0,0,0.08205095
2024-11-19 23:30:00,7,0,0,0.08268663
2024-11-19 23:45:00,7,0,0,0.090715766
2024-11-20 00:15:00,7,0,0,0.07825608
2024-11-20 00:30:00,7,0,0,0.09902843
2024-11-20 00:45:00,7,0,0,0.11514916
2024-11-20 01:00:00,7,0,0,0.07893667
2024-11-20 01:15:00,7,0,0,0.07727955
2024-11-20 01:30:00,7,0,0,0.07091792
2024-11-20 01:45:00,7,0,0,0.060280647
2024-11-20 02:00:00,7,0,0,0.10505711
2024-11-20 02:15:00,7,0,0,0.1091062
2024-11-20 02:30:00,7,0,0,0.09971355
2024-11-20 02:45:00,7,0,0,0.12177023
2024-11-20 03:00:00,7,0,0,0.097755164
2024-11-20 03:15:00,7,0,0,0.10652849
2024-11-20 03:30:00,7,0,0,0.08010749
2024-11-20 03:45:00,7,0,0,0.070534594
2024-11-20 04:00:00,7,0,0,0.04497865
2024-11-20 04:15:00,7,0,0,0.04608458
2024-11-20 04:30:00,7,0,0,0.04337561
2024-11-20 04:45:00,7,0,0,0.04868125
2024-11-20 05:00:00,7,0,0,0.03646265
2024-11-20 05:15:00,7,0,0,0.04749297
2024-11-20 05:30:00,7,0,0,0.037451364
2024-11-20 05:45:00,7,0,0,0.05760883
2024-11-20 06:00:00,7,0,0,0.06774226
2024-11-20 06:15:00,7,0,0,0.068552054
2024-11-20 06:30:00,7,0,0,0.06493595
2024-11-20 06:45:00,7,0,0,0.06485693
2024-11-20 07:00:00,7,0,0,0.063736975
2024-11-20 07:15:00,7,0,0,0.06323073
2024-11-20 07:30:00,7,0,0,0.0635507
2024-11-20 07:45:00,7,0,0,0.054442864
2024-11-20 08:00:00,7,0,0,0.051205497
2024-11-20 08:15:00,7,0,0,0.05193047
2024-11-20 08:30:00,7,0,0,0.057366088
2024-11-20 08:45:00,7,0,0,0.05763037
2024-11-20 09:00:00,7,0,0,0.046246078
2024-11-20 09:15:00,7,0,0,0.0462751
2024-11-20 09:30:00,7,0,0,0.037071463
2024-11-20 09:45:00,7,0,0,0.04517517
2024-11-20 10:00:00,7,0,0,0.025477821
2024-11-20 10:15:00,7,0,0,0.021225385
2024-11-20 10:30:00,7,0,0,0.021094339
2024-11-20 10:45:00,7,0,0,0.020156464
2024-11-20 11:00:00,7,0,0,0.016497882
2024-11-20 11:15:00,7,0,0,0.015218488
2024-11-20 11:30:00,7,0,0,0.035928685
2024-11-20 11:45:00,7,0,0,0.023163358
2024-11-20 12:00:00,7,0,0,0.04279685
2024-11-20 12:15:00,7,0,0,0.02732889
2024-11-20 12:30:00,7,0,0,0.04488996
2024-11-20 12:45:00,7,0,0,0.05542192
2024-11-20 13:00:00,7,0,0,0.04521008
2024-11-20 13:15:00,7,0,0,0.07869888
2024-11-20 13:30:00,7,0,0,0.05870402
2024-11-20 13:45:00,7,0,0,0.07281017
2024-11-20 14:00:00,7,0,0,0.02936849
2024-11-20 14:15:00,7,0,0,0.029696539
2024-11-20 14:30:00,7,0,0,0.041462034
2024-11-20 14:45:00,7,0,0,0.03872336
2024-11-20 15:00:00,7,0,0,0.101901166
2024-11-20 15:15:00,7,0,0,0.15717019
2024-11-20 15:30:00,7,0,0,0.08434704
2024-11-20 15:45:00,7,0,0,0.114070624
2024-11-20 16:00:00,7,0,0,0.26062578
2024-11-20 16:15:00,7,0,0,0.17470257
2024-11-20 16:30:00,7,0,0,0.27172607
2024-11-20 16:45:00,7,0,0,0.25352004
2024-11-20 17:00:00,7,0,0,0.3067049
2024-11-20 17:15:00,7,0,0,0.28096223
2024-11-20 17:30:00,7,1,0,0.28994238
2024-11-20 17:45:00,7,0,0,0.21522044
2024-11-20 18:00:00,7,0,0,0.12302554
2024-11-20 18:15:00,7,0,0,0.064874806
2024-11-20 18:30:00,7,0,0,0.0617049
2024-11-20 18:45:00,7,1,0,0.10333762
2024-11-20 19:00:00,7,1,0,0.09476902
2024-11-20 19:15:00,7,0,0,0.047164936
2024-11-20 19:30:00,7,1,0,0.048793208
2024-11-20 19:45:00,7,0,0,0.06246739
2024-11-20 20:00:00,7,0,0,0.1097422
2024-11-20 20:15:00,7,1,0,0.12230571
2024-11-20 20:30:00,7,1,0,0.020451909
2024-11-20 20:45:00,7,0,0,0.10440322
2024-11-20 21:00:00,7,1,0,0.08947018
2024-11-20 21:15:00,7,1,0,0.06989801
2024-11-20 21:30:00,7,1,0,0.18975027
2024-11-20 21:45:00,7,1,0,0.09165826
2024-11-20 22:00:00,7,1,0,0.15176862
2024-11-20 22:15:00,7,0,0,0.10755514
2024-11-20 22:30:00,7,1,0,0.10130549
2024-11-20 22:45:00,7,1,0,0.07536397
2024-11-20 23:00:00,7,1,0,0.067241
2024-11-20 23:15:00,7,0,0,0.11251481
2024-11-20 23:30:00,7,0,0,0.03482767
2024-11-20 23:45:00,7,0,0,0.38651782
2024-11-21 00:15:00,7,1,0,0.09456924
2024-11-21 00:30:00,7,1,0,0.09044205
2024-11-21 00:45:00,7,0,0,0.1029913
2024-11-21 01:00:00,7,0,0,0.10468707
2024-11-21 01:15:00,7,0,0,0.091612756
2024-11-21 01:30:00,7,0,1,0.44435215
2024-11-21 01:45:00,7,0,1,0.710727
2024-11-21 02:00:00,7,0,1,0.65651774
2024-11-21 02:15:00,7,0,0,0.36750743
2024-11-21 02:30:00,7,0,1,0.59844506
2024-11-21 02:45:00,7,1,0,0.36879018
2024-11-21 03:00:00,7,0,1,0.4937957
2024-11-21 03:15:00,7,0,1,0.6287139
2024-11-21 03:30:00,7,0,1,0.46402177
2024-11-21 03:45:00,7,0,0,0.22174963
2024-11-21 04:00:00,7,0,0,0.26352677
2024-11-21 04:15:00,7,0,0,0.12862541
2024-11-21 04:30:00,7,0,0,0.17683439
2024-11-21 04:45:00,7,0,0,0.38479152
2024-11-21 05:00:00,7,0,1,0.44848102
2024-11-21 05:15:00,7,1,1,0.44947883
2024-11-21 05:30:00,7,0,0,0.3094495
2024-11-21 05:45:00,7,1,0,0.24714454
2024-11-21 06:00:00,7,1,0,0.40795884
2024-11-21 06:15:00,7,1,1,0.44162694
2024-11-21 06:30:00,7,1,0,0.33025798
2024-11-21 06:45:00,7,1,1,0.5726254
2024-11-21 07:00:00,7,1,1,0.5292011
2024-11-21 07:15:00,7,1,1,0.6030877
2024-11-21 07:30:00,7,1,1,0.63939494
2024-11-21 07:45:00,7,1,1,0.76747394
2024-11-21 08:00:00,7,1,1,0.65433776
2024-11-21 08:15:00,7,1,1,0.6613165
2024-11-21 08:30:00,7,1,1,0.68219405
2024-11-21 08:45:00,7,1,1,0.7678685
2024-11-21 09:00:00,7,1,1,0.49604177
2024-11-21 09:15:00,7,1,1,0.5233471
2024-11-21 09:30:00,7,1,1,0.55088013
2024-11-21 09:45:00,7,1,1,0.48064253
2024-11-21 10:00:00,7,0,0,0.34685645
2024-11-21 10:15:00,7,0,0,0.21121575
2024-11-21 10:30:00,7,0,0,0.3001933
2024-11-21 10:45:00,7,0,0,0.14135633
2024-11-21 11:00:00,7,0,0,0.12731291
2024-11-21 11:15:00,7,0,0,0.061220307
2024-11-21 11:30:00,7,0,0,0.12996057
2024-11-21 11:45:00,7,0,0,0.118247285
2024-11-21 12:00:00,7,0,0,0.11566661
2024-11-21 12:15:00,7,0,0,0.095469326
2024-11-21 12:30:00,7,0,0,0.06099706
2024-11-21 12:45:00,7,0,0,0.06138319
2024-11-21 13:00:00,7,0,0,0.047244374
2024-11-21 13:15:00,7,0,0,0.05856513
2024-11-21 13:30:00,7,0,0,0.057079714
2024-11-21 13:45:00,7,0,0,0.12159651
2024-11-21 14:00:00,7,0,0,0.11859651
2024-11-21 14:15:00,7,0,0,0.100274004
2024-11-21 14:30:00,7,0,0,0.05525586
2024-11-21 14:45:00,7,0,0,0.09154261
2024-11-21 15:00:00,7,1,0,0.09957903
2024-11-21 15:15:00,7,1,0,0.09409386
2024-11-21 15:30:00,7,1,0,0.1099606
2024-11-21 15:45:00,7,1,0,0.09933257
2024-11-21 16:00:00,7,1,0,0.11032368
2024-11-21 16:15:00,7,1,0,0.08605018
2024-11-21 16:30:00,7,1,0,0.09064438
2024-11-21 16:45:00,7,1,0,0.086505845
2024-11-21 17:00:00,7,0,0,0.06475717
2024-11-21 17:15:00,7,0,0,0.046546098
2024-11-21 17:30:00,7,0,0,0.055954356
2024-11-21 17:45:00,7,0,0,0.046557486
2024-11-21 18:00:00,7,0,0,0.08316362
2024-11-21 18:15:00,7,0,0,0.06661044
2024-11-21 18:30:00,7,0,0,0.07859043
2024-11-21 18:45:00,7,0,0,0.08163502
2024-11-21 19:00:00,7,0,0,0.04180339
2024-11-21 19:15:00,7,0,0,0.039831158
2024-11-21 19:30:00,7,0,0,0.023155227
2024-11-21 19:45:00,7,0,0,0.03452991
2024-11-21 20:00:00,7,0,0,0.043425553
2024-11-21 20:15:00,7,0,0,0.14331034
2024-11-21 20:30:00,7,0,0,0.050269175
2024-11-21 20:45:00,7,0,0,0.06148489
2024-11-21 21:00:00,7,0,0,0.03783333
2024-11-21 21:15:00,7,0,0,0.035812493
2024-11-21 21:30:00,7,0,0,0.034417726
2024-11-21 21:45:00,7,0,0,0.0837783
2024-11-21 22:00:00,7,0,0,0.1012014
2024-11-21 22:15:00,7,0,0,0.02281826
2024-11-21 22:30:00,7,0,0,0.027573666
2024-11-21 22:45:00,7,0,0,0.049276087
2024-11-21 23:00:00,7,0,0,0.063602805
2024-11-21 23:15:00,7,0,0,0.07417071
2024-11-21 23:30:00,7,0,0,0.08131099
2024-11-21 23:45:00,7,0,0,0.112339064
2024-11-22 00:15:00,7,0,0,0.074010886
2024-11-22 00:30:00,7,0,0,0.059329577
2024-11-22 00:45:00,7,0,0,0.03969092
2024-11-22 01:00:00,7,0,0,0.027262887
2024-11-22 01:15:00,7,0,0,0.025140168
2024-11-22 01:30:00,7,0,0,0.02063708
2024-11-22 01:45:00,7,0,0,0.047485206
2024-11-22 02:00:00,7,0,0,0.024862448
2024-11-22 02:15:00,7,0,0,0.02177813
2024-11-22 02:30:00,7,0,0,0.023691686
2024-11-22 02:45:00,7,0,0,0.026806151
2024-11-22 03:00:00,7,0,0,0.025267338
2024-11-22 03:15:00,7,0,0,0.02419929
2024-11-22 03:30:00,7,0,0,0.025145076
2024-11-22 03:45:00,7,0,0,0.03621191
2024-11-22 04:00:00,7,0,0,0.093513265
2024-11-22 04:15:00,7,0,0,0.02726708
2024-11-22 04:30:00,7,0,0,0.025550712
2024-11-22 04:45:00,7,0,0,0.053407222
2024-11-22 05:00:00,7,0,0,0.060822327
2024-11-22 05:15:00,7,0,0,0.0295674
2024-11-22 05:30:00,7,0,0,0.03775907
2024-11-22 05:45:00,7,0,0,0.08777569
2024-11-22 06:00:00,7,0,0,0.041380476
2024-11-22 06:15:00,7,0,0,0.03527593
2024-11-22 06:30:00,7,0,0,0.038192853
2024-11-22 06:45:00,7,0,0,0.035293303
2024-11-22 07:00:00,7,0,0,0.040189125
2024-11-22 07:15:00,7,0,0,0.055241376
2024-11-22 07:30:00,7,0,0,0.112305894
2024-11-22 07:45:00,7,0,0,0.11509701
2024-11-22 08:00:00,7,0,0,0.050299324
2024-11-22 08:15:00,7,0,0,0.038754456
2024-11-22 08:30:00,7,0,0,0.073384024
2024-11-22 08:45:00,7,0,0,0.050408423
2024-11-22 09:00:00,7,0,0,0.021790389
2024-11-22 09:15:00,7,0,0,0.03100308
2024-11-22 09:30:00,7,0,0,0.022654686
2024-11-22 09:45:00,7,0,0,0.020055043
2024-11-22 10:00:00,7,0,0,0.01797668
2024-11-22 10:15:00,7,0,0,0.03200045
2024-11-22 10:30:00,7,0,0,0.031926163
2024-11-22 10:45:00,7,0,0,0.041510127
2024-11-22 11:00:00,7,0,0,0.053301644
2024-11-22 11:15:00,7,0,0,0.058871057
2024-11-22 11:30:00,7,0,0,0.036949284
2024-11-22 11:45:00,7,0,0,0.022089208
2024-11-22 12:00:00,7,0,0,0.1120867
2024-11-22 12:15:00,7,0,0,0.050452027
2024-11-22 12:30:00,7,0,0,0.08843926
2024-11-22 12:45:00,7,0,0,0.06550547
2024-11-22 13:00:00,7,0,0,0.034710117
2024-11-22 13:15:00,7,0,0,0.027813056
2024-11-22 13:30:00,7,0,0,0.039654903
2024-11-22 13:45:00,7,0,0,0.042879365
2024-11-22 14:00:00,7,0,0,0.063093625
2024-11-22 14:15:00,7,0,0,0.051605135
2024-11-22 14:30:00,7,0,0,0.030557213
2024-11-22 14:45:00,7,0,0,0.03626796
2024-11-22 15:00:00,7,0,0,0.11001452
2024-11-22 15:15:00,7,0,0,0.06314493
2024-11-22 15:30:00,7,0,0,0.05431814
2024-11-22 15:45:00,7,0,0,0.06800461
2024-11-22 16:00:00,7,0,0,0.3498142
2024-11-22 16:15:00,7,0,0,0.2643134
2024-11-22 16:30:00,7,0,1,0.41883135
2024-11-22 16:45:00,7,0,0,0.27864498
2024-11-22 17:00:00,7,0,1,0.3978362
2024-11-22 17:15:00,7,0,1,0.48721224
2024-11-22 17:30:00,7,0,0,0.40592667
2024-11-22 17:45:00,7,0,0,0.33447844
2024-11-22 18:00:00,7,0,1,0.4611902
2024-11-22 18:15:00,7,0,0,0.45038867
2024-11-22 18:30:00,7,0,0,0.22423695
2024-11-22 18:45:00,7,0,0,0.2478667
2024-11-22 19:00:00,7,0,1,0.5698485
2024-11-22 19:15:00,7,0,1,0.5031156
2024-11-22 19:30:00,7,0,0,0.26481712
2024-11-22 19:45:00,7,0,0,0.29615316
2024-11-22 20:00:00,7,0,0,0.21510857
2024-11-22 20:15:00,7,0,0,0.1874886
2024-11-22 20:30:00,7,0,0,0.037707653
2024-11-22 20:45:00,7,0,0,0.055733114
2024-11-22 21:00:00,7,0,0,0.06769331
2024-11-22 21:15:00,7,0,1,0.6751147
2024-11-22 21:30:00,7,0,1,0.5507002
2024-11-22 21:45:00,7,0,1,0.3834831
2024-11-22 22:00:00,7,0,1,0.6739458
2024-11-22 22:15:00,7,0,1,0.7067697
2024-11-22 22:30:00,7,0,1,0.6755829
2024-11-22 22:45:00,7,0,1,0.6492571
2024-11-22 23:00:00,7,0,1,0.70586723
2024-11-22 23:15:00,7,0,0,0.120217666
2024-11-22 23:30:00,7,0,0,0.16590849
2024-11-22 23:45:00,7,0,0,0.2088963
2024-11-23 00:15:00,7,0,0,0.05954726
2024-11-23 00:30:00,7,0,0,0.07140674
2024-11-23 00:45:00,7,0,0,0.26132718
2024-11-23 01:00:00,7,0,0,0.32861334
2024-11-23 01:15:00,7,0,0,0.15888233
2024-11-23 01:30:00,7,0,0,0.21845299
2024-11-23 01:45:00,7,0,0,0.23653622
2024-11-23 02:00:00,7,0,1,0.4373809
2024-11-23 02:15:00,7,0,1,0.4171381
2024-11-23 02:30:00,7,0,0,0.17065349
2024-11-23 02:45:00,7,0,1,0.5224546
2024-11-23 03:00:00,7,0,1,0.5105319
2024-11-23 03:15:00,7,0,0,0.18992184
2024-11-23 03:30:00,7,0,0,0.10214276
2024-11-23 03:45:00,7,0,0,0.11533144
2024-11-23 04:00:00,7,0,0,0.054620013
2024-11-23 04:15:00,7,0,0,0.015865529
2024-11-23 04:30:00,7,0,0,0.011452099
2024-11-23 04:45:00,7,0,0,0.010584133
2024-11-23 05:00:00,7,0,0,0.007113626
2024-11-23 05:15:00,7,0,0,0.0064803907
2024-11-23 05:30:00,7,0,0,0.004293769
2024-11-23 05:45:00,7,0,0,0.00416233
2024-11-23 06:00:00,7,0,0,0.0030744232
2024-11-23 06:15:00,7,0,0,0.002797892
2024-11-23 06:30:00,7,0,0,0.0023835136
2024-11-23 06:45:00,7,0,0,0.0015468829
2024-11-23 07:00:00,7,0,0,0.0014520326
2024-11-23 07:15:00,7,0,0,0.0013755687
2024-11-23 07:30:00,7,0,0,0.0012496654
2024-11-23 07:45:00,7,0,0,0.0012059496
2024-11-23 08:00:00,7,0,0,0.0008620214
2024-11-23 08:15:00,7,0,0,0.0007967637
2024-11-23 08:30:00,7,0,0,0.0008027203
2024-11-23 08:45:00,7,0,0,0.00053233193
2024-11-23 09:00:00,7,0,0,0.0005925914
2024-11-23 09:15:00,7,0,0,0.0005230466
2024-11-23 09:30:00,7,0,0,0.0004992634
2024-11-23 09:45:00,7,0,0,0.00039448883
2024-11-23 10:00:00,7,0,0,0.00037903228
2024-11-23 10:15:00,7,0,0,0.00032704824
2024-11-23 10:30:00,7,0,0,0.00029747526
2024-11-23 10:45:00,7,0,0,0.00028291153
2024-11-23 11:00:00,7,0,0,0.0002666431
2024-11-23 11:15:00,7,0,0,0.00026415454
2024-11-23 11:30:00,7,0,0,0.000219479
2024-11-23 11:45:00,7,0,0,0.00022442473
2024-11-23 12:00:00,7,0,0,0.00020761645
2024-11-23 12:15:00,7,0,0,0.00019881118
2024-11-23 12:30:00,7,0,0,0.0002261557
2024-11-23 12:45:00,7,0,0,0.00020029182
2024-11-23 13:00:00,7,0,0,0.0001586452
2024-11-23 13:15:00,7,0,0,0.00016890747
2024-11-23 13:30:00,7,0,0,0.00020591186
2024-11-23 13:45:00,7,0,0,0.00021381219
2024-11-23 14:00:00,7,0,0,0.00018521554
2024-11-23 14:15:00,7,0,0,0.0002371423
2024-11-23 14:30:00,7,0,0,0.0002245681
2024-11-23 14:45:00,7,0,0,0.00023471248
2024-11-23 15:00:00,7,0,0,0.00023150466
2024-11-23 15:15:00,7,0,0,0.00023165741
2024-11-23 15:30:00,7,0,0,0.00030305932
2024-11-23 15:45:00,7,0,0,0.00025748415
2024-11-23 16:00:00,7,0,0,0.00030770528
2024-11-23 16:15:00,7,0,0,0.0003784668
2024-11-23 16:30:00,7,0,0,0.0004744779
2024-11-23 16:45:00,7,0,0,0.00047054037
2024-11-23 17:00:00,7,0,0,0.0004518779
2024-11-23 17:15:00,7,0,0,0.000476846
2024-11-23 17:30:00,7,0,0,0.0007031302
2024-11-23 17:45:00,7,0,0,0.00071585074
2024-11-23 18:00:00,7,0,0,0.00077864
2024-11-23 18:15:00,7,0,0,0.0011646966
2024-11-23 18:30:00,7,0,0,0.0007630082
2024-11-23 18:45:00,7,0,0,0.0008875171
2024-11-23 19:00:00,7,0,0,0.00071582687
2024-11-23 19:15:00,7,0,0,0.00069450046
2024-11-23 19:30:00,7,0,0,0.00060709455
2024-11-23 19:45:00,7,0,0,0.00059367286
2024-11-23 20:00:00,7,0,0,0.0007272357
2024-11-23 20:15:00,7,0,0,0.0013064069
2024-11-23 20:30:00,7,0,0,0.00077763305
2024-11-23 20:45:00,7,0,0,0.0010603517
2024-11-23 21:00:00,7,0,0,0.0008667001
2024-11-23 21:15:00,7,0,0,0.00089440384
2024-11-23 21:30:00,7,0,0,0.0008360945
2024-11-23 21:45:00,7,0,0,0.00069743255
2024-11-23 22:00:00,7,0,0,0.0006685496
2024-11-23 22:15:00,7,0,0,0.0007202961
2024-11-23 22:30:00,7,0,0,0.00060441403
2024-11-23 22:45:00,7,0,0,0.0005706297
2024-11-23 23:00:00,7,0,0,0.0005228381
2024-11-23 23:15:00,7,0,0,0.00038760935
2024-11-23 23:30:00,7,0,0,0.00038038724
2024-11-23 23:45:00,7,0,0,0.00039554472
2024-11-24 00:15:00,7,0,0,0.00033546757
2024-11-24 00:30:00,7,0,0,0.00036674307
2024-11-24 00:45:00,7,0,0,0.00030749195
2024-11-24 02:00:00,7,0,0,0.00022121989
2024-11-24 02:15:00,7,0,0,0.00023252402
2024-11-24 02:30:00,7,0,0,0.00020708804
2024-11-24 02:45:00,7,0,0,0.00021618434
2024-11-24 03:00:00,7,0,0,0.00025388427
2024-11-24 03:15:00,7,0,0,0.00023479115
2024-11-24 03:30:00,7,0,0,0.0002144843
2024-11-24 03:45:00,7,0,0,0.00017710718
2024-11-24 04:00:00,7,0,0,0.00020453894
2024-11-24 04:15:00,7,0,0,0.00017295183
2024-11-24 04:30:00,7,0,0,0.00018440382
2024-11-24 04:45:00,7,0,0,0.00017870379
2024-11-24 05:00:00,7,0,0,0.00018176223
2024-11-24 05:15:00,7,0,0,0.00022767356
2024-11-24 05:30:00,7,0,0,0.00020997525
2024-11-24 05:45:00,7,0,0,0.00022587471
2024-11-24 06:00:00,7,0,0,0.00021554888
2024-11-24 06:15:00,7,0,0,0.00022559449
2024-11-24 06:30:00,7,0,0,0.00022196658
2024-11-24 06:45:00,7,0,0,0.00021305787
2024-11-24 07:00:00,7,0,0,0.0002471254
2024-11-24 07:15:00,7,0,0,0.00022726871
2024-11-24 07:30:00,7,0,0,0.00025917942
2024-11-24 07:45:00,7,0,0,0.00030104225
2024-11-24 08:00:00,7,0,0,0.00036557947
2024-11-24 08:15:00,7,0,0,0.00042477695
2024-11-24 08:30:00,7,0,0,0.00039984452
2024-11-24 08:45:00,7,0,0,0.00037726777
2024-11-24 09:00:00,7,0,0,0.00033812076
2024-11-24 09:15:00,7,0,0,0.00035782106
2024-11-24 09:30:00,7,0,0,0.00036560534
2024-11-24 09:45:00,7,0,0,0.00040726512
2024-11-24 10:00:00,7,0,0,0.00030875028
2024-11-24 10:15:00,7,0,0,0.00034104614
2024-11-24 10:30:00,7,0,0,0.00044008912
2024-11-24 10:45:00,7,0,0,0.00029482384
2024-11-24 11:00:00,7,0,0,0.0002945549
2024-11-24 11:15:00,7,0,0,0.00029464738
2024-11-24 11:30:00,7,0,0,0.00030976674
2024-11-24 11:45:00,7,0,0,0.00030518553
2024-11-24 12:00:00,7,0,0,0.0009850021
2024-11-24 12:15:00,7,0,0,0.008949421
2024-11-24 12:30:00,7,0,0,0.008804917
2024-11-24 12:45:00,7,0,0,0.0055529014
2024-11-24 13:00:00,7,0,0,0.0012136473
2024-11-24 13:15:00,7,0,0,0.00053994585
2024-11-24 13:30:00,7,0,0,0.0007055342
2024-11-24 13:45:00,7,0,0,0.0004431135
2024-11-24 14:00:00,7,0,0,0.0004054653
2024-11-24 14:15:00,7,0,0,0.0004158187
2024-11-24 14:30:00,7,0,0,0.00043306386
2024-11-24 14:45:00,7,0,0,0.00048618074
2024-11-24 15:00:00,7,0,0,0.0005326294
2024-11-24 15:15:00,7,0,0,0.00054481305
2024-11-24 15:30:00,7,0,0,0.00042596817
2024-11-24 15:45:00,7,0,0,0.00050283317
2024-11-24 16:00:00,7,0,0,0.0004961786
2024-11-24 16:15:00,7,0,0,0.0005651109
2024-11-24 16:30:00,7,0,0,0.00047339077
2024-11-24 16:45:00,7,0,0,0.00054633024
2024-11-24 17:00:00,7,0,0,0.0005831339
2024-11-24 17:15:00,7,0,0,0.0005572893
2024-11-24 17:30:00,7,0,0,0.0007240141
2024-11-24 17:45:00,7,0,0,0.0006169109
2024-11-24 18:00:00,7,0,0,0.0006753524
2024-11-24 18:15:00,7,0,0,0.0006925351
2024-11-24 18:30:00,7,0,0,0.00074153504
2024-11-24 18:45:00,7,0,0,0.0009284735
2024-11-24 19:00:00,7,0,0,0.0009638307
2024-11-24 19:15:00,7,0,0,0.0015491906
2024-11-24 19:30:00,7,0,0,0.00124679
2024-11-24 19:45:00,7,0,0,0.0018221884
2024-11-24 20:00:00,7,0,0,0.0017834746
2024-11-24 20:15:00,7,0,0,0.0016263177
2024-11-24 20:30:00,7,0,0,0.0015942465
2024-11-24 20:45:00,7,0,0,0.0015857309
2024-11-24 21:00:00,7,0,0,0.0015504144
2024-11-24 21:15:00,7,0,0,0.001240644
2024-11-24 21:30:00,7,0,0,0.0010830223
2024-11-24 21:45:00,7,0,0,0.0012120879
2024-11-24 22:00:00,7,0,0,0.00092025165
2024-11-24 22:15:00,7,0,0,0.0009712376
2024-11-24 22:30:00,7,0,0,0.0007754008
2024-11-24 22:45:00,7,0,0,0.0020002786
2024-11-24 23:00:00,7,0,0,0.0012176452
2024-11-24 23:15:00,7,0,0,0.0015702908
2024-11-24 23:30:00,7,0,0,0.0013728627
2024-11-24 23:45:00,7,0,0,0.0015139773
2024-11-25 00:15:00,7,0,0,0.0010572808
2024-11-25 00:30:00,7,0,0,0.0011526643
2024-11-25 00:45:00,7,0,0,0.0008865894
2024-11-25 01:00:00,7,0,0,0.000925747
2024-11-25 01:15:00,7,0,0,0.0008115412
2024-11-25 01:30:00,7,0,0,0.0007984343
2024-11-25 01:45:00,7,0,0,0.001496296
2024-11-25 02:00:00,7,0,0,0.0013841417
2024-11-25 02:15:00,7,0,0,0.0012731561
2024-11-25 02:30:00,7,0,0,0.0014983338
2024-11-25 02:45:00,7,0,0,0.001307977
2024-11-25 03:00:00,7,0,0,0.0010295928
2024-11-25 03:15:00,7,0,0,0.0025804187
2024-11-25 03:30:00,7,0,0,0.01241699
2024-11-25 03:45:00,7,0,0,0.014189103
2024-11-25 04:00:00,7,0,0,0.0027717277
2024-11-25 04:15:00,7,0,0,0.0031441096
2024-11-25 04:30:00,7,0,0,0.0017846739
2024-11-25 04:45:00,7,0,0,0.0016749941
2024-11-25 05:00:00,7,0,0,0.002457755
2024-11-25 05:15:00,7,0,0,0.009732065
2024-11-25 05:30:00,7,0,0,0.038035966
2024-11-25 05:45:00,7,0,0,0.008072579
2024-11-25 06:00:00,7,0,0,0.015113443
2024-11-25 06:15:00,7,0,0,0.039362017
2024-11-25 06:30:00,7,0,0,0.077493854
2024-11-25 06:45:00,7,0,0,0.080782786
2024-11-25 07:00:00,7,0,0,0.015086843
2024-11-25 07:15:00,7,0,0,0.061512876
2024-11-25 07:30:00,7,0,0,0.12897296
2024-11-25 07:45:00,7,0,0,0.11142689
2024-11-25 08:00:00,7,0,0,0.07579124
2024-11-25 08:15:00,7,0,0,0.011609334
2024-11-25 08:30:00,7,0,0,0.13244164
2024-11-25 08:45:00,7,0,0,0.029225096
2024-11-25 09:00:00,7,0,0,0.035384532
2024-11-25 09:15:00,7,0,0,0.02108787
2024-11-25 09:30:00,7,0,0,0.049430385
2024-11-25 09:45:00,7,0,0,0.0886323
2024-11-25 10:00:00,7,0,0,0.0064588627
2024-11-25 10:15:00,7,0,0,0.0062751966
2024-11-25 10:30:00,7,0,0,0.0033277345
2024-11-25 10:45:00,7,0,0,0.008202373
2024-11-25 11:00:00,7,0,0,0.00321842
2024-11-25 11:15:00,7,0,0,0.0062331306
2024-11-25 11:30:00,7,0,0,0.010939832
2024-11-25 11:45:00,7,0,0,0.0018437529
2024-11-25 12:00:00,7,0,0,0.004199046
2024-11-25 12:15:00,7,0,0,0.008558879
2024-11-25 12:30:00,7,0,0,0.009018237
2024-11-25 12:45:00,7,0,0,0.00244756
2024-11-25 13:00:00,7,0,0,0.0038513534
2024-11-25 13:15:00,7,0,0,0.005853424
2024-11-25 13:30:00,7,0,0,0.0095886085
2024-11-25 13:45:00,7,0,0,0.0046187285
2024-11-25 14:00:00,7,0,0,0.00361947
2024-11-25 14:15:00,7,0,0,0.001704808
2024-11-25 14:30:00,7,0,0,0.0021325587
2024-11-25 14:45:00,7,0,0,0.005508809
2024-11-25 15:00:00,7,0,0,0.0021515153
2024-11-25 15:15:00,7,0,0,0.0074843233
2024-11-25 15:30:00,7,0,0,0.0066965134
2024-11-25 15:45:00,7,0,0,0.007214344
2024-11-25 16:00:00,7,0,0,0.014408157
2024-11-25 16:15:00,7,0,0,0.009586325
2024-11-25 16:30:00,7,0,0,0.023727272
2024-11-25 16:45:00,7,0,0,0.019688569
2024-11-25 17:00:00,7,0,0,0.011697998
2024-11-25 17:15:00,7,0,0,0.017948676
2024-11-25 17:30:00,7,0,0,0.06529581
2024-11-25 17:45:00,7,0,0,0.27609795
2024-11-25 18:00:00,7,0,0,0.3136955
2024-11-25 18:15:00,7,0,0,0.0097436365
2024-11-25 18:30:00,7,0,0,0.006706356
2024-11-25 18:45:00,7,0,0,0.008724492
2024-11-25 19:00:00,7,0,0,0.010595857
2024-11-25 19:15:00,7,0,0,0.014829385
2024-11-25 19:30:00,7,0,0,0.0059824735
2024-11-25 19:45:00,7,0,0,0.0125168795
2024-11-25 20:00:00,7,0,0,0.012372148
2024-11-25 20:15:00,7,0,0,0.0683397
2024-11-25 20:30:00,7,0,0,0.054819196
2024-11-25 20:45:00,7,0,0,0.055939104
2024-11-25 21:00:00,7,0,0,0.032915432
2024-11-25 21:15:00,7,0,0,0.050125692
2024-11-25 21:30:00,7,0,0,0.040659282
2024-11-25 21:45:00,7,0,0,0.043435108
2024-11-25 22:00:00,7,0,0,0.044751648
2024-11-25 22:15:00,7,0,0,0.033406433
2024-11-25 22:30:00,7,0,0,0.056723125
2024-11-25 22:45:00,7,0,0,0.022364048
2024-11-25 23:00:00,7,0,0,0.0484296
2024-11-25 23:15:00,7,0,0,0.043353215
2024-11-25 23:30:00,7,0,0,0.029827982
2024-11-25 23:45:00,7,0,0,0.058493093
2024-11-26 02:00:00,8,0,0,0.16446127
2024-11-26 02:15:00,8,0,0,0.11806625
2024-11-26 02:30:00,8,0,0,0.16038911
2024-11-26 02:45:00,8,0,0,0.2031531
2024-11-26 03:00:00,8,0,0,0.16618513
2024-11-26 03:15:00,8,0,0,0.2194754
2024-11-26 03:30:00,8,0,0,0.25083604
2024-11-26 03:45:00,8,0,0,0.24943563
2024-11-26 04:00:00,8,0,0,0.37281618
2024-11-26 04:15:00,8,0,0,0.41883773
2024-11-26 04:30:00,8,0,0,0.3474122
2024-11-26 04:45:00,8,0,1,0.48166898
2024-11-26 05:00:00,8,0,1,0.5642122
2024-11-26 05:15:00,8,0,1,0.61266565
2024-11-26 05:30:00,8,0,1,0.6606053
2024-11-26 05:45:00,8,0,1,0.61253667
2024-11-26 06:00:00,8,0,0,0.43122134
2024-11-26 06:15:00,8,0,1,0.57279086
2024-11-26 06:30:00,8,0,1,0.49300492
2024-11-26 06:45:00,8,0,0,0.39525574
2024-11-26 07:00:00,8,0,1,0.6134455
2024-11-26 07:15:00,8,0,1,0.6306867
2024-11-26 07:30:00,8,0,1,0.48774123
2024-11-26 07:45:00,8,0,0,0.43221772
2024-11-26 08:00:00,8,0,0,0.30677566
2024-11-26 08:15:00,8,0,1,0.41751957
2024-11-26 08:30:00,8,0,1,0.6106542
2024-11-26 08:45:00,8,0,1,0.71612436
2024-11-26 09:00:00,8,0,1,0.4493068
2024-11-26 09:15:00,8,0,0,0.09991447
2024-11-26 09:30:00,8,0,0,0.19102724
2024-11-26 09:45:00,8,0,0,0.090137176
2024-11-26 10:00:00,8,0,0,0.05144705
2024-11-26 10:15:00,8,0,0,0.050567936
2024-11-26 10:30:00,8,0,0,0.03236129
2024-11-26 10:45:00,8,0,0,0.040635608
2024-11-26 11:00:00,8,0,0,0.022928786
2024-11-26 11:15:00,8,0,0,0.024960555
2024-11-26 11:30:00,8,0,0,0.015289902
2024-11-26 11:45:00,8,0,0,0.13894854
2024-11-26 12:00:00,8,0,0,0.042056087
2024-11-26 12:15:00,8,0,0,0.02514593
2024-11-26 12:30:00,8,0,0,0.0509543
2024-11-26 12:45:00,8,0,0,0.1252917
2024-11-26 13:00:00,8,0,0,0.058638964
2024-11-26 13:15:00,8,0,0,0.06412149
2024-11-26 13:30:00,8,0,0,0.08121555
2024-11-26 13:45:00,8,0,0,0.07924426
2024-11-26 14:00:00,8,0,0,0.111969374
2024-11-26 14:15:00,8,0,0,0.10221717
2024-11-26 14:30:00,8,0,0,0.049681548
2024-11-26 14:45:00,8,0,0,0.049812533
2024-11-26 15:00:00,8,0,0,0.016158981
2024-11-26 15:15:00,8,0,0,0.044901192
2024-11-26 15:30:00,8,0,0,0.09704329
2024-11-26 15:45:00,8,0,0,0.09278746
2024-11-26 16:00:00,8,0,1,0.6054952
2024-11-26 16:15:00,8,0,1,0.56471324
2024-11-26 16:30:00,8,0,1,0.63717204
2024-11-26 16:45:00,8,0,1,0.6409603
2024-11-26 17:00:00,8,0,1,0.68795466
2024-11-26 17:15:00,8,1,1,0.68818414
2024-11-26 17:30:00,8,1,1,0.68702704
2024-11-26 17:45:00,8,1,1,0.6582262
2024-11-26 18:00:00,8,1,1,0.69114184
2024-11-26 18:15:00,8,1,1,0.6846151
2024-11-26 18:30:00,8,1,1,0.6751448
2024-11-26 18:45:00,8,1,1,0.72869414
2024-11-26 19:00:00,8,1,1,0.70780134
2024-11-26 19:15:00,8,1,1,0.7910376
2024-11-26 19:30:00,8,1,1,0.7335481
2024-11-26 19:45:00,8,1,1,0.7412992
2024-11-26 20:00:00,8,1,1,0.78148407
2024-11-26 20:15:00,8,1,1,0.8021164
2024-11-26 20:30:00,8,1,1,0.6898714
2024-11-26 20:45:00,8,1,1,0.7842363
2024-11-26 21:00:00,8,1,1,0.7761651
2024-11-26 21:15:00,8,1,1,0.6539223
2024-11-26 21:30:00,8,1,1,0.6761485
2024-11-26 21:45:00,8,1,1,0.7912029
2024-11-26 22:00:00,8,1,1,0.79026526
2024-11-26 22:15:00,8,1,1,0.7955479
2024-11-26 22:30:00,8,1,1,0.7720573
2024-11-26 22:45:00,8,1,1,0.6760802
2024-11-26 23:00:00,8,1,1,0.7393468
2024-11-26 23:15:00,8,1,1,0.68074733
2024-11-26 23:30:00,8,1,1,0.68203986
2024-11-26 23:45:00,8,1,1,0.74132365
2024-11-27 00:15:00,8,1,1,0.68510914
2024-11-27 00:30:00,8,1,1,0.7388241
2024-11-27 00:45:00,8,1,1,0.7763174
2024-11-27 01:00:00,8,1,1,0.7750772
2024-11-27 01:15:00,8,0,1,0.735464
2024-11-27 01:30:00,8,0,0,0.21888234
2024-11-27 01:45:00,8,0,1,0.7284245
2024-11-27 02:00:00,8,0,1,0.377818
2024-11-27 02:15:00,8,0,0,0.120333366
2024-11-27 02:30:00,8,0,1,0.666098
2024-11-27 02:45:00,8,0,1,0.63819724
2024-11-27 03:00:00,8,0,1,0.626423
2024-11-27 03:15:00,8,0,1,0.5907186
2024-11-27 03:30:00,8,0,0,0.17273752
2024-11-27 03:45:00,8,0,1,0.5510554
2024-11-27 04:00:00,8,0,1,0.56141955
2024-11-27 04:15:00,8,0,1,0.5226416
2024-11-27 04:30:00,8,0,0,0.07692999
2024-11-27 04:45:00,8,0,0,0.094103284
2024-11-27 05:00:00,8,0,1,0.49105603
2024-11-27 05:15:00,8,0,1,0.4510685
2024-11-27 05:30:00,8,0,0,0.029157862
2024-11-27 05:45:00,8,0,0,0.03356583
2024-11-27 06:00:00,8,0,0,0.067673914
2024-11-27 06:15:00,8,0,1,0.5232915
2024-11-27 06:30:00,8,0,1,0.50677246
2024-11-27 06:45:00,8,0,0,0.3553896
2024-11-27 07:00:00,8,0,0,0.028923677
2024-11-27 07:15:00,8,0,0,0.38744953
2024-11-27 07:30:00,8,0,0,0.27036652
2024-11-27 07:45:00,8,0,0,0.22992563
2024-11-27 08:00:00,8,0,0,0.16140306
2024-11-27 08:15:00,8,0,0,0.12830283
2024-11-27 08:30:00,8,0,0,0.18803827
2024-11-27 08:45:00,8,0,0,0.1479146
2024-11-27 09:00:00,8,0,0,0.13170817
2024-11-27 09:15:00,8,0,0,0.15361117
2024-11-27 09:30:00,8,0,0,0.12122497
2024-11-27 09:45:00,8,0,0,0.11788132
2024-11-27 10:00:00,8,0,0,0.066846736
2024-11-27 10:15:00,8,0,0,0.065723844
2024-11-27 10:30:00,8,0,0,0.06737852
2024-11-27 10:45:00,8,0,0,0.1946683
2024-11-27 11:00:00,8,0,0,0.19438098
2024-11-27 11:15:00,8,0,0,0.17951803
2024-11-27 11:30:00,8,0,0,0.126536
2024-11-27 11:45:00,8,0,0,0.059962332
2024-11-27 12:00:00,8,0,0,0.10957191
2024-11-27 12:15:00,8,0,0,0.1606269
2024-11-27 12:30:00,8,0,0,0.05087476
2024-11-27 12:45:00,8,0,0,0.04468287
2024-11-27 13:00:00,8,0,0,0.1187843
2024-11-27 13:15:00,8,0,0,0.11796953
2024-11-27 13:30:00,8,0,0,0.09857053
2024-11-27 13:45:00,8,0,0,0.0977012
2024-11-27 14:00:00,8,0,0,0.12695926
2024-11-27 14:15:00,8,0,0,0.04587004
2024-11-27 14:30:00,8,0,0,0.07454463
2024-11-27 14:45:00,8,0,0,0.1021749
2024-11-27 15:00:00,8,0,0,0.14162807
2024-11-27 15:15:00,8,0,0,0.1743377
2024-11-27 15:30:00,8,0,0,0.1793017
2024-11-27 15:45:00,8,0,0,0.19087295
2024-11-27 16:00:00,8,0,0,0.36741367
2024-11-27 16:15:00,8,0,1,0.4165172
2024-11-27 16:30:00,8,1,0,0.32735613
2024-11-27 16:45:00,8,0,0,0.16796216
2024-11-27 17:00:00,8,0,1,0.64296734
2024-11-27 17:15:00,8,0,1,0.6030831
2024-11-27 17:30:00,8,0,1,0.5095931
2024-11-27 17:45:00,8,0,1,0.553806
2024-11-27 18:00:00,8,0,1,0.6396315
2024-11-27 18:15:00,8,1,1,0.7041843
2024-11-27 18:30:00,8,0,1,0.6811807
2024-11-27 18:45:00,8,0,1,0.68731827
2024-11-27 19:00:00,8,0,1,0.5564707
2024-11-27 19:15:00,8,0,1,0.78981096
2024-11-27 19:30:00,8,0,1,0.82012784
2024-11-27 19:45:00,8,0,1,0.7830603
2024-11-27 20:00:00,8,1,1,0.7979255
2024-11-27 20:15:00,8,1,1,0.86877024
2024-11-27 20:30:00,8,1,1,0.85442394
2024-11-27 20:45:00,8,1,1,0.84448415
2024-11-27 21:00:00,8,1,1,0.8388372
2024-11-27 21:15:00,8,1,1,0.8696325
2024-11-27 21:30:00,8,1,1,0.89542353
2024-11-27 21:45:00,8,1,1,0.8880986
2024-11-27 22:00:00,8,1,1,0.8905794
2024-11-27 22:15:00,8,1,1,0.91831064
2024-11-27 22:30:00,8,1,1,0.9165761
2024-11-27 22:45:00,8,1,1,0.9155166
2024-11-27 23:00:00,8,1,1,0.89957494
2024-11-27 23:15:00,8,1,1,0.9040016
2024-11-27 23:30:00,8,1,1,0.8761158
2024-11-27 23:45:00,8,1,1,0.87665534
2024-11-28 00:15:00,8,1,1,0.8976618
2024-11-28 00:30:00,8,1,1,0.8739851
2024-11-28 00:45:00,8,1,1,0.8496214
2024-11-28 01:00:00,8,1,1,0.8004366
2024-11-28 01:15:00,8,1,1,0.8445951
2024-11-28 01:30:00,8,1,1,0.7845969
2024-11-28 01:45:00,8,1,1,0.81139785
2024-11-28 02:00:00,8,1,1,0.85323775
2024-11-28 02:15:00,8,1,1,0.8292671
2024-11-28 02:30:00,8,1,1,0.8268142
2024-11-28 02:45:00,8,1,1,0.8634906
2024-11-28 03:00:00,8,1,1,0.88177246
2024-11-28 03:15:00,8,1,1,0.8613373
2024-11-28 03:30:00,8,1,1,0.86142045
2024-11-28 03:45:00,8,1,1,0.87762266
2024-11-28 04:00:00,8,1,1,0.84779745
2024-11-28 04:15:00,8,1,1,0.8385083
2024-11-28 04:30:00,8,1,1,0.86597866
2024-11-28 04:45:00,8,1,1,0.8690703
2024-11-28 05:00:00,8,1,1,0.8570322
2024-11-28 05:15:00,8,1,1,0.85782254
2024-11-28 05:30:00,8,1,1,0.8112495
2024-11-28 05:45:00,8,1,1,0.780946
2024-11-28 06:00:00,8,1,1,0.716129
2024-11-28 06:15:00,8,1,1,0.70254225
2024-11-28 06:30:00,8,1,1,0.7316495
2024-11-28 06:45:00,8,1,1,0.7393823
2024-11-28 07:00:00,8,1,1,0.80831236
2024-11-28 07:15:00,8,1,1,0.78082186
2024-11-28 07:30:00,8,1,1,0.81317914
2024-11-28 07:45:00,8,1,1,0.8112228
2024-11-28 08:00:00,8,1,1,0.67836845
2024-11-28 08:15:00,8,1,1,0.74968654
2024-11-28 08:30:00,8,1,1,0.8444271
2024-11-28 08:45:00,8,1,1,0.84243125
2024-11-28 09:00:00,8,1,0,0.4056111
2024-11-28 09:15:00,8,1,1,0.47319606
2024-11-28 09:30:00,8,1,1,0.4885734
2024-11-28 09:45:00,8,1,1,0.47435063
2024-11-28 10:00:00,8,1,0,0.28785408
2024-11-28 10:15:00,8,1,0,0.25705624
2024-11-28 10:30:00,8,1,0,0.08571521
2024-11-28 10:45:00,8,0,0,0.14232138
2024-11-28 11:00:00,8,0,0,0.06793169
2024-11-28 11:15:00,8,0,0,0.03498775
2024-11-28 11:30:00,8,0,0,0.029621111
2024-11-28 11:45:00,8,0,0,0.038570862
2024-11-28 12:00:00,8,0,0,0.027486192
2024-11-28 12:15:00,8,0,0,0.024873072
2024-11-28 12:30:00,8,0,0,0.025323816
2024-11-28 12:45:00,8,0,0,0.026171725
2024-11-28 13:00:00,8,0,0,0.015672982
2024-11-28 13:15:00,8,0,0,0.0075303447
2024-11-28 13:30:00,8,0,0,0.007731338
2024-11-28 13:45:00,8,0,0,0.006894021
2024-11-28 14:00:00,8,0,0,0.007354081
2024-11-28 14:15:00,8,0,0,0.0069622477
2024-11-28 14:30:00,8,0,0,0.007845458
2024-11-28 14:45:00,8,0,0,0.023418773
2024-11-28 15:00:00,8,0,0,0.020325696
2024-11-28 15:15:00,8,0,0,0.14390168
2024-11-28 15:30:00,8,0,0,0.087945305
2024-11-28 15:45:00,8,0,0,0.07506401
2024-11-28 16:00:00,8,0,0,0.13353568
2024-11-28 16:15:00,8,0,1,0.716014
2024-11-28 16:30:00,8,0,0,0.26068923
2024-11-28 16:45:00,8,0,1,0.6711641
2024-11-28 17:00:00,8,0,0,0.17707911
2024-11-28 17:15:00,8,0,0,0.12072249
2024-11-28 17:30:00,8,0,0,0.08696507
2024-11-28 17:45:00,8,0,0,0.073106565
2024-11-28 18:00:00,8,0,0,0.27191842
2024-11-28 18:15:00,8,0,0,0.11888602
2024-11-28 18:30:00,8,0,0,0.039809577
2024-11-28 18:45:00,8,0,0,0.024274142
2024-11-28 19:00:00,8,0,0,0.024587974
2024-11-28 19:15:00,8,0,0,0.024353351
2024-11-28 19:30:00,8,0,0,0.021039123
2024-11-28 19:45:00,8,0,0,0.022581253
2024-11-28 20:00:00,8,0,0,0.018376842
2024-11-28 20:15:00,8,0,0,0.019629674
2024-11-28 20:30:00,8,0,0,0.018700274
2024-11-28 20:45:00,8,0,0,0.017366689
2024-11-28 21:00:00,8,0,0,0.01517243
2024-11-28 21:15:00,8,0,0,0.01798472
2024-11-28 21:30:00,8,0,0,0.03567809
2024-11-28 21:45:00,8,0,0,0.037933707
2024-11-28 22:00:00,8,0,0,0.025288751
2024-11-28 22:15:00,8,0,0,0.015636953
2024-11-28 22:30:00,8,0,0,0.018171422
2024-11-28 22:45:00,8,0,0,0.025941186
2024-11-28 23:00:00,8,0,0,0.03068771
2024-11-28 23:15:00,8,0,0,0.09275824
2024-11-28 23:30:00,8,0,1,0.56877273
2024-11-28 23:45:00,8,0,0,0.18157515
2024-11-29 00:15:00,8,0,0,0.13988543
2024-11-29 00:30:00,8,0,0,0.089472614
2024-11-29 00:45:00,8,0,0,0.15911427
2024-11-29 01:00:00,8,0,0,0.06880888
2024-11-29 01:15:00,8,0,1,0.37520123
2024-11-29 01:30:00,8,0,0,0.22920433
2024-11-29 01:45:00,8,0,1,0.46679923
2024-11-29 02:00:00,8,0,0,0.12128519
2024-11-29 02:15:00,8,0,0,0.26135904
2024-11-29 02:30:00,8,0,0,0.053562403
2024-11-29 02:45:00,8,0,0,0.2311666
2024-11-29 03:00:00,8,0,0,0.12042318
2024-11-29 03:15:00,8,0,0,0.058249164
2024-11-29 03:30:00,8,0,1,0.40914384
2024-11-29 03:45:00,8,0,0,0.0323489
2024-11-29 04:00:00,8,0,0,0.04513181
2024-11-29 04:15:00,8,0,0,0.12581724
2024-11-29 04:30:00,8,0,0,0.13251258
2024-11-29 04:45:00,8,0,1,0.41222203
2024-11-29 05:00:00,8,0,0,0.2035726
2024-11-29 05:15:00,8,0,0,0.09045264
2024-11-29 05:30:00,8,0,0,0.22263671
2024-11-29 05:45:00,8,0,0,0.07766941
2024-11-29 06:00:00,8,0,0,0.082622275
2024-11-29 06:15:00,8,0,0,0.03972567
2024-11-29 06:30:00,8,0,0,0.046114378
2024-11-29 06:45:00,8,0,0,0.054081682
2024-11-29 07:00:00,8,0,0,0.012761654
2024-11-29 07:15:00,8,0,0,0.015857466
2024-11-29 07:30:00,8,0,0,0.01174498
2024-11-29 07:45:00,8,0,0,0.01329706
2024-11-29 08:00:00,8,0,0,0.011030577
2024-11-29 08:15:00,8,0,0,0.012212631
2024-11-29 08:30:00,8,0,0,0.008990648
2024-11-29 08:45:00,8,0,0,0.009333044
2024-11-29 09:00:00,8,0,0,0.0069208825
2024-11-29 09:15:00,8,0,0,0.0073437276
2024-11-29 09:30:00,8,0,0,0.007246766
2024-11-29 09:45:00,8,0,0,0.006946439
2024-11-29 10:00:00,8,0,0,0.0067269895
2024-11-29 10:15:00,8,0,0,0.0064836186
2024-11-29 10:30:00,8,0,0,0.006049813
2024-11-29 10:45:00,8,0,0,0.0054858634
2024-11-29 11:00:00,8,0,0,0.0049409745
2024-11-29 11:15:00,8,0,0,0.004834871
2024-11-29 11:30:00,8,0,0,0.0047604134
2024-11-29 11:45:00,8,0,0,0.004882631
2024-11-29 12:00:00,8,0,0,0.0046510687
2024-11-29 12:15:00,8,0,0,0.0046323617
2024-11-29 12:30:00,8,0,0,0.00475328
2024-11-29 12:45:00,8,0,0,0.0050226883
2024-11-29 13:00:00,8,0,0,0.004876946
2024-11-29 13:15:00,8,0,0,0.0049963067
2024-11-29 13:30:00,8,0,0,0.005021441
2024-11-29 13:45:00,8,0,0,0.0050021587
2024-11-29 14:00:00,8,0,0,0.004980486
2024-11-29 14:15:00,8,0,0,0.0041865003
2024-11-29 14:30:00,8,0,0,0.003996962
2024-11-29 14:45:00,8,0,0,0.0039015706
2024-11-29 15:00:00,8,0,0,0.004179772
2024-11-29 15:15:00,8,0,0,0.0040239203
2024-11-29 15:30:00,8,0,0,0.0043203426
2024-11-29 15:45:00,8,0,0,0.004068852
2024-11-29 16:00:00,8,0,0,0.0060297935
2024-11-29 16:15:00,8,0,0,0.0069249393
2024-11-29 16:30:00,8,0,0,0.0069298316
2024-11-29 16:45:00,8,0,0,0.0071396455
2024-11-29 17:00:00,8,0,0,0.0066792215
2024-11-29 17:15:00,8,0,0,0.0074189412
2024-11-29 17:30:00,8,0,0,0.006442857
2024-11-29 17:45:00,8,0,0,0.007218213
2024-11-29 18:00:00,8,0,0,0.0075589274
2024-11-29 18:15:00,8,0,0,0.007782945
2024-11-29 18:30:00,8,0,0,0.008288103
2024-11-29 18:45:00,8,0,0,0.011777816
2024-11-29 19:00:00,8,0,0,0.008428084
2024-11-29 19:15:00,8,0,0,0.008787662
2024-11-29 19:30:00,8,0,0,0.00879037
2024-11-29 19:45:00,8,0,0,0.0097845625
2024-11-29 20:00:00,8,0,0,0.009480177
2024-11-29 20:15:00,8,0,0,0.008192599
2024-11-29 20:30:00,8,0,0,0.007921823
2024-11-29 20:45:00,8,0,0,0.007887088
2024-11-29 21:00:00,8,0,0,0.009609397
2024-11-29 21:15:00,8,0,0,0.009340167
2024-11-29 21:30:00,8,0,0,0.009938995
2024-11-29 21:45:00,8,0,0,0.0104408
2024-11-29 22:00:00,8,0,0,0.009562896
2024-11-29 22:15:00,8,0,0,0.010933385
2024-11-29 22:30:00,8,0,0,0.011203094
2024-11-29 22:45:00,8,0,0,0.010112323
2024-11-29 23:00:00,8,0,0,0.009645624
2024-11-29 23:15:00,8,0,0,0.009040522
2024-11-29 23:30:00,8,0,0,0.009551661
2024-11-29 23:45:00,8,0,0,0.009108263
2024-11-30 00:15:00,8,0,0,0.0091496715
2024-11-30 00:30:00,8,0,0,0.012481324
2024-11-30 00:45:00,8,0,0,0.011020556
2024-11-30 01:00:00,8,0,0,0.010792696
2024-11-30 01:15:00,8,0,0,0.012157133
2024-11-30 01:30:00,8,0,0,0.008802125
2024-11-30 01:45:00,8,0,0,0.008946516
2024-11-30 02:00:00,8,0,0,0.009091956
2024-11-30 02:15:00,8,0,0,0.011621583
2024-11-30 02:30:00,8,0,0,0.011863636
2024-11-30 02:45:00,8,0,0,0.016206872
2024-11-30 03:00:00,8,0,0,0.014642569
2024-11-30 03:15:00,8,0,0,0.011671032
2024-11-30 03:30:00,8,0,0,0.008849166
2024-11-30 03:45:00,8,0,0,0.010526794
2024-11-30 04:00:00,8,0,0,0.013539137
2024-11-30 04:15:00,8,0,0,0.015745215
2024-11-30 04:30:00,8,0,0,0.023621667
2024-11-30 04:45:00,8,0,0,0.011234164
2024-11-30 05:00:00,8,0,0,0.0120559465
2024-11-30 05:15:00,8,0,0,0.011049685
2024-11-30 05:30:00,8,0,0,0.01223115
2024-11-30 05:45:00,8,0,0,0.012039779
2024-11-30 06:00:00,8,0,0,0.010435027
2024-11-30 06:15:00,8,0,0,0.0079555465
2024-11-30 06:30:00,8,0,0,0.0074655907
2024-11-30 06:45:00,8,0,0,0.0065457565
2024-11-30 07:00:00,8,0,0,0.004888398
2024-11-30 07:15:00,8,0,0,0.004885832
2024-11-30 07:30:00,8,0,0,0.0057482794
2024-11-30 07:45:00,8,0,0,0.0057763057
2024-11-30 08:00:00,8,0,0,0.005757535
2024-11-30 08:15:00,8,0,0,0.0060834773
2024-11-30 08:30:00,8,0,0,0.005056427
2024-11-30 08:45:00,8,0,0,0.0049728625
2024-11-30 09:00:00,8,0,0,0.005045925
2024-11-30 09:15:00,8,0,0,0.004445754
2024-11-30 09:30:00,8,0,0,0.00428443
2024-11-30 09:45:00,8,0,0,0.0034481124
2024-11-30 10:00:00,8,0,0,0.0029663143
2024-11-30 10:15:00,8,0,0,0.0030197427
2024-11-30 10:30:00,8,0,0,0.003256631
2024-11-30 10:45:00,8,0,0,0.0029081013
2024-11-30 11:00:00,8,0,0,0.0028848888
2024-11-30 11:15:00,8,0,0,0.002722019
2024-11-30 11:30:00,8,0,0,0.0031788722
2024-11-30 11:45:00,8,0,0,0.0030063328
2024-11-30 12:00:00,8,0,0,0.0039436473
2024-11-30 12:15:00,8,0,0,0.0030028753
2024-11-30 12:30:00,8,0,0,0.0030138548
2024-11-30 12:45:00,8,0,0,0.0024448046
2024-11-30 13:00:00,8,0,0,0.0027189476
2024-11-30 13:15:00,8,0,0,0.0025628926
2024-11-30 13:30:00,8,0,0,0.0025136662
2024-11-30 13:45:00,8,0,0,0.0028265591
2024-11-30 14:00:00,8,0,0,0.002893112
2024-11-30 14:15:00,8,0,0,0.0033651057
2024-11-30 14:30:00,8,0,0,0.0028650917
2024-11-30 14:45:00,8,0,0,0.0029237154
2024-11-30 15:00:00,8,0,0,0.003121944
2024-11-30 15:15:00,8,0,0,0.0034337353
2024-11-30 15:30:00,8,0,0,0.0037534183
2024-11-30 15:45:00,8,0,0,0.0035786456
2024-11-30 16:00:00,8,0,0,0.0057064975
2024-11-30 16:15:00,8,0,0,0.004391858
2024-11-30 16:30:00,8,0,0,0.0044584777
2024-11-30 16:45:00,8,0,0,0.004916517
2024-11-30 17:00:00,8,0,0,0.0047019785
2024-11-30 17:15:00,8,0,0,0.0047611604
2024-11-30 17:30:00,8,0,0,0.0042323368
2024-11-30 17:45:00,8,0,0,0.00449122
2024-11-30 18:00:00,8,0,0,0.0060194354
2024-11-30 18:15:00,8,0,0,0.005314993
2024-11-30 18:30:00,8,0,0,0.0061473525
2024-11-30 18:45:00,8,0,0,0.0058552152
2024-11-30 19:00:00,8,0,0,0.0053776405
2024-11-30 19:15:00,8,0,0,0.006102199
2024-11-30 19:30:00,8,0,0,0.0053803907
2024-11-30 19:45:00,8,0,0,0.0044754376
2024-11-30 20:00:00,8,0,0,0.0047520236
2024-11-30 20:15:00,8,0,0,0.0048434944
2024-11-30 20:30:00,8,0,0,0.004203825
2024-11-30 20:45:00,8,0,0,0.0048515266
2024-11-30 21:00:00,8,0,0,0.0048500556
2024-11-30 21:15:00,8,0,0,0.004836163
2024-11-30 21:30:00,8,0,0,0.0048937476
2024-11-30 21:45:00,8,0,0,0.004604951
2024-11-30 22:00:00,8,0,0,0.0044913986
2024-11-30 22:15:00,8,0,0,0.0038914077
2024-11-30 22:30:00,8,0,0,0.003646027
2024-11-30 22:45:00,8,0,0,0.0037839527
2024-11-30 23:00:00,8,0,0,0.0037616289
2024-11-30 23:15:00,8,0,0,0.0035847547
2024-11-30 23:30:00,8,0,0,0.003992543
2024-11-30 23:45:00,8,0,0,0.004040271
2024-12-01 00:15:00,8,0,0,0.0038251025
2024-12-01 00:30:00,8,0,0,0.0037330529
2024-12-01 00:45:00,8,0,0,0.0037800546
2024-12-01 01:00:00,8,0,0,0.00392664
2024-12-01 01:15:00,8,0,0,0.0037951379
2024-12-01 01:30:00,8,0,0,0.0039223856
2024-12-01 01:45:00,8,0,0,0.003960076
2024-12-01 02:00:00,8,0,0,0.0036818988
2024-12-01 02:15:00,8,0,0,0.0038292275
2024-12-01 02:30:00,8,0,0,0.0037976985
2024-12-01 02:45:00,8,0,0,0.0034550505
2024-12-01 03:00:00,8,0,0,0.0031519765
2024-12-01 03:15:00,8,0,0,0.0033423123
2024-12-01 03:30:00,8,0,0,0.0038828573
2024-12-01 03:45:00,8,0,0,0.0038616778
2024-12-01 04:00:00,8,0,0,0.0039644134
2024-12-01 04:15:00,8,0,0,0.0039924257
2024-12-01 04:30:00,8,0,0,0.0041530016
2024-12-01 04:45:00,8,0,0,0.003808739
2024-12-01 05:00:00,8,0,0,0.0039634076
2024-12-01 05:15:00,8,0,0,0.0039765295
2024-12-01 05:30:00,8,0,0,0.0039765295
2024-12-01 05:45:00,8,0,0,0.0040069837
2024-12-01 06:00:00,8,0,0,0.004016735
2024-12-01 06:15:00,8,0,0,0.003808098
2024-12-01 06:30:00,8,0,0,0.0038960893
2024-12-01 06:45:00,8,0,0,0.0036852604
2024-12-01 07:00:00,8,0,0,0.003429118
2024-12-01 07:15:00,8,0,0,0.0033010568
2024-12-01 07:30:00,8,0,0,0.0033491119
2024-12-01 07:45:00,8,0,0,0.0033491119
2024-12-01 08:00:00,8,0,0,0.0035073103
2024-12-01 08:15:00,8,0,0,0.0038514182
2024-12-01 08:30:00,8,0,0,0.003537753
2024-12-01 08:45:00,8,0,0,0.0043174936
2024-12-01 09:00:00,8,0,0,0.0066389353
2024-12-01 09:15:00,8,0,0,0.007012873
2024-12-01 09:30:00,8,0,0,0.0086798
2024-12-01 09:45:00,8,0,0,0.008989882
2024-12-01 10:00:00,8,0,0,0.023659902
2024-12-01 10:15:00,8,0,0,0.00903493
2024-12-01 10:30:00,8,0,0,0.007325328
2024-12-01 10:45:00,8,0,0,0.0033817238
2024-12-01 11:00:00,8,0,0,0.0030261606
2024-12-01 11:15:00,8,0,0,0.0031334318
2024-12-01 11:30:00,8,0,0,0.0028892087
2024-12-01 11:45:00,8,0,0,0.003544205
2024-12-01 12:00:00,8,0,0,0.0030973845
2024-12-01 12:15:00,8,0,0,0.0034090632
2024-12-01 12:30:00,8,0,0,0.003613772
2024-12-01 12:45:00,8,0,0,0.0031626867
2024-12-01 13:00:00,8,0,0,0.0033598589
2024-12-01 13:15:00,8,0,0,0.0033260297
2024-12-01 13:30:00,8,0,0,0.009240607
2024-12-01 13:45:00,8,0,0,0.004156937
2024-12-01 14:00:00,8,0,0,0.0039500473
2024-12-01 14:15:00,8,0,0,0.0032848462
2024-12-01 14:30:00,8,0,0,0.0032154347
2024-12-01 14:45:00,8,0,0,0.003093735
2024-12-01 15:00:00,8,0,0,0.0033097602
2024-12-01 15:15:00,8,0,0,0.003167328
2024-12-01 15:30:00,8,0,0,0.0030300673
2024-12-01 15:45:00,8,0,0,0.0029627306
2024-12-01 16:00:00,8,0,0,0.0037125275
2024-12-01 16:15:00,8,0,0,0.0036046493
2024-12-01 16:30:00,8,0,0,0.004132193
2024-12-01 16:45:00,8,0,0,0.0045002014
2024-12-01 17:00:00,8,0,0,0.0036952037
2024-12-01 17:15:00,8,0,0,0.0048490083
2024-12-01 17:30:00,8,0,0,0.0051162834
2024-12-01 17:45:00,8,0,0,0.0046357247
2024-12-01 18:00:00,8,0,0,0.0059009865
2024-12-01 18:15:00,8,0,0,0.0077000526
2024-12-01 18:30:00,8,0,0,0.0062745763
2024-12-01 18:45:00,8,0,0,0.004833835
2024-12-01 19:00:00,8,0,0,0.0065283235
2024-12-01 19:15:00,8,0,0,0.006905338
2024-12-01 19:30:00,8,0,0,0.012175058
2024-12-01 19:45:00,8,0,0,0.009716612
2024-12-01 20:00:00,8,0,0,0.010423023
2024-12-01 20:15:00,8,0,0,0.012059386
2024-12-01 20:30:00,8,0,0,0.00589519
2024-12-01 20:45:00,8,0,0,0.0066814567
2024-12-01 21:00:00,8,0,0,0.008978787
2024-12-01 21:15:00,8,0,0,0.012705932
2024-12-01 21:30:00,8,0,0,0.013116862
2024-12-01 21:45:00,8,0,0,0.036259726
2024-12-01 22:00:00,8,0,0,0.012090764
2024-12-01 22:15:00,8,0,0,0.012699331
2024-12-01 22:30:00,8,0,0,0.010792452
2024-12-01 22:45:00,8,0,0,0.008749744
2024-12-01 23:00:00,8,0,0,0.009599402
2024-12-01 23:15:00,8,0,0,0.007934443
2024-12-01 23:30:00,8,0,0,0.0076847724
2024-12-01 23:45:00,8,0,0,0.0061318562
2024-12-02 00:15:00,8,0,0,0.006208597
2024-12-02 00:30:00,8,0,0,0.0056243795
2024-12-02 00:45:00,8,0,0,0.027364498
2024-12-02 01:00:00,8,0,0,0.049412053
2024-12-02 01:15:00,8,0,0,0.049159154
2024-12-02 01:30:00,8,0,0,0.12924272
2024-12-02 01:45:00,8,0,0,0.11788486
2024-12-02 02:00:00,8,0,0,0.035829704
2024-12-02 02:15:00,8,0,0,0.03373622
2024-12-02 02:30:00,8,0,0,0.01387705
2024-12-02 02:45:00,8,0,0,0.03968325
2024-12-02 03:00:00,8,0,0,0.024500994
2024-12-02 03:15:00,8,0,0,0.09356343
2024-12-02 03:30:00,8,0,0,0.017520884
2024-12-02 03:45:00,8,0,0,0.015650928
2024-12-02 04:00:00,8,0,0,0.010984422
2024-12-02 04:15:00,8,0,0,0.012350691
2024-12-02 04:30:00,8,0,0,0.024771115
2024-12-02 04:45:00,8,0,0,0.01234163
2024-12-02 05:00:00,8,0,0,0.031024247
2024-12-02 05:15:00,8,0,0,0.033003695
2024-12-02 05:30:00,8,0,0,0.039726947
2024-12-02 05:45:00,8,0,0,0.09654273
2024-12-02 06:00:00,8,0,0,0.055866193
2024-12-02 06:15:00,8,0,0,0.0863287
2024-12-02 06:30:00,8,0,0,0.21734752
2024-12-02 06:45:00,8,0,0,0.18226233
2024-12-02 07:00:00,8,0,0,0.10927234
2024-12-02 07:15:00,8,0,0,0.08277098
2024-12-02 07:30:00,8,0,0,0.08928253
2024-12-02 07:45:00,8,0,0,0.07989832
2024-12-02 08:00:00,8,0,0,0.06686211
2024-12-02 08:15:00,8,0,0,0.10976512
2024-12-02 08:30:00,8,0,0,0.12513255
2024-12-02 08:45:00,8,0,0,0.060020573
2024-12-02 09:00:00,8,0,0,0.043998245
2024-12-02 09:15:00,8,0,0,0.042669363
2024-12-02 09:30:00,8,0,0,0.031702194
2024-12-02 09:45:00,8,0,0,0.028288573
2024-12-02 10:00:00,8,0,0,0.025236512
2024-12-02 10:15:00,8,0,0,0.0206072
2024-12-02 10:30:00,8,0,0,0.02348632
2024-12-02 10:45:00,8,0,0,0.017345287
2024-12-02 11:00:00,8,0,0,0.031017758
2024-12-02 11:15:00,8,0,0,0.03720955
2024-12-02 11:30:00,8,0,0,0.03172003
2024-12-02 11:45:00,8,0,0,0.027930126
2024-12-02 12:00:00,8,0,0,0.027446859
2024-12-02 12:15:00,8,0,0,0.02789572
2024-12-02 12:30:00,8,0,0,0.035821762
2024-12-02 12:45:00,8,0,0,0.03671923
2024-12-02 13:00:00,8,0,0,0.036561776
2024-12-02 13:15:00,8,0,0,0.047755174
2024-12-02 13:30:00,8,0,0,0.019454848
2024-12-02 13:45:00,8,0,0,0.0747889
2024-12-02 14:00:00,8,0,0,0.035744775
2024-12-02 14:15:00,8,0,0,0.025831442
2024-12-02 14:30:00,8,0,0,0.0050207963
2024-12-02 14:45:00,8,0,0,0.038834687
2024-12-02 15:00:00,8,0,0,0.07504492
2024-12-02 15:15:00,8,0,0,0.07356172
2024-12-02 15:30:00,8,0,0,0.06249527
2024-12-02 15:45:00,8,0,0,0.047970455
2024-12-02 16:00:00,8,0,0,0.14411983
2024-12-02 16:15:00,8,0,0,0.14412935
2024-12-02 16:30:00,8,0,0,0.14661717
2024-12-02 16:45:00,8,0,0,0.06237106
2024-12-02 17:00:00,8,0,0,0.0987196
2024-12-02 17:15:00,8,0,0,0.08519198
2024-12-02 17:30:00,8,0,0,0.12063614
2024-12-02 17:45:00,8,0,0,0.10370229
2024-12-02 18:00:00,8,0,0,0.11251042
2024-12-02 18:15:00,8,0,0,0.20206709
2024-12-02 18:30:00,8,0,0,0.11825964
2024-12-02 18:45:00,8,0,0,0.108908616
2024-12-02 19:00:00,8,0,0,0.12016732
2024-12-02 19:15:00,8,0,0,0.11193814
2024-12-02 19:30:00,8,0,0,0.15542395
2024-12-02 19:45:00,8,0,0,0.20782997
2024-12-02 20:00:00,8,0,0,0.17574586
2024-12-02 20:15:00,8,0,0,0.18396598
2024-12-02 20:30:00,8,0,0,0.18889108
2024-12-02 20:45:00,8,0,1,0.49504986
2024-12-02 21:00:00,8,0,1,0.48197737
2024-12-02 21:15:00,8,0,1,0.47616827
2024-12-02 21:30:00,8,0,1,0.7716121
2024-12-02 21:45:00,8,0,1,0.8197191
2024-12-02 22:00:00,8,1,1,0.81134754
2024-12-02 22:15:00,8,0,0,0.1989313
2024-12-02 22:30:00,8,0,0,0.36924988
2024-12-02 22:45:00,8,1,1,0.7852417
2024-12-02 23:00:00,8,1,1,0.7987637
2024-12-02 23:15:00,8,0,1,0.78668123
2024-12-02 23:30:00,8,0,1,0.80014
2024-12-02 23:45:00,8,0,1,0.77970433
2024-12-03 01:00:00,9,0,1,0.58286846
2024-12-03 01:15:00,9,1,1,0.69056386
2024-12-03 01:30:00,9,1,1,0.6414222
2024-12-03 01:45:00,9,0,1,0.8139562
2024-12-03 02:00:00,9,0,1,0.807964
2024-12-03 02:15:00,9,1,1,0.73727256
2024-12-03 02:30:00,9,1,1,0.7327554
2024-12-03 02:45:00,9,1,1,0.56610924
2024-12-03 03:00:00,9,0,1,0.65231264
2024-12-03 03:15:00,9,0,1,0.6494584
2024-12-03 03:30:00,9,0,1,0.6964782
2024-12-03 03:45:00,9,1,1,0.6238203
2024-12-03 04:00:00,9,1,1,0.6164502
2024-12-03 04:15:00,9,1,0,0.04224881
2024-12-03 04:30:00,9,1,1,0.63466036
2024-12-03 04:45:00,9,0,1,0.72564244
2024-12-03 05:00:00,9,0,1,0.68004656
2024-12-03 05:15:00,9,0,1,0.69356614
2024-12-03 05:30:00,9,0,1,0.70152855
2024-12-03 05:45:00,9,1,1,0.7134773
2024-12-03 06:00:00,9,1,1,0.7332632
2024-12-03 06:15:00,9,1,1,0.7469212
2024-12-03 06:30:00,9,1,0,0.32602915
2024-12-03 06:45:00,9,1,0,0.32996234
2024-12-03 07:00:00,9,1,0,0.20035437
2024-12-03 07:15:00,9,1,0,0.20443912
2024-12-03 07:30:00,9,0,0,0.17998695
2024-12-03 07:45:00,9,0,0,0.24318744
2024-12-03 08:00:00,9,0,0,0.19520412
2024-12-03 08:15:00,9,0,0,0.12694965
2024-12-03 08:30:00,9,0,0,0.21923143
2024-12-03 08:45:00,9,0,0,0.25018373
2024-12-03 09:00:00,9,0,0,0.22959773
2024-12-03 10:45:00,9,0,0,0.005780358
2024-12-03 11:00:00,9,0,0,0.0038764726
2024-12-03 11:15:00,9,0,0,0.0026865846
2024-12-03 11:30:00,9,0,0,0.003027913
2024-12-03 11:45:00,9,0,0,0.0038769047
2024-12-03 12:00:00,9,0,0,0.0027429776
2024-12-03 12:15:00,9,0,0,0.012380937
2024-12-03 12:30:00,9,0,0,0.049491454
2024-12-03 12:45:00,9,0,0,0.030690232
2024-12-03 13:00:00,9,0,0,0.024870569
2024-12-03 13:15:00,9,0,0,0.04902677
2024-12-03 13:30:00,9,0,0,0.05387692
2024-12-03 13:45:00,9,0,0,0.039244924
2024-12-03 14:00:00,9,0,0,0.1836526
2024-12-03 14:15:00,9,0,0,0.08025742
2024-12-03 14:30:00,9,0,0,0.09906495
2024-12-03 14:45:00,9,0,0,0.039150726
2024-12-03 15:00:00,9,0,0,0.14819658
2024-12-03 15:15:00,9,0,0,0.31049684
2024-12-03 15:30:00,9,0,0,0.14450279
2024-12-03 15:45:00,9,0,0,0.24474373
2024-12-03 16:00:00,9,0,1,0.7291111
2024-12-03 16:15:00,9,0,1,0.6694891
2024-12-03 16:30:00,9,0,1,0.68891597
2024-12-03 16:45:00,9,0,1,0.6691557
2024-12-03 17:00:00,9,0,1,0.7128709
2024-12-03 17:15:00,9,0,1,0.72081184
2024-12-03 17:30:00,9,0,1,0.7268402
2024-12-03 17:45:00,9,0,0,0.058468238
2024-12-03 18:00:00,9,0,1,0.8039293
2024-12-03 18:15:00,9,0,1,0.61762524
2024-12-03 18:30:00,9,0,1,0.5805814
2024-12-03 18:45:00,9,0,0,0.317518
2024-12-03 19:00:00,9,0,1,0.7786671
2024-12-03 19:15:00,9,0,1,0.77245176
2024-12-03 19:30:00,9,0,1,0.5338796
2024-12-03 19:45:00,9,0,1,0.7771745
2024-12-03 20:00:00,9,0,1,0.7758375
2024-12-03 20:15:00,9,0,1,0.7908379
2024-12-03 20:30:00,9,0,1,0.84337497
2024-12-03 20:45:00,9,0,1,0.8115344
2024-12-03 21:00:00,9,0,1,0.8226795
2024-12-03 21:15:00,9,0,1,0.83294594
2024-12-03 21:30:00,9,0,1,0.73254025
2024-12-03 21:45:00,9,0,1,0.6294052
2024-12-03 22:00:00,9,0,1,0.4334791
2024-12-03 22:15:00,9,0,0,0.32457498
2024-12-03 22:30:00,9,0,1,0.60111076
2024-12-03 22:45:00,9,0,1,0.85154796
2024-12-03 23:00:00,9,0,1,0.8725192
2024-12-03 23:15:00,9,0,0,0.121108234
2024-12-03 23:30:00,9,0,0,0.04208588
2024-12-03 23:45:00,9,0,0,0.019610789
2024-12-04 00:15:00,9,0,1,0.77718556
2024-12-04 00:30:00,9,0,0,0.02013872
2024-12-04 00:45:00,9,0,0,0.014819695
2024-12-04 01:00:00,9,0,0,0.01868543
2024-12-04 01:15:00,9,0,0,0.01620422
2024-12-04 01:30:00,9,0,0,0.11081144
2024-12-04 01:45:00,9,0,1,0.7542979
2024-12-04 02:00:00,9,0,1,0.7614658
2024-12-04 02:15:00,9,0,0,0.023798848
2024-12-04 02:30:00,9,0,0,0.07136538
2024-12-04 02:45:00,9,0,0,0.0326657
2024-12-04 03:00:00,9,0,0,0.03537273
2024-12-04 03:15:00,9,0,0,0.39425817
2024-12-04 03:30:00,9,0,1,0.7937763
2024-12-04 03:45:00,9,0,1,0.7407184
2024-12-04 04:00:00,9,1,1,0.6850159
2024-12-04 04:15:00,9,0,0,0.12513869
2024-12-04 04:30:00,9,0,0,0.1269352
2024-12-04 04:45:00,9,0,0,0.1384462
2024-12-04 05:00:00,9,0,0,0.18105571
2024-12-04 05:15:00,9,0,0,0.11646829
2024-12-04 05:30:00,9,0,0,0.15537174
2024-12-04 05:45:00,9,0,1,0.45997766
2024-12-04 06:00:00,9,0,1,0.52766037
2024-12-04 06:15:00,9,0,1,0.62550735
2024-12-04 06:30:00,9,0,1,0.5031222
2024-12-04 06:45:00,9,0,0,0.046585467
2024-12-04 07:00:00,9,0,0,0.07225744
2024-12-04 07:15:00,9,0,0,0.107158914
2024-12-04 07:30:00,9,0,0,0.11609811
2024-12-04 07:45:00,9,0,0,0.15453053
2024-12-04 08:00:00,9,0,0,0.2062654
2024-12-04 08:15:00,9,0,0,0.09263721
2024-12-04 08:30:00,9,0,0,0.18917799
2024-12-04 08:45:00,9,0,1,0.529805
2024-12-04 09:00:00,9,0,0,0.030831946
2024-12-04 09:15:00,9,0,0,0.023903629
2024-12-04 09:30:00,9,0,0,0.014964571
2024-12-04 09:45:00,9,0,0,0.009460897
2024-12-04 10:00:00,9,0,0,0.014922804
2024-12-04 10:15:00,9,0,0,0.013897383
2024-12-04 10:30:00,9,0,0,0.011224226
2024-12-04 10:45:00,9,0,0,0.012700292
2024-12-04 11:00:00,9,0,0,0.009377134
2024-12-04 11:15:00,9,0,0,0.0071395305
2024-12-04 11:30:00,9,0,0,0.0084721325
2024-12-04 11:45:00,9,0,0,0.0054863365
2024-12-04 12:00:00,9,0,0,0.0036011701
2024-12-04 12:15:00,9,0,0,0.003179845
2024-12-04 12:30:00,9,0,0,0.0033896724
2024-12-04 12:45:00,9,0,0,0.0033632768
2024-12-04 13:00:00,9,0,0,0.0034210072
2024-12-04 13:15:00,9,0,0,0.0032047578
2024-12-04 13:30:00,9,0,0,0.0030798512
2024-12-04 13:45:00,9,0,0,0.0036781493
2024-12-04 14:00:00,9,0,0,0.0033303858
2024-12-04 14:15:00,9,0,0,0.00414062
2024-12-04 14:30:00,9,0,0,0.004663062
2024-12-04 14:45:00,9,0,0,0.0038634073
2024-12-04 15:00:00,9,0,0,0.0032020824
2024-12-04 15:15:00,9,0,0,0.002675455
2024-12-04 15:30:00,9,0,0,0.0026795499
2024-12-04 15:45:00,9,0,0,0.0026532633
2024-12-04 16:00:00,9,0,0,0.0033682322
2024-12-04 16:15:00,9,0,0,0.00348875
2024-12-04 16:30:00,9,0,0,0.004486637
2024-12-04 16:45:00,9,0,0,0.0028333534
2024-12-04 17:00:00,9,0,0,0.0027301945
2024-12-04 17:15:00,9,0,0,0.0024307864
2024-12-04 17:30:00,9,0,0,0.0022912265
2024-12-04 17:45:00,9,0,0,0.0027063026
2024-12-04 18:00:00,9,0,0,0.0026512754
2024-12-04 18:15:00,9,0,0,0.002387795
2024-12-04 18:30:00,9,0,0,0.0025122466
2024-12-04 18:45:00,9,0,0,0.0019743496
2024-12-04 19:00:00,9,0,0,0.0014667949
2024-12-04 19:15:00,9,0,0,0.0013925898
2024-12-04 19:30:00,9,0,0,0.0016356345
2024-12-04 19:45:00,9,0,0,0.0015736265
2024-12-04 20:00:00,9,0,0,0.0013599957
2024-12-04 20:15:00,9,0,0,0.0013751999
2024-12-04 20:30:00,9,0,0,0.0010056209
2024-12-04 20:45:00,9,0,0,0.0010614549
2024-12-04 21:00:00,9,0,0,0.0011108471
2024-12-04 21:15:00,9,0,0,0.0009222504
2024-12-04 21:30:00,9,0,0,0.000989801
2024-12-04 21:45:00,9,0,0,0.001011566
2024-12-04 22:00:00,9,0,0,0.0012198398
2024-12-04 22:15:00,9,0,0,0.0011308497
2024-12-04 22:30:00,9,0,0,0.0010769592
2024-12-04 22:45:00,9,0,0,0.0012288905
2024-12-04 23:00:00,9,0,0,0.0012428043
2024-12-04 23:15:00,9,0,0,0.00092663156
2024-12-04 23:30:00,9,0,0,0.00095006253
2024-12-04 23:45:00,9,0,0,0.0012121561
2024-12-05 00:15:00,9,0,0,0.001017911
2024-12-05 00:30:00,9,0,0,0.0010264218
2024-12-05 00:45:00,9,0,0,0.00093739846
2024-12-05 01:00:00,9,0,0,0.0009033496
2024-12-05 01:15:00,9,0,0,0.0008181921
2024-12-05 01:30:00,9,0,0,0.00068686955
2024-12-05 01:45:00,9,0,0,0.00067107077
2024-12-05 02:00:00,9,0,0,0.00083950494
2024-12-05 02:15:00,9,0,0,0.00090959657
2024-12-05 02:30:00,9,0,0,0.0011505127
2024-12-05 02:45:00,9,0,0,0.0010629672
2024-12-05 03:00:00,9,0,0,0.0008850564
2024-12-05 03:15:00,9,0,0,0.0010708919
2024-12-05 03:30:00,9,0,0,0.0011191044
2024-12-05 03:45:00,9,0,0,0.0011843819
2024-12-05 04:00:00,9,0,0,0.001141625
2024-12-05 04:15:00,9,0,0,0.0011689318
2024-12-05 04:30:00,9,0,0,0.0011389971
2024-12-05 04:45:00,9,0,0,0.0010559751
2024-12-05 05:00:00,9,0,0,0.0010618219
2024-12-05 05:15:00,9,0,0,0.0010198235
2024-12-05 05:30:00,9,0,0,0.0011808055
2024-12-05 05:45:00,9,0,0,0.0034044941
2024-12-05 06:00:00,9,0,0,0.0047524646
2024-12-05 06:15:00,9,0,0,0.09066758
2024-12-05 06:30:00,9,0,0,0.09148305
2024-12-05 06:45:00,9,0,0,0.10138509
2024-12-05 07:00:00,9,0,0,0.066148326
2024-12-05 07:15:00,9,0,0,0.064574815
2024-12-05 07:30:00,9,0,0,0.039120782
2024-12-05 07:45:00,9,0,0,0.0660827
2024-12-05 08:00:00,9,1,0,0.09897711
2024-12-05 08:15:00,9,1,0,0.13120583
2024-12-05 08:30:00,9,1,0,0.21532556
2024-12-05 08:45:00,9,1,0,0.2542543
2024-12-05 09:00:00,9,1,0,0.025823496
2024-12-05 09:15:00,9,0,0,0.018179286
2024-12-05 09:30:00,9,0,0,0.08160416
2024-12-05 09:45:00,9,1,0,0.09101432
2024-12-05 10:00:00,9,0,0,0.054092716
2024-12-05 10:15:00,9,0,0,0.024189165
2024-12-05 10:30:00,9,0,0,0.023218434
2024-12-05 10:45:00,9,0,0,0.0063918373
2024-12-05 11:00:00,9,0,0,0.0035442398
2024-12-05 11:15:00,9,0,0,0.0028105304
2024-12-05 11:30:00,9,0,0,0.0034277786
2024-12-05 11:45:00,9,0,0,0.0038161029
2024-12-05 12:00:00,9,0,0,0.0032102843
2024-12-05 12:15:00,9,0,0,0.003921022
2024-12-05 12:30:00,9,0,0,0.0034379747
2024-12-05 12:45:00,9,0,0,0.0061065657
2024-12-05 13:00:00,9,0,0,0.012019376
2024-12-05 13:15:00,9,0,0,0.0043313904
2024-12-05 13:30:00,9,0,0,0.0029003832
2024-12-05 13:45:00,9,0,0,0.0026812314
2024-12-05 14:00:00,9,0,0,0.002114924
2024-12-05 14:15:00,9,0,0,0.0026487669
2024-12-05 14:30:00,9,0,0,0.002275753
2024-12-05 14:45:00,9,0,0,0.0017827778
2024-12-05 15:00:00,9,0,0,0.001705874
2024-12-05 15:15:00,9,0,0,0.0016094191
2024-12-05 15:30:00,9,0,0,0.0015794861
2024-12-05 15:45:00,9,0,0,0.0015446618
2024-12-05 16:00:00,9,0,0,0.0019324358
2024-12-05 16:15:00,9,0,0,0.0018016299
2024-12-05 16:30:00,9,0,0,0.0017335045
2024-12-05 16:45:00,9,0,0,0.038443998
2024-12-05 17:00:00,9,0,0,0.029074982
2024-12-05 17:15:00,9,0,0,0.058375668
2024-12-05 17:30:00,9,0,0,0.040372476
2024-12-05 17:45:00,9,0,0,0.041558
2024-12-05 18:00:00,9,0,0,0.06606717
2024-12-05 18:15:00,9,0,0,0.04783289
2024-12-05 18:30:00,9,0,0,0.053115558
2024-12-05 18:45:00,9,0,0,0.05439521
2024-12-05 19:00:00,9,0,0,0.021335982
2024-12-05 19:15:00,9,0,0,0.013447625
2024-12-05 19:30:00,9,0,0,0.012849189
2024-12-05 19:45:00,9,0,0,0.011896462
2024-12-05 20:00:00,9,0,0,0.010829551
2024-12-05 20:15:00,9,0,0,0.01281486
2024-12-05 20:30:00,9,0,0,0.011207304
2024-12-05 20:45:00,9,0,0,0.020215953
2024-12-05 21:00:00,9,0,0,0.036438223
2024-12-05 21:15:00,9,0,0,0.025333565
2024-12-05 21:30:00,9,0,0,0.015896305
2024-12-05 21:45:00,9,0,0,0.01685929
2024-12-05 22:00:00,9,0,0,0.012939922
2024-12-05 22:15:00,9,0,0,0.026529232
2024-12-05 22:30:00,9,0,0,0.030383488
2024-12-05 22:45:00,9,0,0,0.030394029
2024-12-05 23:00:00,9,0,0,0.026755221
2024-12-05 23:15:00,9,0,0,0.025802452
2024-12-05 23:30:00,9,0,0,0.023852386
2024-12-05 23:45:00,9,0,0,0.020331511
2024-12-06 00:15:00,9,0,0,0.031494435
2024-12-06 00:30:00,9,0,0,0.036175903
2024-12-06 00:45:00,9,0,0,0.033534173
2024-12-06 01:00:00,9,0,0,0.026944825
2024-12-06 01:15:00,9,0,0,0.044468056
2024-12-06 01:30:00,9,0,0,0.033747062
2024-12-06 01:45:00,9,0,0,0.03690674
2024-12-06 02:00:00,9,0,0,0.039946143
2024-12-06 02:15:00,9,0,0,0.04008145
2024-12-06 02:30:00,9,0,0,0.042078834
2024-12-06 02:45:00,9,0,0,0.025902282
2024-12-06 03:00:00,9,0,0,0.02306103
2024-12-06 03:15:00,9,0,0,0.018141422
2024-12-06 03:30:00,9,0,0,0.023281159
2024-12-06 03:45:00,9,0,0,0.019638246
2024-12-06 04:00:00,9,0,0,0.026715755
2024-12-06 04:15:00,9,0,0,0.022542637
2024-12-06 04:30:00,9,0,0,0.027279187
2024-12-06 04:45:00,9,0,0,0.028690387
2024-12-06 05:00:00,9,0,0,0.02810657
2024-12-06 05:15:00,9,0,0,0.027321693
2024-12-06 05:30:00,9,0,0,0.03187614
2024-12-06 05:45:00,9,0,0,0.028863091
2024-12-06 06:00:00,9,0,0,0.020822171
2024-12-06 06:15:00,9,0,0,0.023593403
2024-12-06 06:30:00,9,0,0,0.01759228
2024-12-06 06:45:00,9,0,0,0.03523026
2024-12-06 07:00:00,9,0,0,0.013910594
2024-12-06 07:15:00,9,0,0,0.020686721
2024-12-06 07:30:00,9,0,0,0.09296806
2024-12-06 07:45:00,9,0,0,0.028287474
2024-12-06 08:00:00,9,0,0,0.058159262
2024-12-06 08:15:00,9,0,0,0.07123889
2024-12-06 08:30:00,9,0,0,0.08855241
2024-12-06 08:45:00,9,0,0,0.18812446
2024-12-06 09:00:00,9,0,0,0.11100778
2024-12-06 09:15:00,9,0,0,0.13629897
2024-12-06 09:30:00,9,0,0,0.04001158
2024-12-06 09:45:00,9,0,0,0.006458872
2024-12-06 10:00:00,9,0,0,0.025375994
2024-12-06 10:15:00,9,0,0,0.06800467
2024-12-06 10:30:00,9,0,0,0.03823762
2024-12-06 10:45:00,9,0,0,0.07957865
2024-12-06 11:00:00,9,0,0,0.012563676
2024-12-06 11:15:00,9,0,0,0.027958171
2024-12-06 11:30:00,9,0,0,0.01641979
2024-12-06 11:45:00,9,0,0,0.13390042
2024-12-06 12:00:00,9,0,0,0.013490809
2024-12-06 12:15:00,9,0,0,0.0066764993
2024-12-06 12:30:00,9,0,0,0.0069977175
2024-12-06 12:45:00,9,0,0,0.0062411902
2024-12-06 13:00:00,9,0,0,0.006670417
2024-12-06 13:15:00,9,0,0,0.009174076
2024-12-06 13:30:00,9,0,0,0.018934578
2024-12-06 13:45:00,9,0,0,0.008560812
2024-12-06 14:00:00,9,0,0,0.008830531
2024-12-06 14:15:00,9,0,0,0.005059604
2024-12-06 14:30:00,9,0,0,0.007855744
2024-12-06 14:45:00,9,0,0,0.0075828102
2024-12-06 15:00:00,9,0,0,0.0077621355
2024-12-06 15:15:00,9,0,0,0.009480551
2024-12-06 15:30:00,9,0,0,0.011658131
2024-12-06 15:45:00,9,0,0,0.0056889397
2024-12-06 16:00:00,9,0,0,0.00903551
2024-12-06 16:15:00,9,0,0,0.013011774
2024-12-06 16:30:00,9,0,0,0.010971363
2024-12-06 16:45:00,9,0,0,0.008898729
2024-12-06 17:00:00,9,0,0,0.0043477127
2024-12-06 17:15:00,9,0,0,0.0053295656
2024-12-06 17:30:00,9,0,0,0.004914623
2024-12-06 17:45:00,9,0,0,0.0038869488
2024-12-06 18:00:00,9,0,0,0.003702447
2024-12-06 18:15:00,9,0,0,0.0027161287
2024-12-06 18:30:00,9,0,0,0.0028615298
2024-12-06 18:45:00,9,0,0,0.0025693893
2024-12-06 19:00:00,9,0,0,0.0021284306
2024-12-06 19:15:00,9,0,0,0.0021282448
2024-12-06 19:30:00,9,0,0,0.0015776712
2024-12-06 19:45:00,9,0,0,0.001468556
2024-12-06 20:00:00,9,0,0,0.0012964089
2024-12-06 20:15:00,9,0,0,0.0015398242
2024-12-06 20:30:00,9,0,0,0.0014630595
2024-12-06 20:45:00,9,0,0,0.0013708315
2024-12-06 21:00:00,9,0,0,0.0012038447
2024-12-06 21:15:00,9,0,0,0.0010369342
2024-12-06 21:30:00,9,0,0,0.0011282761
2024-12-06 21:45:00,9,0,0,0.0010458014
2024-12-06 22:00:00,9,0,0,0.001024157
2024-12-06 22:15:00,9,0,0,0.0008699814
2024-12-06 22:30:00,9,0,0,0.000734413
2024-12-06 22:45:00,9,0,0,0.0006941589
2024-12-06 23:00:00,9,0,0,0.0006387595
2024-12-06 23:15:00,9,0,0,0.0006719815
2024-12-06 23:30:00,9,0,0,0.0006872699
2024-12-06 23:45:00,9,0,0,0.00069511496
2024-12-07 00:15:00,9,0,0,0.0006149787
2024-12-07 00:30:00,9,0,0,0.0006209802
2024-12-07 00:45:00,9,0,0,0.0006547235
2024-12-07 01:00:00,9,0,0,0.0006107889
2024-12-07 01:15:00,9,0,0,0.0006662022
2024-12-07 01:30:00,9,0,0,0.00074471487
2024-12-07 01:45:00,9,0,0,0.0008433871
2024-12-07 02:00:00,9,0,0,0.00090285257
2024-12-07 02:15:00,9,0,0,0.0014625939
2024-12-07 02:30:00,9,0,0,0.0010014657
2024-12-07 02:45:00,9,0,0,0.0010203561
2024-12-07 03:00:00,9,0,0,0.0011098408
2024-12-07 03:15:00,9,0,0,0.0012349774
2024-12-07 03:30:00,9,0,0,0.0027433187
2024-12-07 03:45:00,9,0,0,0.0014914325
2024-12-07 04:00:00,9,0,0,0.0015707801
2024-12-07 04:15:00,9,0,0,0.0019183067
2024-12-07 04:30:00,9,0,0,0.002267493
2024-12-07 04:45:00,9,0,0,0.0023600738
2024-12-07 05:00:00,9,0,0,0.0060898233
2024-12-07 05:15:00,9,0,0,0.012054454
2024-12-07 05:30:00,9,0,0,0.0055588535
2024-12-07 05:45:00,9,0,0,0.011050992
2024-12-07 06:00:00,9,0,0,0.080088824
2024-12-07 06:15:00,9,0,0,0.04618501
2024-12-07 06:30:00,9,0,0,0.030030271
2024-12-07 06:45:00,9,0,0,0.025810659
2024-12-07 07:00:00,9,0,0,0.019890428
2024-12-07 07:15:00,9,0,0,0.022809872
2024-12-07 07:30:00,9,0,0,0.024274914
2024-12-07 07:45:00,9,0,0,0.028462945
2024-12-07 08:00:00,9,0,0,0.021705842
2024-12-07 08:15:00,9,0,0,0.035643417
2024-12-07 08:30:00,9,0,0,0.026165394
2024-12-07 08:45:00,9,0,0,0.026349446
2024-12-07 09:00:00,9,0,0,0.01894174
2024-12-07 09:15:00,9,0,0,0.018489318
2024-12-07 09:30:00,9,0,0,0.017636346
2024-12-07 09:45:00,9,0,0,0.016762672
2024-12-07 10:00:00,9,0,0,0.012363202
2024-12-07 10:15:00,9,0,0,0.009423497
2024-12-07 10:30:00,9,0,0,0.007648034
2024-12-07 10:45:00,9,0,0,0.008919866
2024-12-07 11:00:00,9,0,0,0.0076112174
2024-12-07 11:15:00,9,0,0,0.0069103474
2024-12-07 11:30:00,9,0,0,0.006308208
2024-12-07 11:45:00,9,0,0,0.0044472525
2024-12-07 12:00:00,9,0,0,0.004676791
2024-12-07 12:15:00,9,0,0,0.0041423407
2024-12-07 12:30:00,9,0,0,0.0042156386
2024-12-07 12:45:00,9,0,0,0.0040144655
2024-12-07 13:00:00,9,0,0,0.0026853587
2024-12-07 13:15:00,9,0,0,0.0026579737
2024-12-07 13:30:00,9,0,0,0.0024886455
2024-12-07 13:45:00,9,0,0,0.0037835834
2024-12-07 14:00:00,9,0,0,0.0036834576
2024-12-07 14:15:00,9,0,0,0.0033434916
2024-12-07 14:30:00,9,0,0,0.0032512553
2024-12-07 14:45:00,9,0,0,0.0041584224
2024-12-07 15:00:00,9,0,0,0.0060902676
2024-12-07 15:15:00,9,0,0,0.005385747
2024-12-07 15:30:00,9,0,0,0.0048354655
2024-12-07 15:45:00,9,0,0,0.0035794533
2024-12-07 16:00:00,9,0,0,0.00706992
2024-12-07 16:15:00,9,0,0,0.004320279
2024-12-07 16:30:00,9,0,0,0.0034938846
2024-12-07 16:45:00,9,0,0,0.0035968302
2024-12-07 17:00:00,9,0,0,0.0053857765
2024-12-07 17:15:00,9,0,0,0.007639709
2024-12-07 17:30:00,9,0,0,0.0058172327
2024-12-07 17:45:00,9,0,0,0.00564037
2024-12-07 18:00:00,9,0,0,0.0076364293
2024-12-07 18:15:00,9,0,0,0.00791856
2024-12-07 18:30:00,9,0,0,0.008120769
2024-12-07 18:45:00,9,0,0,0.008046292
2024-12-07 19:00:00,9,0,0,0.009314286
2024-12-07 19:15:00,9,0,0,0.00698634
2024-12-07 19:30:00,9,0,0,0.0103781
2024-12-07 19:45:00,9,0,0,0.012206291
2024-12-07 20:00:00,9,0,0,0.0070523256
2024-12-07 20:15:00,9,0,0,0.0066152224
2024-12-07 20:30:00,9,0,0,0.0068206573
2024-12-07 20:45:00,9,0,0,0.0065479656
2024-12-07 21:00:00,9,0,0,0.0073572192
2024-12-07 21:15:00,9,0,0,0.0072758524
2024-12-07 21:30:00,9,0,0,0.01017277
2024-12-07 21:45:00,9,0,0,0.011427787
2024-12-07 22:00:00,9,0,0,0.011532574
2024-12-07 22:15:00,9,0,0,0.012198477
2024-12-07 22:30:00,9,0,0,0.012678185
2024-12-07 22:45:00,9,0,0,0.012914913
2024-12-07 23:00:00,9,0,0,0.015254219
2024-12-07 23:15:00,9,0,0,0.012963765
2024-12-07 23:30:00,9,0,0,0.011840484
2024-12-07 23:45:00,9,0,0,0.00956268
2024-12-08 00:15:00,9,0,0,0.008384955
2024-12-08 00:30:00,9,0,0,0.008341248
2024-12-08 00:45:00,9,0,0,0.009699787
2024-12-08 01:00:00,9,0,0,0.00954607
2024-12-08 01:15:00,9,0,0,0.007599363
2024-12-08 01:30:00,9,0,0,0.009908014
2024-12-08 01:45:00,9,0,0,0.0080086915
2024-12-08 02:00:00,9,0,0,0.0073274877
2024-12-08 02:15:00,9,0,0,0.008063645
2024-12-08 02:30:00,9,0,0,0.010389778
2024-12-08 02:45:00,9,0,0,0.010971592
2024-12-08 03:00:00,9,0,0,0.011298985
2024-12-08 03:15:00,9,0,0,0.01122866
2024-12-08 03:30:00,9,0,0,0.009312931
2024-12-08 03:45:00,9,0,0,0.008424607
2024-12-08 04:00:00,9,0,0,0.008432227
2024-12-08 04:15:00,9,0,0,0.008103819
2024-12-08 04:30:00,9,0,0,0.007922721
2024-12-08 04:45:00,9,0,0,0.007683352
2024-12-08 05:00:00,9,0,0,0.008039163
2024-12-08 05:15:00,9,0,0,0.007910468
2024-12-08 05:30:00,9,0,0,0.008379161
2024-12-08 05:45:00,9,0,0,0.009109763
2024-12-08 06:00:00,9,0,0,0.009237437
2024-12-08 06:15:00,9,0,0,0.009391082
2024-12-08 06:30:00,9,0,0,0.009602458
2024-12-08 06:45:00,9,0,0,0.009527522
2024-12-08 07:00:00,9,0,0,0.0068699354
2024-12-08 07:15:00,9,0,0,0.008800834
2024-12-08 07:30:00,9,0,0,0.007245569
2024-12-08 07:45:00,9,0,0,0.009305561
2024-12-08 08:00:00,9,0,0,0.006744493
2024-12-08 08:15:00,9,0,0,0.008115171
2024-12-08 08:30:00,9,0,0,0.0070978566
2024-12-08 08:45:00,9,0,0,0.009156782
2024-12-08 09:00:00,9,0,0,0.006391775
2024-12-08 09:15:00,9,0,0,0.0066661597
2024-12-08 09:30:00,9,0,0,0.0066386694
2024-12-08 09:45:00,9,0,0,0.006603915
2024-12-08 10:00:00,9,0,0,0.0040403144
2024-12-08 10:15:00,9,0,0,0.0031744654
2024-12-08 10:30:00,9,0,0,0.0030655558
2024-12-08 10:45:00,9,0,0,0.0029986296
2024-12-08 11:00:00,9,0,0,0.0031038895
2024-12-08 11:15:00,9,0,0,0.0026956017
2024-12-08 11:30:00,9,0,0,0.0028214853
2024-12-08 11:45:00,9,0,0,0.0024382146
2024-12-08 12:00:00,9,0,0,0.0023058006
2024-12-08 12:15:00,9,0,0,0.0027047829
2024-12-08 12:30:00,9,0,0,0.0028448359
2024-12-08 12:45:00,9,0,0,0.0023689743
2024-12-08 13:00:00,9,0,0,0.0023056953
2024-12-08 13:15:00,9,0,0,0.0023700178
2024-12-08 13:30:00,9,0,0,0.0022947537
2024-12-08 13:45:00,9,0,0,0.0021235722
2024-12-08 14:00:00,9,0,0,0.0021439868
2024-12-08 14:15:00,9,0,0,0.001849117
2024-12-08 14:30:00,9,0,0,0.0020108502
2024-12-08 14:45:00,9,0,0,0.002229588
2024-12-08 15:00:00,9,0,0,0.0029571922
2024-12-08 15:15:00,9,0,0,0.0026460125
2024-12-08 15:30:00,9,0,0,0.003144672
2024-12-08 15:45:00,9,0,0,0.0031735473
2024-12-08 16:00:00,9,0,0,0.0061850054
2024-12-08 16:15:00,9,0,0,0.006706729
2024-12-08 16:30:00,9,0,0,0.0067209615
2024-12-08 16:45:00,9,0,0,0.0070015383
2024-12-08 17:00:00,9,0,0,0.01147485
2024-12-08 17:15:00,9,0,0,0.017210634
2024-12-08 17:30:00,9,0,0,0.019601965
2024-12-08 17:45:00,9,0,0,0.020278554
2024-12-08 18:00:00,9,0,0,0.017426467
2024-12-08 18:15:00,9,0,0,0.019928752
2024-12-08 18:30:00,9,0,0,0.020659009
2024-12-08 18:45:00,9,0,0,0.02293237
2024-12-08 19:00:00,9,0,0,0.02447125
2024-12-08 19:15:00,9,0,0,0.02399549
2024-12-08 19:30:00,9,0,0,0.023159146
2024-12-08 19:45:00,9,0,0,0.004054788
2024-12-08 20:00:00,9,0,0,0.003987791
2024-12-08 20:15:00,9,0,0,0.006339881
2024-12-08 20:30:00,9,0,0,0.005125804
2024-12-08 20:45:00,9,0,0,0.0030822933
2024-12-08 21:00:00,9,0,0,0.0028172326
2024-12-08 21:15:00,9,0,0,0.0028959797
2024-12-08 21:30:00,9,0,0,0.0023189022
2024-12-08 21:45:00,9,0,0,0.0026698883
2024-12-08 22:00:00,9,0,0,0.002908729
2024-12-08 22:15:00,9,0,0,0.002392819
2024-12-08 22:30:00,9,0,0,0.0022372361
2024-12-08 22:45:00,9,0,0,0.0024188987
2024-12-08 23:00:00,9,0,0,0.0021400359
2024-12-08 23:15:00,9,0,0,0.0021505551
2024-12-08 23:30:00,9,0,0,0.0030110248
2024-12-08 23:45:00,9,0,0,0.023508217
2024-12-09 00:15:00,9,0,0,0.0037733833
2024-12-09 00:30:00,9,0,0,0.0032253421
2024-12-09 00:45:00,9,0,0,0.0034275923
2024-12-09 01:00:00,9,0,0,0.004383656
2024-12-09 01:15:00,9,0,0,0.0040475377
2024-12-09 01:30:00,9,0,0,0.0045588445
2024-12-09 01:45:00,9,0,0,0.006722252
2024-12-09 02:00:00,9,0,0,0.032427993
2024-12-09 02:15:00,9,0,0,0.037414815
2024-12-09 02:30:00,9,0,0,0.043338466
2024-12-09 02:45:00,9,0,0,0.07187828
2024-12-09 03:00:00,9,0,0,0.0080167595
2024-12-09 03:15:00,9,0,0,0.004911813
2024-12-09 03:30:00,9,0,0,0.0051926486
2024-12-09 03:45:00,9,0,0,0.0051384955
2024-12-09 04:00:00,9,0,0,0.005163754
2024-12-09 04:15:00,9,0,0,0.005620477
2024-12-09 04:30:00,9,0,0,0.0052813995
2024-12-09 04:45:00,9,0,0,0.004847781
2024-12-09 05:00:00,9,0,0,0.0051357592
2024-12-09 05:15:00,9,0,0,0.004228901
2024-12-09 05:30:00,9,0,0,0.004695994
2024-12-09 05:45:00,9,0,0,0.05835313
2024-12-09 06:00:00,9,0,0,0.061175995
2024-12-09 06:15:00,9,0,0,0.087667584
2024-12-09 06:30:00,9,0,0,0.072854064
2024-12-09 06:45:00,9,0,0,0.08087773
2024-12-09 07:00:00,9,0,0,0.0063528856
2024-12-09 07:15:00,9,0,0,0.0035997608
2024-12-09 07:30:00,9,0,0,0.0031557134
2024-12-09 07:45:00,9,0,0,0.0030621407
2024-12-09 08:00:00,9,0,0,0.0040554646
2024-12-09 08:15:00,9,0,0,0.0029690962
2024-12-09 08:30:00,9,0,0,0.0025583296
2024-12-09 08:45:00,9,0,0,0.0018067709
2024-12-09 09:00:00,9,0,0,0.0011134489
2024-12-09 09:15:00,9,0,0,0.0010859749
2024-12-09 09:30:00,9,0,0,0.0011945982
2024-12-09 09:45:00,9,0,0,0.0011048181
2024-12-09 10:00:00,9,0,0,0.0009094439
2024-12-09 10:15:00,9,0,0,0.0011449953
2024-12-09 10:30:00,9,0,0,0.0011201203
2024-12-09 10:45:00,9,0,0,0.0010663891
2024-12-09 11:00:00,9,0,0,0.0008497996
2024-12-09 11:15:00,9,0,0,0.00083080237
2024-12-09 11:30:00,9,0,0,0.0010649412
2024-12-09 11:45:00,9,0,0,0.0008094621
2024-12-09 12:00:00,9,0,0,0.0006949944
2024-12-09 12:15:00,9,0,0,0.00078165025
2024-12-09 12:30:00,9,0,0,0.00087267556
2024-12-09 12:45:00,9,0,0,0.000774425
2024-12-09 13:00:00,9,0,0,0.00078592415
2024-12-09 13:15:00,9,0,0,0.00069195585
2024-12-09 13:30:00,9,0,0,0.00076774834
2024-12-09 13:45:00,9,0,0,0.0010560418
2024-12-09 14:00:00,9,0,0,0.0010544133
2024-12-09 14:15:00,9,0,0,0.00081803586
2024-12-09 14:30:00,9,0,0,0.001198344
2024-12-09 14:45:00,9,0,0,0.0009170148
2024-12-09 15:00:00,9,0,0,0.0009250448
2024-12-09 15:15:00,9,0,0,0.0009722042
2024-12-09 15:30:00,9,0,0,0.00091755355
2024-12-09 15:45:00,9,0,0,0.0009647401
2024-12-09 16:00:00,9,0,0,0.0014459986
2024-12-09 16:15:00,9,0,0,0.0012252022
2024-12-09 16:30:00,9,0,0,0.0013954776
2024-12-09 16:45:00,9,0,0,0.0013332334
2024-12-09 17:00:00,9,0,0,0.0016389781
2024-12-09 17:15:00,9,0,0,0.0016057723
2024-12-09 17:30:00,9,0,0,0.0016768844
2024-12-09 17:45:00,9,0,0,0.0015155628
2024-12-09 18:00:00,9,0,0,0.0018667977
2024-12-09 18:15:00,9,0,0,0.0019704567
2024-12-09 18:30:00,9,0,0,0.0017975661
2024-12-09 18:45:00,9,0,0,0.0017515977
2024-12-09 19:00:00,9,0,0,0.0015937727
2024-12-09 19:15:00,9,0,0,0.0018037648
2024-12-09 19:30:00,9,0,0,0.002169719
2024-12-09 19:45:00,9,0,0,0.0023937456
2024-12-09 20:00:00,9,0,0,0.0023007074
2024-12-09 20:15:00,9,0,0,0.0020524678
2024-12-09 20:30:00,9,0,0,0.0018473289
2024-12-09 20:45:00,9,0,0,0.002661217
2024-12-09 21:00:00,9,0,0,0.0023363936
2024-12-09 21:15:00,9,0,0,0.003029393
2024-12-09 21:30:00,9,0,0,0.0029402196
2024-12-09 21:45:00,9,0,0,0.0026029046
2024-12-09 22:00:00,9,0,0,0.0021586695
2024-12-09 22:15:00,9,0,0,0.0023407638
2024-12-09 22:30:00,9,0,0,0.0025789267
2024-12-09 22:45:00,9,0,0,0.0025866104
2024-12-09 23:00:00,9,0,0,0.0033928046
2024-12-09 23:15:00,9,0,0,0.0029950468
2024-12-09 23:30:00,9,0,0,0.0035581344
2024-12-09 23:45:00,9,0,0,0.0029554053
2024-12-10 01:00:00,10,0,0,0.002192413
2024-12-10 01:15:00,10,0,0,0.003093392
2024-12-10 01:30:00,10,0,0,0.00394604
2024-12-10 01:45:00,10,0,0,0.0027006208
2024-12-10 02:00:00,10,0,0,0.0022278123
2024-12-10 02:15:00,10,0,0,0.0018976702
2024-12-10 02:30:00,10,0,0,0.0023050474
2024-12-10 02:45:00,10,0,0,0.0024920555
2024-12-10 03:00:00,10,0,0,0.002543181
2024-12-10 03:15:00,10,0,0,0.002382261
2024-12-10 03:30:00,10,0,0,0.0016035598
2024-12-10 03:45:00,10,0,0,0.0018759113
2024-12-10 04:00:00,10,0,0,0.0017186158
2024-12-10 04:15:00,10,0,0,0.0013832554
2024-12-10 04:30:00,10,0,0,0.0013712386
2024-12-10 04:45:00,10,0,0,0.001334403
2024-12-10 05:00:00,10,0,0,0.0013114519
2024-12-10 05:15:00,10,0,0,0.0014344527
2024-12-10 05:30:00,10,0,0,0.0013906722
2024-12-10 05:45:00,10,0,0,0.0015575989
2024-12-10 06:00:00,10,0,0,0.00181855
2024-12-10 06:15:00,10,0,0,0.0014502459
2024-12-10 06:30:00,10,0,0,0.0018766337
2024-12-10 06:45:00,10,0,0,0.0022921409
2024-12-10 07:00:00,10,0,0,0.0022254037
2024-12-10 07:15:00,10,0,0,0.0016096672
2024-12-10 07:30:00,10,0,0,0.0017754759
2024-12-10 07:45:00,10,0,0,0.0018229203
2024-12-10 08:00:00,10,0,0,0.0016629664
2024-12-10 08:15:00,10,0,0,0.0019008111
2024-12-10 08:30:00,10,0,0,0.0024413888
2024-12-10 08:45:00,10,0,0,0.0011582498
2024-12-10 09:00:00,10,0,0,0.0010791024
2024-12-10 09:15:00,10,0,0,0.0009179733
2024-12-10 09:30:00,10,0,0,0.00084548927
2024-12-10 09:45:00,10,0,0,0.00076263986
2024-12-10 10:00:00,10,0,0,0.00091256597
2024-12-10 10:15:00,10,0,0,0.00075400353
2024-12-10 10:30:00,10,0,0,0.000697334
2024-12-10 10:45:00,10,0,0,0.0007193188
2024-12-10 11:00:00,10,0,0,0.0006554854
2024-12-10 11:15:00,10,0,0,0.000563897
2024-12-10 11:30:00,10,0,0,0.00073034264
2024-12-10 11:45:00,10,0,0,0.0007388719
2024-12-10 12:00:00,10,0,0,0.0009140943
2024-12-10 12:15:00,10,0,0,0.00066255603
2024-12-10 12:30:00,10,0,0,0.0010514214
2024-12-10 12:45:00,10,0,0,0.0007365052
2024-12-10 13:00:00,10,0,0,0.00096802093
2024-12-10 13:15:00,10,0,0,0.000926769
2024-12-10 13:30:00,10,0,0,0.0015352422
2024-12-10 13:45:00,10,0,0,0.0011838686
2024-12-10 14:00:00,10,0,0,0.0011629912
2024-12-10 14:15:00,10,0,0,0.001116938
2024-12-10 14:30:00,10,0,0,0.0014439805
2024-12-10 14:45:00,10,0,0,0.0013613797
2024-12-10 15:00:00,10,0,0,0.0014217346
2024-12-10 15:15:00,10,0,0,0.0013897393
2024-12-10 15:30:00,10,0,0,0.0015198613
2024-12-10 15:45:00,10,0,0,0.0016449936
2024-12-10 16:00:00,10,0,0,0.0028086547
2024-12-10 16:15:00,10,0,0,0.0022770136
2024-12-10 16:30:00,10,0,0,0.0022993353
2024-12-10 16:45:00,10,0,0,0.0034325607
2024-12-10 17:00:00,10,0,0,0.0039341617
2024-12-10 17:15:00,10,0,0,0.004033331
2024-12-10 17:30:00,10,0,0,0.061005346
2024-12-10 17:45:00,10,0,0,0.09761785
2024-12-10 18:00:00,10,0,0,0.010086509
2024-12-10 18:15:00,10,0,0,0.005439348
2024-12-10 18:30:00,10,0,0,0.006181441
2024-12-10 18:45:00,10,0,0,0.004983636
2024-12-10 19:00:00,10,0,0,0.004285603
2024-12-10 19:15:00,10,0,0,0.005401272
2024-12-10 19:30:00,10,0,0,0.004960179
2024-12-10 19:45:00,10,0,0,0.004822917
2024-12-10 20:00:00,10,0,0,0.16775917
2024-12-10 20:15:00,10,0,0,0.008703759
2024-12-10 20:30:00,10,0,0,0.10260422
2024-12-10 20:45:00,10,0,0,0.008278918
2024-12-10 21:00:00,10,0,0,0.12834238
2024-12-10 21:15:00,10,0,0,0.32065162
2024-12-10 21:30:00,10,0,0,0.008245064
2024-12-10 21:45:00,10,0,0,0.019957917
2024-12-10 22:00:00,10,0,0,0.010321412
2024-12-10 22:15:00,10,0,0,0.008458859
2024-12-10 22:30:00,10,0,0,0.005510308
2024-12-10 23:00:00,10,0,0,0.008804745
2024-12-10 23:15:00,10,0,0,0.12234847
2024-12-10 23:30:00,10,0,0,0.08530684
2024-12-10 23:45:00,10,0,0,0.1880074
2024-12-11 00:15:00,10,0,0,0.005741621
2024-12-11 00:30:00,10,0,0,0.004347854
2024-12-11 00:45:00,10,0,0,0.005367546
2024-12-11 01:00:00,10,0,0,0.005441179
2024-12-11 01:15:00,10,0,0,0.0074299234
2024-12-11 01:30:00,10,0,0,0.006914336
2024-12-11 01:45:00,10,0,0,0.121417895
2024-12-11 02:00:00,10,0,0,0.03193529
2024-12-11 02:15:00,10,0,0,0.0074504907
2024-12-11 02:30:00,10,0,0,0.012350642
2024-12-11 02:45:00,10,0,0,0.020354474
2024-12-11 03:00:00,10,0,0,0.007894732
2024-12-11 03:15:00,10,0,0,0.016315367
2024-12-11 03:30:00,10,0,0,0.009389777
2024-12-11 03:45:00,10,0,0,0.009494047
2024-12-11 04:00:00,10,0,0,0.04197336
2024-12-11 04:15:00,10,0,0,0.020884613
2024-12-11 04:30:00,10,0,1,0.5354726
2024-12-11 04:45:00,10,0,0,0.0357797
2024-12-11 05:00:00,10,0,0,0.010196425
2024-12-11 05:15:00,10,0,0,0.32602894
2024-12-11 05:30:00,10,0,0,0.010751226
2024-12-11 05:45:00,10,0,0,0.018112531
2024-12-11 06:00:00,10,0,0,0.3737867
2024-12-11 06:15:00,10,0,0,0.016000627
2024-12-11 06:30:00,10,0,0,0.016726471
2024-12-11 06:45:00,10,0,0,0.39928716
2024-12-11 07:00:00,10,0,0,0.0149982385
2024-12-11 07:15:00,10,0,0,0.012089706
2024-12-11 07:30:00,10,0,0,0.026666246
2024-12-11 07:45:00,10,0,0,0.009274107
2024-12-11 08:00:00,10,0,0,0.086274855
2024-12-11 08:15:00,10,0,1,0.5571453
2024-12-11 08:30:00,10,0,0,0.047472652
2024-12-11 08:45:00,10,0,0,0.026262023
2024-12-11 09:00:00,10,0,0,0.006611049
2024-12-11 09:15:00,10,0,0,0.014298027
2024-12-11 09:30:00,10,0,0,0.01128733
2024-12-11 09:45:00,10,0,0,0.28841588
2024-12-11 10:00:00,10,0,0,0.012984505
2024-12-11 10:15:00,10,0,0,0.011510687
2024-12-11 10:30:00,10,0,0,0.039687615
2024-12-11 10:45:00,10,0,0,0.0061272252
2024-12-11 11:00:00,10,0,0,0.010075109
2024-12-11 11:15:00,10,0,0,0.009809994
2024-12-11 11:30:00,10,0,0,0.009017407
2024-12-11 11:45:00,10,0,0,0.009854988
2024-12-11 12:00:00,10,0,0,0.006643481
2024-12-11 12:15:00,10,0,0,0.004488985
2024-12-11 12:30:00,10,0,0,0.009453255
2024-12-11 12:45:00,10,0,0,0.0060096346
2024-12-11 13:00:00,10,0,0,0.007938471
2024-12-11 13:15:00,10,0,0,0.044060756
2024-12-11 13:30:00,10,0,0,0.010694385
2024-12-11 13:45:00,10,0,0,0.009922415
2024-12-11 14:00:00,10,0,0,0.01370626
2024-12-11 14:15:00,10,0,0,0.008837359
2024-12-11 14:30:00,10,0,0,0.011672698
2024-12-11 14:45:00,10,0,0,0.016345602
2024-12-11 15:00:00,10,0,0,0.0129294405
2024-12-11 15:15:00,10,0,0,0.005139883
2024-12-11 15:30:00,10,0,0,0.007230142
2024-12-11 15:45:00,10,0,0,0.008141463
2024-12-11 16:00:00,10,0,0,0.033257723
2024-12-11 16:15:00,10,0,1,0.56832534
2024-12-11 16:30:00,10,0,0,0.013377296
2024-12-11 16:45:00,10,0,0,0.081235215
2024-12-11 17:00:00,10,0,0,0.028216742
2024-12-11 17:15:00,10,0,0,0.08136329
2024-12-11 17:30:00,10,0,0,0.11762989
2024-12-11 17:45:00,10,0,0,0.02161807
2024-12-11 18:00:00,10,0,0,0.26970255
2024-12-11 18:15:00,10,0,1,0.72587615
2024-12-11 18:30:00,10,0,0,0.028848186
2024-12-11 18:45:00,10,0,0,0.050358284
2024-12-11 19:00:00,10,0,1,0.38937396
2024-12-11 19:15:00,10,0,0,0.12330246
2024-12-11 19:30:00,10,0,0,0.03596178
2024-12-11 19:45:00,10,0,0,0.2866505
2024-12-11 20:00:00,10,0,0,0.14415772
2024-12-11 20:15:00,10,0,0,0.050246418
2024-12-11 20:30:00,10,0,0,0.031663883
2024-12-11 20:45:00,10,0,0,0.045118317
2024-12-11 21:00:00,10,0,0,0.060208753
2024-12-11 21:15:00,10,0,0,0.2709088
2024-12-11 21:30:00,10,0,0,0.26329058
2024-12-11 21:45:00,10,0,1,0.67438203
2024-12-11 22:00:00,10,0,0,0.09357294
2024-12-11 22:15:00,10,0,1,0.53702015
2024-12-11 22:30:00,10,0,1,0.59202296
2024-12-11 22:45:00,10,0,1,0.5470159
2024-12-11 23:00:00,10,0,1,0.5257705
2024-12-11 23:15:00,10,0,1,0.44689205
2024-12-11 23:30:00,10,0,1,0.4714226
2024-12-11 23:45:00,10,0,1,0.4905434
2024-12-12 00:15:00,10,0,1,0.78228575
2024-12-12 00:30:00,10,0,1,0.5599858
2024-12-12 00:45:00,10,0,1,0.5006697
2024-12-12 01:00:00,10,0,1,0.6217956
2024-12-12 01:15:00,10,0,1,0.5533952
2024-12-12 01:30:00,10,0,1,0.582986
2024-12-12 01:45:00,10,0,1,0.6491664
2024-12-12 02:00:00,10,0,1,0.67623
2024-12-12 02:15:00,10,0,1,0.5348423
2024-12-12 02:30:00,10,0,1,0.58343077
2024-12-12 02:45:00,10,0,1,0.81852984
2024-12-12 03:00:00,10,0,1,0.6632158
2024-12-12 03:15:00,10,0,1,0.65866405
2024-12-12 03:30:00,10,0,1,0.6108878
2024-12-12 03:45:00,10,0,1,0.6780021
2024-12-12 04:00:00,10,0,1,0.5885221
2024-12-12 04:15:00,10,0,1,0.669118
2024-12-12 04:30:00,10,0,1,0.6293603
2024-12-12 04:45:00,10,0,1,0.7955792
2024-12-12 05:00:00,10,0,1,0.7689341
2024-12-12 05:15:00,10,0,1,0.6425862
2024-12-12 05:30:00,10,0,1,0.6565476
2024-12-12 05:45:00,10,0,1,0.6099854
2024-12-12 06:00:00,10,0,1,0.53210455
2024-12-12 06:15:00,10,0,0,0.3929796
2024-12-12 06:30:00,10,0,1,0.7303751
2024-12-12 06:45:00,10,0,1,0.74002784
2024-12-12 07:00:00,10,0,1,0.737098
2024-12-12 07:15:00,10,0,1,0.7675249
2024-12-12 07:30:00,10,0,1,0.5893562
2024-12-12 07:45:00,10,0,1,0.64577764
2024-12-12 08:00:00,10,0,1,0.64164853
2024-12-12 08:15:00,10,0,1,0.591826
2024-12-12 08:30:00,10,0,1,0.6129366
2024-12-12 08:45:00,10,0,1,0.7498083
2024-12-12 09:00:00,10,0,1,0.39658496
2024-12-12 09:15:00,10,0,1,0.5681438
2024-12-12 09:30:00,10,0,0,0.36395335
2024-12-12 09:45:00,10,0,0,0.36293808
2024-12-12 10:00:00,10,0,0,0.30283394
2024-12-12 10:15:00,10,0,0,0.33754826
2024-12-12 10:30:00,10,0,0,0.33790734
2024-12-12 10:45:00,10,0,1,0.63817453
2024-12-12 11:00:00,10,0,0,0.3159537
2024-12-12 11:15:00,10,0,0,0.24285345
2024-12-12 11:30:00,10,0,0,0.24049567
2024-12-12 11:45:00,10,0,0,0.31220648
2024-12-12 12:00:00,10,0,0,0.08195072
2024-12-12 12:15:00,10,0,0,0.012578022
2024-12-12 12:30:00,10,0,0,0.017065581
2024-12-12 12:45:00,10,0,0,0.39075646
2024-12-12 13:00:00,10,0,0,0.0737592
2024-12-12 13:15:00,10,0,0,0.008499646
2024-12-12 13:30:00,10,0,0,0.010147477
2024-12-12 13:45:00,10,0,0,0.008232725
2024-12-12 14:00:00,10,0,0,0.00571251
2024-12-12 14:15:00,10,0,0,0.004496164
2024-12-12 14:30:00,10,0,0,0.0068721827
2024-12-12 14:45:00,10,0,0,0.008817989
2024-12-12 15:00:00,10,0,0,0.0043549137
2024-12-12 15:15:00,10,0,0,0.002972696
2024-12-12 15:30:00,10,0,0,0.0055155903
2024-12-12 15:45:00,10,0,0,0.0067503746
2024-12-12 16:00:00,10,0,0,0.0034335232
2024-12-12 16:15:00,10,0,0,0.0035462377
2024-12-12 16:30:00,10,0,0,0.008736891
2024-12-12 16:45:00,10,0,0,0.022857666
2024-12-12 17:00:00,10,0,0,0.026222093
2024-12-12 17:15:00,10,0,0,0.042096723
2024-12-12 17:30:00,10,0,0,0.035385232
2024-12-12 17:45:00,10,0,0,0.034077987
2024-12-12 18:00:00,10,0,0,0.04444792
2024-12-12 18:15:00,10,0,0,0.08258357
2024-12-12 18:30:00,10,0,0,0.03505499
2024-12-12 18:45:00,10,0,0,0.1627101
2024-12-12 19:00:00,10,0,0,0.106623486
2024-12-12 19:15:00,10,0,0,0.10096069
2024-12-12 19:30:00,10,0,0,0.115489446
2024-12-12 19:45:00,10,0,0,0.119229585
2024-12-12 20:00:00,10,0,0,0.09430321
2024-12-12 20:15:00,10,0,0,0.09633983
2024-12-12 20:30:00,10,0,0,0.10251049
2024-12-12 20:45:00,10,0,0,0.11401487
2024-12-12 21:00:00,10,0,0,0.01718824
2024-12-12 21:15:00,10,0,0,0.032427847
2024-12-12 21:30:00,10,0,0,0.020642834
2024-12-12 21:45:00,10,0,0,0.012737506
2024-12-12 22:00:00,10,0,0,0.0139661785
2024-12-12 22:15:00,10,0,0,0.013759415
2024-12-12 22:30:00,10,0,0,0.0063005555
2024-12-12 23:00:00,10,0,0,0.0044825007
2024-12-12 23:15:00,10,0,0,0.00569155
2024-12-12 23:30:00,10,0,0,0.025628794
2024-12-12 23:45:00,10,0,0,0.054518104
2024-12-13 00:15:00,10,0,0,0.113041155
2024-12-13 00:30:00,10,0,0,0.1232042
2024-12-13 00:45:00,10,0,0,0.07306617
2024-12-13 01:00:00,10,0,0,0.043053128
2024-12-13 01:15:00,10,0,0,0.059758916
2024-12-13 01:30:00,10,0,0,0.053271234
2024-12-13 01:45:00,10,0,0,0.045298878
2024-12-13 02:00:00,10,0,0,0.026488755
2024-12-13 02:15:00,10,0,0,0.05320604
2024-12-13 02:30:00,10,0,0,0.25872332
2024-12-13 02:45:00,10,0,0,0.22481996
2024-12-13 03:00:00,10,0,0,0.2088038
2024-12-13 03:15:00,10,0,0,0.22798398
2024-12-13 03:30:00,10,0,0,0.14115258
2024-12-13 03:45:00,10,0,1,0.5068728
2024-12-13 04:00:00,10,0,0,0.25392228
2024-12-13 04:15:00,10,0,1,0.57112044
2024-12-13 04:30:00,10,0,0,0.37234357
2024-12-13 04:45:00,10,0,1,0.6628063
2024-12-13 05:00:00,10,1,1,0.46938053
2024-12-13 05:15:00,10,1,1,0.5059929
2024-12-13 05:30:00,10,1,0,0.30961597
2024-12-13 05:45:00,10,1,0,0.38808078
2024-12-13 06:00:00,10,1,1,0.48876572
2024-12-13 06:15:00,10,0,1,0.5700948
2024-12-13 06:30:00,10,1,1,0.5774464
2024-12-13 06:45:00,10,1,1,0.6547281
2024-12-13 07:00:00,10,1,1,0.57088214
2024-12-13 07:15:00,10,1,1,0.5997612
2024-12-13 07:30:00,10,1,1,0.5679336
2024-12-13 07:45:00,10,1,1,0.4536866
2024-12-13 08:00:00,10,1,0,0.026785476
2024-12-13 08:15:00,10,0,0,0.052976705
2024-12-13 08:30:00,10,0,0,0.12152791
2024-12-13 08:45:00,10,0,1,0.4076758
2024-12-13 09:00:00,10,0,0,0.29746523
2024-12-13 09:15:00,10,1,0,0.2882641
2024-12-13 09:30:00,10,1,0,0.18465844
2024-12-13 09:45:00,10,0,0,0.052525114
2024-12-13 10:00:00,10,0,0,0.05951414
2024-12-13 10:15:00,10,0,0,0.0645044
2024-12-13 10:30:00,10,0,0,0.053545903
2024-12-13 10:45:00,10,0,0,0.0636692
2024-12-13 11:00:00,10,0,0,0.042494163
2024-12-13 11:15:00,10,0,0,0.04628786
2024-12-13 11:30:00,10,0,0,0.022804212
2024-12-13 11:45:00,10,0,0,0.010270523
2024-12-13 12:00:00,10,0,0,0.020573841
2024-12-13 12:15:00,10,0,0,0.030983271
2024-12-13 12:30:00,10,0,0,0.06730138
2024-12-13 12:45:00,10,0,0,0.03503027
2024-12-13 13:00:00,10,0,0,0.016011655
2024-12-13 13:15:00,10,0,0,0.017553154
2024-12-13 13:30:00,10,0,0,0.007486286
2024-12-13 13:45:00,10,0,0,0.03459542
2024-12-13 14:00:00,10,0,0,0.32702535
2024-12-13 14:15:00,10,1,1,0.51813805
2024-12-13 14:30:00,10,0,0,0.25156468
2024-12-13 14:45:00,10,1,0,0.46917078
2024-12-13 15:00:00,10,0,0,0.22369587
2024-12-13 15:15:00,10,0,0,0.2737479
2024-12-13 15:30:00,10,1,0,0.25894713
2024-12-13 15:45:00,10,0,0,0.24547073
2024-12-13 16:00:00,10,1,1,0.6593646
2024-12-13 16:15:00,10,0,1,0.67994314
2024-12-13 16:30:00,10,1,1,0.58273757
2024-12-13 16:45:00,10,1,1,0.64774597
2024-12-13 17:00:00,10,1,1,0.7417073
2024-12-13 17:15:00,10,0,1,0.8005095
2024-12-13 17:30:00,10,0,1,0.81230897
2024-12-13 17:45:00,10,1,1,0.7229618
2024-12-13 18:00:00,10,1,1,0.7894418
2024-12-13 18:15:00,10,1,1,0.79242975
2024-12-13 18:30:00,10,1,1,0.7805336
2024-12-13 18:45:00,10,1,1,0.841363
2024-12-13 19:00:00,10,0,1,0.84891653
2024-12-13 19:15:00,10,0,1,0.78546065
2024-12-13 19:30:00,10,0,1,0.83914953
2024-12-13 19:45:00,10,1,1,0.78143805
2024-12-13 20:00:00,10,1,1,0.82625705
2024-12-13 20:15:00,10,1,1,0.83329844
2024-12-13 20:30:00,10,1,1,0.80665034
2024-12-13 20:45:00,10,1,1,0.8342207
2024-12-13 21:00:00,10,0,1,0.8425075
2024-12-13 21:15:00,10,1,1,0.7916757
2024-12-13 21:30:00,10,1,1,0.69982934
2024-12-13 21:45:00,10,1,1,0.5659364
2024-12-13 22:00:00,10,1,1,0.58128273
2024-12-13 22:15:00,10,0,1,0.59089637
2024-12-13 22:30:00,10,1,1,0.4990314
2024-12-13 22:45:00,10,1,1,0.5587337
2024-12-13 23:00:00,10,1,1,0.7164426
2024-12-13 23:15:00,10,1,1,0.7306621
2024-12-13 23:30:00,10,1,1,0.72125626
2024-12-13 23:45:00,10,1,1,0.6110792
2024-12-14 00:15:00,10,0,1,0.6514702
2024-12-14 00:30:00,10,0,1,0.70029086
2024-12-14 00:45:00,10,0,1,0.7509809
2024-12-14 01:00:00,10,1,1,0.7535951
2024-12-14 01:15:00,10,1,1,0.663876
2024-12-14 01:30:00,10,1,1,0.64838785
2024-12-14 01:45:00,10,1,1,0.612877
2024-12-14 02:00:00,10,1,1,0.6241205
2024-12-14 02:15:00,10,1,1,0.71399564
2024-12-14 02:30:00,10,1,1,0.7375429
2024-12-14 02:45:00,10,1,1,0.5469092
2024-12-14 03:00:00,10,1,1,0.63041884
2024-12-14 03:15:00,10,1,1,0.48244402
2024-12-14 03:30:00,10,1,0,0.43223053
2024-12-14 03:45:00,10,1,1,0.5807408
2024-12-14 04:00:00,10,1,1,0.52804774
2024-12-14 04:15:00,10,1,0,0.41699123
2024-12-14 04:30:00,10,1,0,0.4161485
2024-12-14 04:45:00,10,1,1,0.47731572
2024-12-14 05:00:00,10,1,0,0.38097197
2024-12-14 05:15:00,10,1,1,0.4087863
2024-12-14 05:30:00,10,0,0,0.36352748
2024-12-14 05:45:00,10,0,1,0.3942936
2024-12-14 06:00:00,10,0,0,0.3358641
2024-12-14 06:15:00,10,1,0,0.29491228
2024-12-14 06:30:00,10,1,0,0.33576134
2024-12-14 06:45:00,10,1,0,0.37015262
2024-12-14 07:00:00,10,1,0,0.42937237
2024-12-14 07:15:00,10,1,1,0.4909687
2024-12-14 07:30:00,10,1,0,0.38897544
2024-12-14 07:45:00,10,1,1,0.48025134
2024-12-14 08:00:00,10,1,0,0.32091498
2024-12-14 08:15:00,10,1,1,0.48111463
2024-12-14 08:30:00,10,1,0,0.4524674
2024-12-14 08:45:00,10,1,0,0.45517272
2024-12-14 09:00:00,10,1,0,0.41987482
2024-12-14 09:15:00,10,1,0,0.4202243
2024-12-14 09:30:00,10,1,0,0.37115023
2024-12-14 09:45:00,10,1,0,0.22459798
2024-12-14 10:00:00,10,1,0,0.302382
2024-12-14 10:15:00,10,1,0,0.2632062
2024-12-14 10:30:00,10,1,0,0.30428058
2024-12-14 10:45:00,10,1,0,0.11921136
2024-12-14 11:00:00,10,1,0,0.1082005
2024-12-14 11:15:00,10,1,0,0.22900121
2024-12-14 11:30:00,10,1,0,0.09514065
2024-12-14 11:45:00,10,1,0,0.08445576
2024-12-14 12:00:00,10,1,0,0.12380725
2024-12-14 12:15:00,10,1,0,0.0872364
2024-12-14 12:30:00,10,1,0,0.12922715
2024-12-14 12:45:00,10,1,0,0.051240753
2024-12-14 13:00:00,10,0,0,0.07415054
2024-12-14 13:15:00,10,1,0,0.23893611
2024-12-14 13:30:00,10,1,0,0.24932122
2024-12-14 13:45:00,10,1,0,0.07604119
2024-12-14 14:00:00,10,1,0,0.06447004
2024-12-14 14:15:00,10,1,0,0.07999937
2024-12-14 14:30:00,10,1,0,0.13161092
2024-12-14 14:45:00,10,1,0,0.1430324
2024-12-14 15:00:00,10,1,0,0.16404451
2024-12-14 15:15:00,10,1,0,0.21040569
2024-12-14 15:30:00,10,1,0,0.30247054
2024-12-14 15:45:00,10,1,0,0.2940614
2024-12-14 16:00:00,10,1,0,0.35462752
2024-12-14 16:15:00,10,1,0,0.3613548
2024-12-14 16:30:00,10,0,0,0.345179
2024-12-14 16:45:00,10,1,0,0.34485877
2024-12-14 17:00:00,10,1,0,0.29812816
2024-12-14 17:15:00,10,1,0,0.33049276
2024-12-14 17:30:00,10,1,0,0.2324418
2024-12-14 17:45:00,10,1,0,0.32538375
2024-12-14 18:00:00,10,1,0,0.4051667
2024-12-14 18:15:00,10,1,0,0.28156626
2024-12-14 18:30:00,10,1,0,0.31286815
2024-12-14 18:45:00,10,1,0,0.27115142
2024-12-14 19:00:00,10,1,0,0.35406408
2024-12-14 19:15:00,10,1,0,0.26494446
2024-12-14 19:30:00,10,1,0,0.2274823
2024-12-14 19:45:00,10,1,0,0.32854116
2024-12-14 20:00:00,10,1,0,0.26098916
2024-12-14 20:15:00,10,0,0,0.3017856
2024-12-14 20:30:00,10,0,0,0.10440184
2024-12-14 20:45:00,10,0,0,0.14569166
2024-12-14 21:00:00,10,0,0,0.046625108
2024-12-14 21:15:00,10,0,0,0.09770307
2024-12-14 21:30:00,10,0,0,0.029749002
2024-12-14 21:45:00,10,0,0,0.062720746
2024-12-14 22:00:00,10,0,0,0.054496385
2024-12-14 22:15:00,10,0,0,0.1345437
2024-12-14 22:30:00,10,0,0,0.31045774
2024-12-14 22:45:00,10,0,0,0.16807257
2024-12-14 23:00:00,10,0,0,0.052895524
2024-12-14 23:15:00,10,0,0,0.47906178
2024-12-14 23:30:00,10,0,1,0.60645235
2024-12-14 23:45:00,10,0,0,0.47818527
2024-12-15 00:15:00,10,0,0,0.43431187
2024-12-15 00:30:00,10,0,0,0.3520577
2024-12-15 00:45:00,10,0,0,0.42763057
2024-12-15 01:00:00,10,0,0,0.20067604
2024-12-15 01:15:00,10,0,0,0.45935643
2024-12-15 01:30:00,10,0,1,0.6161312
2024-12-15 01:45:00,10,1,1,0.535892
2024-12-15 02:00:00,10,1,0,0.47139886
2024-12-15 02:15:00,10,1,0,0.4708111
2024-12-15 02:30:00,10,1,0,0.35248473
2024-12-15 02:45:00,10,1,0,0.39007816
2024-12-15 03:00:00,10,0,0,0.38392815
2024-12-15 03:15:00,10,1,0,0.35841286
2024-12-15 03:30:00,10,1,0,0.3471347
2024-12-15 03:45:00,10,1,0,0.25440568
2024-12-15 04:00:00,10,1,0,0.29593137
2024-12-15 04:15:00,10,1,0,0.17320327
2024-12-15 04:30:00,10,1,0,0.18228412
2024-12-15 04:45:00,10,1,0,0.107265405
2024-12-15 05:00:00,10,1,0,0.1354511
2024-12-15 05:15:00,10,1,0,0.0774273
2024-12-15 05:30:00,10,0,0,0.09220549
2024-12-15 05:45:00,10,0,0,0.10861724
2024-12-15 06:00:00,10,0,0,0.06883222
2024-12-15 06:15:00,10,0,0,0.078053296
2024-12-15 06:30:00,10,1,0,0.0630549
2024-12-15 06:45:00,10,1,0,0.058630984
2024-12-15 07:00:00,10,1,0,0.0392755
2024-12-15 07:15:00,10,0,0,0.054705035
2024-12-15 07:30:00,10,1,0,0.13205276
2024-12-15 07:45:00,10,1,0,0.14595108
2024-12-15 08:00:00,10,1,0,0.13548772
2024-12-15 08:15:00,10,1,0,0.13642788
2024-12-15 08:30:00,10,1,0,0.16587025
2024-12-15 08:45:00,10,1,0,0.14868017
2024-12-15 09:00:00,10,1,0,0.07433268
2024-12-15 09:15:00,10,1,0,0.034727946
2024-12-15 09:30:00,10,1,0,0.04699827
2024-12-15 09:45:00,10,0,0,0.03113329
2024-12-15 10:00:00,10,0,0,0.044174593
2024-12-15 10:15:00,10,0,0,0.04253647
2024-12-15 10:30:00,10,0,0,0.05625226
2024-12-15 10:45:00,10,0,0,0.042180385
2024-12-15 11:00:00,10,0,0,0.04201487
2024-12-15 11:15:00,10,0,0,0.041338824
2024-12-15 11:30:00,10,1,0,0.06096584
2024-12-15 11:45:00,10,1,0,0.05268683
2024-12-15 12:00:00,10,1,0,0.05220255
2024-12-15 12:15:00,10,1,0,0.06885336
2024-12-15 12:30:00,10,0,0,0.020853765
2024-12-15 12:45:00,10,0,0,0.06864675
2024-12-15 13:00:00,10,0,0,0.05254666
2024-12-15 13:15:00,10,1,0,0.054513074
2024-12-15 13:30:00,10,0,0,0.05824808
2024-12-15 13:45:00,10,0,0,0.021923497
2024-12-15 14:00:00,10,0,0,0.020683251
2024-12-15 14:15:00,10,0,0,0.05232322
2024-12-15 14:30:00,10,1,0,0.041215405
2024-12-15 14:45:00,10,0,0,0.059695553
2024-12-15 15:00:00,10,0,0,0.047895964
2024-12-15 15:15:00,10,0,0,0.07825603
2024-12-15 15:30:00,10,0,0,0.020747347
2024-12-15 15:45:00,10,0,0,0.0645869
2024-12-15 16:00:00,10,0,0,0.060867235
2024-12-15 16:15:00,10,0,0,0.033528395
2024-12-15 16:30:00,10,0,0,0.035885986
2024-12-15 16:45:00,10,0,0,0.0104664685
2024-12-15 17:00:00,10,0,0,0.011779348
2024-12-15 17:15:00,10,0,0,0.009399862
2024-12-15 17:30:00,10,0,0,0.016116638
2024-12-15 17:45:00,10,0,0,0.0288715
2024-12-15 18:00:00,10,0,0,0.20521243
2024-12-15 18:15:00,10,0,0,0.010659584
2024-12-15 18:30:00,10,0,0,0.008273774
2024-12-15 18:45:00,10,0,0,0.005963085
2024-12-15 19:00:00,10,0,0,0.0017181556
2024-12-15 19:15:00,10,0,0,0.004766011
2024-12-15 19:30:00,10,0,0,0.019068763
2024-12-15 19:45:00,10,0,0,0.025534293
2024-12-15 20:00:00,10,0,0,0.0037451296
2024-12-15 20:15:00,10,0,0,0.009313364
2024-12-15 20:30:00,10,0,0,0.018347155
2024-12-15 20:45:00,10,0,0,0.00807092
2024-12-15 21:00:00,10,0,0,0.004243279
2024-12-15 21:15:00,10,0,0,0.004130285
2024-12-15 21:30:00,10,0,0,0.0030990173
2024-12-15 21:45:00,10,0,0,0.0039434535
2024-12-15 22:00:00,10,0,0,0.0016706989
2024-12-15 22:15:00,10,0,0,0.0047120396
2024-12-15 22:30:00,10,0,0,0.04361823
2024-12-15 22:45:00,10,0,0,0.033747964
2024-12-15 23:00:00,10,0,0,0.11278102
2024-12-15 23:15:00,10,0,0,0.17876524
2024-12-15 23:30:00,10,0,0,0.15235634
2024-12-15 23:45:00,10,0,0,0.2644192
2024-12-16 00:15:00,10,0,0,0.07906073
2024-12-16 00:30:00,10,0,0,0.042444803
2024-12-16 00:45:00,10,0,0,0.25157025
2024-12-16 01:00:00,10,0,0,0.20886092
2024-12-16 01:15:00,10,0,0,0.07133161
2024-12-16 01:30:00,10,0,0,0.07010658
2024-12-16 01:45:00,10,0,0,0.14310521
2024-12-16 02:00:00,10,0,0,0.11390714
2024-12-16 02:15:00,10,0,0,0.072787896
2024-12-16 02:30:00,10,0,0,0.07280512
2024-12-16 02:45:00,10,0,0,0.13224022
2024-12-16 03:00:00,10,0,0,0.2889577
2024-12-16 03:15:00,10,1,0,0.28688818
2024-12-16 03:30:00,10,0,0,0.11225745
2024-12-16 03:45:00,10,0,0,0.0041292496
2024-12-16 04:00:00,10,0,0,0.011782249
2024-12-16 04:15:00,10,0,0,0.022174312
2024-12-16 04:30:00,10,0,0,0.02254072
2024-12-16 04:45:00,10,0,0,0.08413404
2024-12-16 05:00:00,10,0,0,0.044958614
2024-12-16 05:15:00,10,0,0,0.03209252
2024-12-16 05:30:00,10,0,0,0.07798349
2024-12-16 05:45:00,10,0,0,0.18367285
2024-12-16 06:00:00,10,0,0,0.040680226
2024-12-16 06:15:00,10,0,0,0.0063267304
2024-12-16 06:30:00,10,0,0,0.0050808466
2024-12-16 06:45:00,10,0,0,0.003784955
2024-12-16 07:00:00,10,0,0,0.0057167932
2024-12-16 07:15:00,10,0,0,0.256892
2024-12-16 07:30:00,10,0,0,0.33893055
2024-12-16 07:45:00,10,0,0,0.046163123
2024-12-16 08:00:00,10,0,0,0.030437894
2024-12-16 08:15:00,10,0,0,0.004566297
2024-12-16 08:30:00,10,0,0,0.007842338
2024-12-16 08:45:00,10,0,0,0.049210437
2024-12-16 09:00:00,10,0,0,0.08817469
2024-12-16 09:15:00,10,0,0,0.15960704
2024-12-16 09:30:00,10,0,0,0.12158361
2024-12-16 09:45:00,10,0,0,0.03731186
2024-12-16 10:00:00,10,0,0,0.019028738
2024-12-16 10:15:00,10,0,0,0.018536571
2024-12-16 10:30:00,10,0,0,0.012371462
2024-12-16 10:45:00,10,0,0,0.015215527
2024-12-16 11:00:00,10,0,0,0.008779425
2024-12-16 11:15:00,10,0,0,0.009676994
2024-12-16 11:30:00,10,0,0,0.012577022
2024-12-16 11:45:00,10,0,0,0.01493486
2024-12-16 12:00:00,10,0,0,0.022433134
2024-12-16 12:15:00,10,0,0,0.028393641
2024-12-16 12:30:00,10,0,0,0.02941334
2024-12-16 12:45:00,10,0,0,0.007155758
2024-12-16 13:00:00,10,0,0,0.012537199
2024-12-16 13:15:00,10,0,0,0.020066489
2024-12-16 13:30:00,10,0,0,0.030592993
2024-12-16 13:45:00,10,0,0,0.018541722
2024-12-16 14:00:00,10,0,0,0.026720883
2024-12-16 14:15:00,10,0,0,0.017484264
2024-12-16 14:30:00,10,0,0,0.03332991
2024-12-16 14:45:00,10,0,0,0.006055484
2024-12-16 15:00:00,10,0,0,0.01708074
2024-12-16 15:15:00,10,0,0,0.01005848
2024-12-16 15:30:00,10,0,0,0.0029160504
2024-12-16 15:45:00,10,0,0,0.013390448
2024-12-16 16:00:00,10,0,0,0.011247764
2024-12-16 16:15:00,10,0,0,0.0109953545
2024-12-16 16:30:00,10,0,0,0.03931517
2024-12-16 16:45:00,10,0,0,0.024023006
2024-12-16 18:00:00,10,0,0,0.047452763
2024-12-16 18:15:00,10,0,0,0.012655463
2024-12-16 18:30:00,10,0,0,0.0045556054
2024-12-16 18:45:00,10,0,0,0.011629184
2024-12-16 19:00:00,10,0,0,0.008644041
2024-12-16 19:15:00,10,0,0,0.00304625
2024-12-16 19:30:00,10,0,0,0.008462649
2024-12-16 19:45:00,10,0,0,0.003137383
2024-12-16 20:00:00,10,0,0,0.018606558
2024-12-16 20:15:00,10,0,0,0.04247338
2024-12-16 20:30:00,10,0,0,0.048995126
2024-12-16 20:45:00,10,0,0,0.01131629
2024-12-16 21:00:00,10,0,0,0.0043831076
2024-12-16 21:15:00,10,0,0,0.007913844
2024-12-16 21:30:00,10,0,0,0.0057254615
2024-12-16 21:45:00,10,0,0,0.0047843507
2024-12-16 22:00:00,10,0,0,0.008010483
2024-12-16 22:15:00,10,0,0,0.023115238
2024-12-16 22:30:00,10,0,0,0.017197724
2024-12-16 22:45:00,10,0,0,0.019025771
2024-12-16 23:00:00,10,0,0,0.03300926
2024-12-16 23:15:00,10,0,0,0.04907344
2024-12-16 23:30:00,10,0,0,0.028809395
2024-12-16 23:45:00,10,0,0,0.010968588
2024-12-17 02:00:00,11,0,0,0.005810624
2024-12-17 02:15:00,11,0,0,0.0029958794
2024-12-17 02:30:00,11,0,0,0.0063166777
2024-12-17 02:45:00,11,0,0,0.009303462
2024-12-17 03:00:00,11,0,0,0.006454355
2024-12-17 03:15:00,11,0,0,0.004774523
2024-12-17 03:30:00,11,0,0,0.0060541634
2024-12-17 03:45:00,11,0,0,0.0050079697
2024-12-17 04:00:00,11,0,0,0.015744904
2024-12-17 04:15:00,11,0,0,0.010650308
2024-12-17 04:30:00,11,0,0,0.011737006
2024-12-17 04:45:00,11,0,0,0.042817302
2024-12-17 05:00:00,11,0,0,0.02712604
2024-12-17 05:15:00,11,0,0,0.029422337
2024-12-17 05:30:00,11,0,0,0.01066702
2024-12-17 05:45:00,11,0,0,0.017646668
2024-12-17 06:00:00,11,0,0,0.036830515
2024-12-17 06:15:00,11,0,0,0.019174013
2024-12-17 06:30:00,11,0,0,0.022728628
2024-12-17 06:45:00,11,0,0,0.022478282
2024-12-17 07:00:00,11,0,0,0.019224467
2024-12-17 07:15:00,11,0,0,0.011618155
2024-12-17 07:30:00,11,0,0,0.016210524
2024-12-17 07:45:00,11,0,0,0.016335975
2024-12-17 11:00:00,11,0,0,0.0014801917
2024-12-17 11:15:00,11,0,0,0.0012799926
2024-12-17 11:30:00,11,0,0,0.0011983928
2024-12-17 11:45:00,11,0,0,0.00070913916
2024-12-17 12:00:00,11,0,0,0.000582868
2024-12-17 12:15:00,11,0,0,0.00054313225
2024-12-17 12:30:00,11,0,0,0.00062320963
2024-12-17 12:45:00,11,0,0,0.0006869928
2024-12-17 13:00:00,11,0,0,0.00067160954
2024-12-17 13:15:00,11,0,0,0.0006125277
2024-12-17 13:30:00,11,0,0,0.0005862439
2024-12-17 13:45:00,11,0,0,0.0005649158
2024-12-17 14:00:00,11,0,0,0.000584601
2024-12-17 14:15:00,11,0,0,0.00057537225
2024-12-17 14:30:00,11,0,0,0.0004928011
2024-12-17 14:45:00,11,0,0,0.0004454657
2024-12-17 15:00:00,11,0,0,0.00036349657
2024-12-17 15:15:00,11,0,0,0.00042559503
2024-12-17 15:30:00,11,0,0,0.00038422394
2024-12-17 15:45:00,11,0,0,0.00035788462
2024-12-17 16:00:00,11,0,0,0.00042324173
2024-12-17 16:15:00,11,0,0,0.0004769272
2024-12-17 16:30:00,11,0,0,0.00045684061
2024-12-17 16:45:00,11,0,0,0.00043779294
2024-12-17 17:00:00,11,0,0,0.0004997038
2024-12-17 17:15:00,11,0,0,0.00044737916
2024-12-17 17:30:00,11,0,0,0.00043479385
2024-12-17 17:45:00,11,0,0,0.0005007422
2024-12-17 18:00:00,11,0,0,0.0006633061
2024-12-17 18:15:00,11,0,0,0.0005339202
2024-12-17 18:30:00,11,0,0,0.00047763594
2024-12-17 18:45:00,11,0,0,0.0004731371
2024-12-17 19:00:00,11,0,0,0.00047527184
2024-12-17 19:15:00,11,0,0,0.00056086975
2024-12-17 19:30:00,11,0,0,0.00050605764
2024-12-17 19:45:00,11,0,0,0.00047877085
2024-12-17 20:00:00,11,0,0,0.0004311653
2024-12-17 20:15:00,11,0,0,0.00041857586
2024-12-17 20:30:00,11,0,0,0.0003744029
2024-12-17 20:45:00,11,0,0,0.00037884183
2024-12-17 21:00:00,11,0,0,0.0003879575
2024-12-17 21:15:00,11,0,0,0.0003684466
2024-12-17 21:30:00,11,0,0,0.00038261845
2024-12-17 21:45:00,11,0,0,0.0003829226
2024-12-17 22:00:00,11,0,0,0.00040453393
2024-12-17 22:15:00,11,0,0,0.0004017242
2024-12-17 22:30:00,11,0,0,0.0004034409
2024-12-17 22:45:00,11,0,0,0.00035232893
2024-12-17 23:00:00,11,0,0,0.00044617438
2024-12-17 23:15:00,11,0,0,0.0004426283
2024-12-17 23:30:00,11,0,0,0.00056517584
2024-12-17 23:45:00,11,0,0,0.00054790854
2024-12-18 00:15:00,11,0,0,0.00052944623
2024-12-18 00:30:00,11,0,0,0.00039891532
2024-12-18 00:45:00,11,0,0,0.00049637
2024-12-18 01:00:00,11,0,0,0.0003476689
2024-12-18 01:15:00,11,0,0,0.00043681738
2024-12-18 01:30:00,11,0,0,0.00043067927
2024-12-18 01:45:00,11,0,0,0.00042359115
2024-12-18 02:00:00,11,0,0,0.00047428015
2024-12-18 02:15:00,11,0,0,0.00037275118
2024-12-18 02:30:00,11,0,0,0.00041485394
2024-12-18 02:45:00,11,0,0,0.00047449546
2024-12-18 03:00:00,11,0,0,0.00041888683
2024-12-18 03:15:00,11,0,0,0.0005802215
2024-12-18 03:30:00,11,0,0,0.0005607228
2024-12-18 03:45:00,11,0,0,0.00070586853
2024-12-18 04:00:00,11,0,0,0.0009962475
2024-12-18 04:15:00,11,0,0,0.0007747672
2024-12-18 04:30:00,11,0,0,0.0006632021
2024-12-18 04:45:00,11,0,0,0.00064153614
2024-12-18 05:00:00,11,0,0,0.0005856001
2024-12-18 05:15:00,11,0,0,0.0005958914
2024-12-18 05:30:00,11,0,0,0.0005215634
2024-12-18 05:45:00,11,0,0,0.0006264905
2024-12-18 06:00:00,11,0,0,0.00056124554
2024-12-18 06:15:00,11,0,0,0.00052720687
2024-12-18 06:30:00,11,0,0,0.0005278428
2024-12-18 06:45:00,11,0,0,0.00060236524
2024-12-18 07:00:00,11,0,0,0.0006655398
2024-12-18 07:15:00,11,0,0,0.0061167064
2024-12-18 07:30:00,11,0,0,0.005271123
2024-12-18 07:45:00,11,0,0,0.0007028735
2024-12-18 08:00:00,11,0,0,0.0032866832
2024-12-18 08:15:00,11,0,0,0.004037654
2024-12-18 08:30:00,11,0,0,0.0040454865
2024-12-18 08:45:00,11,0,0,0.00491567
2024-12-18 09:00:00,11,0,0,0.008309176
2024-12-18 09:15:00,11,0,0,0.011529509
2024-12-18 09:30:00,11,0,0,0.014285988
2024-12-18 09:45:00,11,0,0,0.022765702
2024-12-18 10:00:00,11,0,0,0.02149906
2024-12-18 10:15:00,11,0,0,0.010666546
2024-12-18 10:30:00,11,0,0,0.014873928
2024-12-18 10:45:00,11,0,0,0.013694623
2024-12-18 11:00:00,11,0,0,0.008459928
2024-12-18 11:15:00,11,0,0,0.008748666
2024-12-18 11:30:00,11,0,0,0.011820005
2024-12-18 11:45:00,11,0,0,0.010726863
2024-12-18 12:00:00,11,0,0,0.005213337
2024-12-18 12:15:00,11,1,0,0.009031299
2024-12-18 12:30:00,11,0,0,0.010259208
2024-12-18 12:45:00,11,1,0,0.009191182
2024-12-18 13:00:00,11,0,0,0.015263757
2024-12-18 13:15:00,11,0,0,0.0104169445
2024-12-18 13:30:00,11,0,0,0.009631961
2024-12-18 13:45:00,11,0,0,0.026156545
2024-12-18 14:00:00,11,1,0,0.020363886
2024-12-18 14:15:00,11,0,0,0.026179168
2024-12-18 14:30:00,11,1,0,0.027318478
2024-12-18 14:45:00,11,1,0,0.03149792
2024-12-18 15:00:00,11,0,0,0.01823623
2024-12-18 15:15:00,11,0,0,0.036262266
2024-12-18 15:30:00,11,0,0,0.019632729
2024-12-18 15:45:00,11,0,0,0.009465276
2024-12-18 16:00:00,11,0,0,0.005322157
2024-12-18 16:15:00,11,0,0,0.0050010444
2024-12-18 16:30:00,11,0,0,0.008495444
2024-12-18 16:45:00,11,0,0,0.008212316
2024-12-18 17:00:00,11,0,0,0.0080161905
2024-12-18 17:15:00,11,0,0,0.010796726
2024-12-18 17:30:00,11,0,0,0.009544207
2024-12-18 17:45:00,11,0,0,0.009966297
2024-12-18 18:00:00,11,0,0,0.013237509
2024-12-18 18:15:00,11,0,0,0.008487982
2024-12-18 18:30:00,11,0,0,0.027004644
2024-12-18 18:45:00,11,0,0,0.053213794
2024-12-18 19:00:00,11,0,0,0.28527826
2024-12-18 19:15:00,11,0,1,0.5012479
2024-12-18 19:30:00,11,1,0,0.3721359
2024-12-18 19:45:00,11,0,1,0.579409
2024-12-18 20:00:00,11,0,1,0.60104644
2024-12-18 20:15:00,11,0,0,0.15423025
2024-12-18 20:30:00,11,0,0,0.15407272
2024-12-18 20:45:00,11,0,0,0.21554267
2024-12-18 21:00:00,11,0,0,0.22483382
2024-12-18 21:15:00,11,0,1,0.46974355
2024-12-18 21:30:00,11,0,0,0.23550285
2024-12-18 21:45:00,11,0,0,0.043121304
2024-12-18 22:00:00,11,0,0,0.023583848
2024-12-18 22:15:00,11,0,0,0.02121112
2024-12-18 22:30:00,11,0,0,0.022955982
2024-12-18 22:45:00,11,0,0,0.035791725
2024-12-18 23:00:00,11,0,0,0.022894911
2024-12-18 23:15:00,11,0,0,0.028682197
2024-12-18 23:30:00,11,0,0,0.027513966
2024-12-18 23:45:00,11,0,0,0.021417197
2024-12-19 00:15:00,11,0,0,0.119010605
2024-12-19 00:30:00,11,0,0,0.08045911
2024-12-19 00:45:00,11,0,0,0.1063804
2024-12-19 01:00:00,11,0,0,0.05773385
2024-12-19 01:15:00,11,0,0,0.091784105
2024-12-19 01:30:00,11,0,0,0.09268962
2024-12-19 01:45:00,11,0,0,0.122424945
2024-12-19 02:00:00,11,0,0,0.10022921
2024-12-19 02:15:00,11,0,0,0.118224144
2024-12-19 02:30:00,11,1,0,0.08357428
2024-12-19 02:45:00,11,1,0,0.070016146
2024-12-19 03:00:00,11,0,0,0.098611094
2024-12-19 03:15:00,11,0,0,0.048972003
2024-12-19 03:30:00,11,0,0,0.035289656
2024-12-19 03:45:00,11,0,0,0.028330334
2024-12-19 04:00:00,11,0,0,0.03408147
2024-12-19 04:15:00,11,0,0,0.14749445
2024-12-19 04:30:00,11,0,0,0.08349527
2024-12-19 04:45:00,11,0,0,0.25156444
2024-12-19 05:00:00,11,0,0,0.28212592
2024-12-19 05:15:00,11,0,0,0.30138993
2024-12-19 05:30:00,11,1,1,0.36172006
2024-12-19 05:45:00,11,0,0,0.21458372
2024-12-19 06:00:00,11,0,0,0.23587021
2024-12-19 06:15:00,11,0,0,0.2514028
2024-12-19 06:30:00,11,1,0,0.2921776
2024-12-19 06:45:00,11,0,0,0.12263017
2024-12-19 07:00:00,11,0,0,0.22551155
2024-12-19 07:15:00,11,0,1,0.3744626
2024-12-19 07:30:00,11,0,0,0.3168639
2024-12-19 07:45:00,11,1,0,0.26282197
2024-12-19 08:00:00,11,1,0,0.17300166
2024-12-19 08:15:00,11,1,0,0.25674573
2024-12-19 08:30:00,11,1,0,0.32527527
2024-12-19 08:45:00,11,1,0,0.2582576
2024-12-19 09:00:00,11,1,0,0.39482275
2024-12-19 09:15:00,11,0,1,0.36714712
2024-12-19 09:30:00,11,0,0,0.29427966
2024-12-19 09:45:00,11,0,0,0.29496783
2024-12-19 10:00:00,11,0,0,0.22211853
2024-12-19 10:15:00,11,0,0,0.12879138
2024-12-19 10:30:00,11,0,0,0.17441016
2024-12-19 10:45:00,11,0,0,0.18430598
2024-12-19 11:00:00,11,0,0,0.10885989
2024-12-19 11:15:00,11,0,0,0.08781476
2024-12-19 11:30:00,11,0,0,0.08030168
2024-12-19 11:45:00,11,0,0,0.05255374
2024-12-19 12:00:00,11,0,0,0.04305301
2024-12-19 12:15:00,11,0,0,0.024367511
2024-12-19 12:30:00,11,0,0,0.018776417
2024-12-19 12:45:00,11,0,0,0.017912218
2024-12-19 13:00:00,11,0,0,0.0073732096
2024-12-19 13:15:00,11,0,0,0.009503016
2024-12-19 13:30:00,11,0,0,0.0068229404
2024-12-19 13:45:00,11,0,0,0.006629526
2024-12-19 14:00:00,11,0,0,0.004513544
2024-12-19 14:15:00,11,0,0,0.005591793
2024-12-19 14:30:00,11,0,0,0.0063937455
2024-12-19 14:45:00,11,0,0,0.0044676233
2024-12-19 15:00:00,11,0,0,0.0027090046
2024-12-19 15:15:00,11,0,0,0.0021121027
2024-12-19 15:30:00,11,0,0,0.0042864485
2024-12-19 15:45:00,11,0,0,0.0040941755
2024-12-19 16:00:00,11,0,0,0.010538694
2024-12-19 16:15:00,11,0,0,0.015630087
2024-12-19 16:30:00,11,0,0,0.01592559
2024-12-19 16:45:00,11,0,0,0.025133569
2024-12-19 17:00:00,11,0,0,0.024431655
2024-12-19 17:15:00,11,0,0,0.030143006
2024-12-19 17:30:00,11,0,0,0.041733325
2024-12-19 17:45:00,11,0,0,0.053064656
2024-12-19 18:00:00,11,0,0,0.055817872
2024-12-19 18:15:00,11,1,0,0.092199504
2024-12-19 18:30:00,11,1,0,0.08498451
2024-12-19 18:45:00,11,1,0,0.065697245
2024-12-19 19:00:00,11,1,0,0.07691885
2024-12-19 19:15:00,11,0,0,0.08781876
2024-12-19 19:30:00,11,0,0,0.055614416
2024-12-19 19:45:00,11,0,0,0.083569825
2024-12-19 20:00:00,11,0,0,0.14031279
2024-12-19 20:15:00,11,1,0,0.17055097
2024-12-19 20:30:00,11,1,0,0.15817393
2024-12-19 20:45:00,11,1,0,0.13481915
2024-12-19 21:00:00,11,1,0,0.14238095
2024-12-19 21:15:00,11,1,0,0.14081666
2024-12-19 21:30:00,11,1,0,0.20967698
2024-12-19 21:45:00,11,1,0,0.27545276
2024-12-19 22:00:00,11,1,0,0.3441961
2024-12-19 22:15:00,11,1,0,0.28294548
2024-12-19 22:30:00,11,1,0,0.27303466
2024-12-19 22:45:00,11,1,0,0.28124458
2024-12-19 23:00:00,11,1,0,0.30429155
2024-12-19 23:15:00,11,1,1,0.3654896
2024-12-19 23:30:00,11,1,0,0.2442913
2024-12-19 23:45:00,11,0,0,0.31778052
2024-12-20 00:15:00,11,0,0,0.35144082
2024-12-20 00:30:00,11,0,0,0.2115778
2024-12-20 00:45:00,11,1,0,0.24364938
2024-12-20 01:00:00,11,0,0,0.24843915
2024-12-20 01:15:00,11,0,0,0.2792955
2024-12-20 01:30:00,11,0,0,0.03797044
2024-12-20 01:45:00,11,0,0,0.12627763
2024-12-20 02:00:00,11,0,0,0.3108885
2024-12-20 02:15:00,11,0,0,0.32467395
2024-12-20 02:30:00,11,0,0,0.35739672
2024-12-20 02:45:00,11,0,0,0.31448394
2024-12-20 03:00:00,11,0,0,0.29900873
2024-12-20 03:15:00,11,0,0,0.29483652
2024-12-20 03:30:00,11,0,0,0.27175888
2024-12-20 03:45:00,11,0,0,0.28294134
2024-12-20 04:00:00,11,0,0,0.32169208
2024-12-20 04:15:00,11,0,0,0.3332087
2024-12-20 04:30:00,11,0,0,0.29868895
2024-12-20 04:45:00,11,0,0,0.26912042
2024-12-20 05:00:00,11,0,0,0.2883917
2024-12-20 05:15:00,11,0,1,0.4127873
2024-12-20 05:30:00,11,0,0,0.39831758
2024-12-20 05:45:00,11,0,0,0.37212932
2024-12-20 06:00:00,11,0,0,0.35402945
2024-12-20 06:15:00,11,0,0,0.3317009
2024-12-20 06:30:00,11,0,0,0.4015496
2024-12-20 06:45:00,11,0,0,0.3356144
2024-12-20 07:00:00,11,0,1,0.47149256
2024-12-20 07:15:00,11,0,0,0.13871679
2024-12-20 07:30:00,11,0,0,0.11091768
2024-12-20 07:45:00,11,0,0,0.029291853
2024-12-20 08:00:00,11,0,0,0.021405375
2024-12-20 08:15:00,11,0,0,0.061063897
2024-12-20 08:30:00,11,0,0,0.020749083
2024-12-20 08:45:00,11,0,0,0.035354998
2024-12-20 09:00:00,11,0,1,0.53448045
2024-12-20 09:15:00,11,0,1,0.5122397
2024-12-20 09:30:00,11,0,0,0.1499389
2024-12-20 09:45:00,11,0,0,0.09232602
2024-12-20 10:00:00,11,0,0,0.011343057
2024-12-20 10:15:00,11,0,0,0.06951743
2024-12-20 10:30:00,11,0,0,0.06206868
2024-12-20 10:45:00,11,0,0,0.17410669
2024-12-20 11:00:00,11,0,0,0.35440978
2024-12-20 11:15:00,11,0,0,0.023916313
2024-12-20 11:30:00,11,0,0,0.0044368766
2024-12-20 11:45:00,11,0,0,0.011063066
2024-12-20 12:00:00,11,0,0,0.0056372173
2024-12-20 12:15:00,11,0,0,0.005324279
2024-12-20 12:30:00,11,0,0,0.003409107
2024-12-20 12:45:00,11,0,0,0.0040986687
2024-12-20 13:00:00,11,0,0,0.0030567904
2024-12-20 13:15:00,11,0,0,0.003647665
2024-12-20 13:30:00,11,0,0,0.003315239
2024-12-20 13:45:00,11,0,0,0.0035030511
2024-12-20 14:00:00,11,0,0,0.0034327644
2024-12-20 14:15:00,11,0,0,0.0026607532
2024-12-20 14:30:00,11,0,0,0.0021487612
2024-12-20 14:45:00,11,0,0,0.0018163852
2024-12-20 15:00:00,11,0,0,0.0018674122
2024-12-20 15:15:00,11,0,0,0.0067991125
2024-12-20 15:30:00,11,0,0,0.0018678122
2024-12-20 15:45:00,11,0,0,0.01844243
2024-12-20 16:00:00,11,0,0,0.07141896
2024-12-20 16:15:00,11,0,0,0.16156355
2024-12-20 16:30:00,11,0,0,0.23772281
2024-12-20 16:45:00,11,1,0,0.23849273
2024-12-20 17:00:00,11,1,0,0.13637999
2024-12-20 17:15:00,11,1,0,0.098986425
2024-12-20 17:30:00,11,1,0,0.1076052
2024-12-20 17:45:00,11,0,0,0.13792078
2024-12-20 18:00:00,11,1,0,0.13750015
2024-12-20 18:15:00,11,1,0,0.14370698
2024-12-20 18:30:00,11,1,0,0.113998294
2024-12-20 18:45:00,11,1,0,0.124052554
2024-12-20 19:00:00,11,1,0,0.14384457
2024-12-20 19:15:00,11,1,0,0.099107146
2024-12-20 19:30:00,11,1,0,0.04539103
2024-12-20 19:45:00,11,1,0,0.078053005
2024-12-20 20:00:00,11,1,0,0.11650582
2024-12-20 20:15:00,11,0,0,0.115048595
2024-12-20 20:30:00,11,1,0,0.0881623
2024-12-20 20:45:00,11,1,0,0.09722769
2024-12-20 21:00:00,11,0,0,0.14031723
2024-12-20 21:15:00,11,0,0,0.12423228
2024-12-20 21:30:00,11,1,0,0.09400934
2024-12-20 21:45:00,11,0,0,0.11210199
2024-12-20 22:00:00,11,0,0,0.0874058
2024-12-20 22:15:00,11,0,0,0.07587363
2024-12-20 22:30:00,11,0,0,0.1087938
2024-12-20 22:45:00,11,0,0,0.10372513
2024-12-20 23:00:00,11,0,0,0.112787314
2024-12-20 23:15:00,11,0,0,0.09171042
2024-12-20 23:30:00,11,0,0,0.19151276
2024-12-20 23:45:00,11,0,0,0.03352033
2024-12-21 00:15:00,11,0,0,0.24016112
2024-12-21 00:30:00,11,0,0,0.13347772
2024-12-21 00:45:00,11,0,0,0.07676387
2024-12-21 01:00:00,11,0,0,0.27516598
2024-12-21 01:15:00,11,0,0,0.078392014
2024-12-21 01:30:00,11,0,0,0.054361645
2024-12-21 01:45:00,11,0,0,0.032516718
2024-12-21 02:00:00,11,0,0,0.057885967
2024-12-21 02:15:00,11,0,0,0.02249894
2024-12-21 02:30:00,11,0,0,0.03444399
2024-12-21 02:45:00,11,0,0,0.011243147
2024-12-21 03:00:00,11,0,0,0.021546012
2024-12-21 03:15:00,11,0,0,0.011493785
2024-12-21 03:30:00,11,0,0,0.012722037
2024-12-21 03:45:00,11,0,0,0.033737294
2024-12-21 04:00:00,11,0,0,0.036693536
2024-12-21 04:15:00,11,0,0,0.016859304
2024-12-21 04:30:00,11,0,0,0.00651063
2024-12-21 04:45:00,11,0,0,0.0036917266
2024-12-21 05:00:00,11,0,0,0.0038852638
2024-12-21 05:15:00,11,0,0,0.0035378535
2024-12-21 05:30:00,11,0,0,0.0035348353
2024-12-21 05:45:00,11,0,0,0.0043486333
2024-12-21 06:00:00,11,0,0,0.0036650803
2024-12-21 06:15:00,11,0,0,0.0033675858
2024-12-21 06:30:00,11,0,0,0.004029086
2024-12-21 06:45:00,11,0,0,0.0030630562
2024-12-21 07:00:00,11,0,0,0.0029657618
2024-12-21 07:15:00,11,0,0,0.012302374
2024-12-21 07:30:00,11,0,0,0.008007114
2024-12-21 07:45:00,11,0,0,0.0056071
2024-12-21 08:00:00,11,0,0,0.01235752
2024-12-21 08:15:00,11,0,0,0.010102667
2024-12-21 08:30:00,11,0,0,0.0055089006
2024-12-21 08:45:00,11,0,0,0.015153395
2024-12-21 09:00:00,11,0,0,0.0044565503
2024-12-21 09:15:00,11,0,0,0.0050822506
2024-12-21 09:30:00,11,0,0,0.006865871
2024-12-21 09:45:00,11,0,0,0.009203621
2024-12-21 10:00:00,11,0,0,0.0016066827
2024-12-21 10:15:00,11,0,0,0.0048782034
2024-12-21 10:30:00,11,0,0,0.005077118
2024-12-21 10:45:00,11,0,0,0.0091777155
2024-12-21 11:00:00,11,0,0,0.027937725
2024-12-21 11:15:00,11,0,0,0.025379403
2024-12-21 11:30:00,11,0,0,0.020291615
2024-12-21 11:45:00,11,1,0,0.016599016
2024-12-21 12:00:00,11,1,0,0.017082112
2024-12-21 12:15:00,11,1,0,0.008965929
2024-12-21 12:30:00,11,1,0,0.00775215
2024-12-21 12:45:00,11,0,0,0.0014930064
2024-12-21 13:00:00,11,0,0,0.0016567126
2024-12-21 13:15:00,11,0,0,0.0027560878
2024-12-21 13:30:00,11,0,0,0.005188936
2024-12-21 13:45:00,11,1,0,0.003109471
2024-12-21 14:00:00,11,1,0,0.005330079
2024-12-21 14:15:00,11,1,0,0.00963676
2024-12-21 14:30:00,11,1,0,0.010359422
2024-12-21 14:45:00,11,1,0,0.003807409
2024-12-21 15:00:00,11,1,0,0.007276539
2024-12-21 15:15:00,11,1,0,0.0051379446
2024-12-21 15:30:00,11,1,0,0.009638446
2024-12-21 15:45:00,11,1,0,0.009466481
2024-12-21 16:00:00,11,1,0,0.014726898
2024-12-21 16:15:00,11,1,0,0.014373574
2024-12-21 16:30:00,11,0,0,0.014978141
2024-12-21 16:45:00,11,0,0,0.008944278
2024-12-21 17:00:00,11,1,0,0.010414353
2024-12-21 17:15:00,11,1,0,0.013242804
2024-12-21 17:30:00,11,1,0,0.005320049
2024-12-21 17:45:00,11,1,0,0.0053523793
2024-12-21 18:00:00,11,1,0,0.013550127
2024-12-21 18:15:00,11,1,0,0.016462535
2024-12-21 18:30:00,11,1,0,0.019237343
2024-12-21 18:45:00,11,1,0,0.015178358
2024-12-21 19:00:00,11,1,0,0.005221084
2024-12-21 19:15:00,11,1,0,0.017302677
2024-12-21 19:30:00,11,1,0,0.007200793
2024-12-21 19:45:00,11,1,0,0.007700453
2024-12-21 20:00:00,11,1,0,0.018233508
2024-12-21 20:15:00,11,1,0,0.015693035
2024-12-21 20:30:00,11,1,0,0.015472822
2024-12-21 20:45:00,11,1,0,0.016284395
2024-12-21 21:00:00,11,1,0,0.009689236
2024-12-21 21:15:00,11,1,0,0.009176469
2024-12-21 21:30:00,11,0,0,0.0072906204
2024-12-21 21:45:00,11,1,0,0.007814869
2024-12-21 22:00:00,11,1,0,0.019138742
2024-12-21 22:15:00,11,1,0,0.009259247
2024-12-21 22:30:00,11,1,0,0.010604455
2024-12-21 22:45:00,11,1,0,0.0123944655
2024-12-21 23:00:00,11,1,0,0.015305317
2024-12-21 23:15:00,11,1,0,0.015615918
2024-12-21 23:30:00,11,1,0,0.020979086
2024-12-21 23:45:00,11,0,0,0.012580012
2024-12-22 00:15:00,11,0,0,0.012451029
2024-12-22 00:30:00,11,1,0,0.010880322
2024-12-22 00:45:00,11,1,0,0.013293819
2024-12-22 01:00:00,11,1,0,0.012299547
2024-12-22 01:15:00,11,1,0,0.009253111
2024-12-22 01:30:00,11,1,0,0.0107459035
2024-12-22 01:45:00,11,0,0,0.020331811
2024-12-22 02:00:00,11,0,0,0.017124329
2024-12-22 02:15:00,11,0,0,0.071893364
2024-12-22 02:30:00,11,1,0,0.035910822
2024-12-22 02:45:00,11,1,0,0.03298435
2024-12-22 03:00:00,11,1,0,0.04040799
2024-12-22 03:15:00,11,1,0,0.035632312
2024-12-22 03:30:00,11,1,0,0.04280037
2024-12-22 03:45:00,11,1,0,0.037307307
2024-12-22 04:00:00,11,1,0,0.032787524
2024-12-22 04:15:00,11,1,0,0.0350718
2024-12-22 04:30:00,11,1,0,0.038512595
2024-12-22 04:45:00,11,0,0,0.039837793
2024-12-22 05:00:00,11,0,0,0.03684803
2024-12-22 05:15:00,11,0,0,0.06030268
2024-12-22 05:30:00,11,0,0,0.05208713
2024-12-22 05:45:00,11,1,0,0.057448413
2024-12-22 06:00:00,11,1,0,0.048157282
2024-12-22 06:15:00,11,1,0,0.049357485
2024-12-22 06:30:00,11,1,0,0.05788036
2024-12-22 06:45:00,11,1,0,0.053938136
2024-12-22 07:00:00,11,1,0,0.04049178
2024-12-22 07:15:00,11,1,0,0.028400091
2024-12-22 07:30:00,11,1,0,0.027367001
2024-12-22 07:45:00,11,1,0,0.028896077
2024-12-22 08:00:00,11,0,0,0.045947555
2024-12-22 08:15:00,11,0,0,0.04850512
2024-12-22 08:30:00,11,0,0,0.02238587
2024-12-22 08:45:00,11,0,0,0.05633079
2024-12-22 09:00:00,11,0,0,0.063112564
2024-12-22 09:15:00,11,1,0,0.04127502
2024-12-22 09:30:00,11,1,0,0.035902373
2024-12-22 09:45:00,11,1,0,0.040294677
2024-12-22 10:00:00,11,1,0,0.03044459
2024-12-22 10:15:00,11,1,0,0.022768673
2024-12-22 10:30:00,11,1,0,0.020962453
2024-12-22 10:45:00,11,1,0,0.01713003
2024-12-22 11:00:00,11,1,0,0.024967706
2024-12-22 11:15:00,11,1,0,0.027632853
2024-12-22 11:30:00,11,0,0,0.024881376
2024-12-22 11:45:00,11,1,0,0.027695198
2024-12-22 12:00:00,11,1,0,0.035069674
2024-12-22 12:15:00,11,1,0,0.03597292
2024-12-22 12:30:00,11,1,0,0.051593296
2024-12-22 12:45:00,11,0,0,0.041304532
2024-12-22 13:00:00,11,0,0,0.019411685
2024-12-22 13:15:00,11,0,0,0.00491532
2024-12-22 13:30:00,11,0,0,0.009932
2024-12-22 13:45:00,11,0,0,0.014064649
2024-12-22 14:00:00,11,0,0,0.007900185
2024-12-22 14:15:00,11,0,0,0.014532133
2024-12-22 14:30:00,11,0,0,0.005533279
2024-12-22 14:45:00,11,0,0,0.004140269
2024-12-22 15:00:00,11,0,0,0.004043495
2024-12-22 15:15:00,11,0,0,0.0045292834
2024-12-22 15:30:00,11,0,0,0.0032143772
2024-12-22 15:45:00,11,0,0,0.004261322
2024-12-22 16:00:00,11,0,0,0.00884288
2024-12-22 16:15:00,11,0,0,0.005144257
2024-12-22 16:30:00,11,0,0,0.0040747127
2024-12-22 16:45:00,11,0,0,0.0034972955
2024-12-22 17:00:00,11,0,0,0.005222881
2024-12-22 17:15:00,11,0,0,0.0049976185
2024-12-22 17:30:00,11,0,0,0.0049428153
2024-12-22 17:45:00,11,0,0,0.0037164835
2024-12-22 18:00:00,11,0,0,0.0051544528
2024-12-22 18:15:00,11,0,0,0.0061414856
2024-12-22 18:30:00,11,0,0,0.005241923
2024-12-22 18:45:00,11,0,0,0.0050468645
2024-12-22 19:00:00,11,0,0,0.005249021
2024-12-22 19:15:00,11,0,0,0.005293232
2024-12-22 19:30:00,11,0,0,0.00491924
2024-12-22 19:45:00,11,0,0,0.00434699
2024-12-22 20:00:00,11,0,0,0.0040209456
2024-12-22 20:15:00,11,0,0,0.0044739763
2024-12-22 20:30:00,11,0,0,0.006331528
2024-12-22 20:45:00,11,0,0,0.0049012573
2024-12-22 21:00:00,11,0,0,0.004409543
2024-12-22 21:15:00,11,0,0,0.0052620405
2024-12-22 21:30:00,11,0,0,0.0025875452
2024-12-22 21:45:00,11,0,0,0.0048864
2024-12-22 22:00:00,11,0,0,0.0062808855
2024-12-22 22:15:00,11,0,0,0.00645415
2024-12-22 22:30:00,11,0,0,0.0064336923
2024-12-22 22:45:00,11,0,0,0.007046426
2024-12-22 23:00:00,11,0,0,0.0039020865
2024-12-22 23:15:00,11,0,0,0.003405228
2024-12-22 23:30:00,11,0,0,0.0033847217
2024-12-22 23:45:00,11,0,0,0.003337401
2024-12-23 00:15:00,11,0,0,0.010373622
2024-12-23 00:30:00,11,0,0,0.012332379
2024-12-23 00:45:00,11,0,0,0.010543765
2024-12-23 01:00:00,11,0,0,0.010479222
2024-12-23 01:15:00,11,0,0,0.007116443
2024-12-23 01:30:00,11,0,0,0.010106996
2024-12-23 01:45:00,11,0,0,0.0046959925
2024-12-23 02:00:00,11,0,0,0.011537331
2024-12-23 02:15:00,11,0,0,0.012363337
2024-12-23 02:30:00,11,0,0,0.0114677865
2024-12-23 02:45:00,11,0,0,0.009297853
2024-12-23 03:00:00,11,0,0,0.006884798
2024-12-23 03:15:00,11,0,0,0.0042610196
2024-12-23 03:30:00,11,0,0,0.008599452
2024-12-23 03:45:00,11,0,0,0.019781789
2024-12-23 04:00:00,11,0,0,0.037521165
2024-12-23 04:15:00,11,0,0,0.03386783
2024-12-23 04:30:00,11,0,0,0.0146727385
2024-12-23 04:45:00,11,0,0,0.043582942
2024-12-23 05:00:00,11,0,0,0.043683946
2024-12-23 05:15:00,11,0,0,0.072464176
2024-12-23 05:30:00,11,0,0,0.04146445
2024-12-23 05:45:00,11,0,0,0.04201883
2024-12-23 06:00:00,11,0,0,0.049458947
2024-12-23 06:15:00,11,0,0,0.06110905
2024-12-23 06:30:00,11,0,0,0.06853975
2024-12-23 06:45:00,11,0,0,0.10858171
2024-12-23 07:00:00,11,0,0,0.08192988
2024-12-23 07:15:00,11,0,0,0.09522825
2024-12-23 07:30:00,11,1,0,0.25475073
2024-12-23 07:45:00,11,1,0,0.30322152
2024-12-23 08:00:00,11,1,0,0.30739617
2024-12-23 08:15:00,11,1,0,0.32166326
2024-12-23 08:30:00,11,1,0,0.28318703
2024-12-23 08:45:00,11,1,0,0.20603342
2024-12-23 09:00:00,11,1,0,0.14875512
2024-12-23 09:15:00,11,1,0,0.16912608
2024-12-23 09:30:00,11,1,0,0.14297709
2024-12-23 09:45:00,11,1,0,0.1375599
2024-12-23 10:00:00,11,1,0,0.122156456
2024-12-23 10:15:00,11,1,0,0.13001613
2024-12-23 10:30:00,11,0,0,0.12242313
2024-12-23 10:45:00,11,1,0,0.11100908
2024-12-23 11:00:00,11,1,0,0.17780425
2024-12-23 11:15:00,11,1,0,0.09851276
2024-12-23 11:30:00,11,1,0,0.1565444
2024-12-23 11:45:00,11,0,0,0.23672988
2024-12-23 12:00:00,11,0,0,0.19761473
2024-12-23 12:15:00,11,0,0,0.05083731
2024-12-23 12:30:00,11,0,0,0.01328971
2024-12-23 12:45:00,11,0,0,0.16650853
2024-12-23 13:00:00,11,0,0,0.021401258
2024-12-23 13:15:00,11,0,0,0.023765203
2024-12-23 13:30:00,11,0,0,0.037117645
2024-12-23 13:45:00,11,0,0,0.09900175
2024-12-23 14:00:00,11,0,0,0.02983465
2024-12-23 14:15:00,11,0,0,0.19776039
2024-12-23 14:30:00,11,0,0,0.20753859
2024-12-23 14:45:00,11,0,0,0.08951122
2024-12-23 15:00:00,11,0,0,0.020740965
2024-12-23 15:15:00,11,0,0,0.042855784
2024-12-23 15:30:00,11,0,0,0.015915671
2024-12-23 15:45:00,11,0,0,0.0041164905
2024-12-23 16:00:00,11,0,0,0.005355581
2024-12-23 16:15:00,11,0,0,0.0037511273
2024-12-23 16:30:00,11,0,0,0.0044095023
2024-12-23 16:45:00,11,0,0,0.0054564103
2024-12-23 17:00:00,11,0,0,0.004269734
2024-12-23 17:15:00,11,0,0,0.007664
2024-12-23 17:30:00,11,0,0,0.015252921
2024-12-23 17:45:00,11,0,0,0.020502014
2024-12-23 18:00:00,11,0,0,0.06944886
2024-12-23 18:15:00,11,0,0,0.039952207
2024-12-23 18:30:00,11,0,0,0.33143046
2024-12-23 18:45:00,11,0,0,0.346909
2024-12-23 19:00:00,11,0,0,0.4662292
2024-12-23 19:15:00,11,0,1,0.74470794
2024-12-23 19:30:00,11,0,1,0.5108367
2024-12-23 19:45:00,11,0,0,0.18975914
2024-12-23 20:00:00,11,0,0,0.2700137
2024-12-23 20:15:00,11,0,0,0.13727835
2024-12-23 20:30:00,11,0,0,0.26909858
2024-12-23 20:45:00,11,0,0,0.16811977
2024-12-23 21:00:00,11,0,0,0.13705777
2024-12-23 21:15:00,11,0,0,0.121534534
2024-12-23 21:30:00,11,0,0,0.28658152
2024-12-23 21:45:00,11,0,0,0.29714477
2024-12-23 22:00:00,11,0,0,0.09115064
2024-12-23 22:15:00,11,0,0,0.043315254
2024-12-23 22:30:00,11,1,1,0.6212593
2024-12-23 22:45:00,11,1,1,0.7655698
2024-12-23 23:00:00,11,1,1,0.6973236
2024-12-23 23:15:00,11,1,1,0.6343142
2024-12-23 23:30:00,11,1,1,0.49711117
2024-12-23 23:45:00,11,1,0,0.14469177
2024-12-24 01:00:00,12,0,0,0.21025935
2024-12-24 01:15:00,12,0,0,0.1595536
2024-12-24 01:30:00,12,0,0,0.18436219
2024-12-24 01:45:00,12,0,0,0.16603513
2024-12-24 02:00:00,12,0,0,0.16926844
2024-12-24 02:15:00,12,0,0,0.12312091
2024-12-24 02:30:00,12,0,0,0.14554515
2024-12-24 02:45:00,12,1,0,0.1953624
2024-12-24 03:00:00,12,1,0,0.20926495
2024-12-24 03:15:00,12,1,0,0.29756457
2024-12-24 03:30:00,12,0,0,0.20063694
2024-12-24 03:45:00,12,0,0,0.24343906
2024-12-24 04:00:00,12,1,1,0.6182965
2024-12-24 04:15:00,12,1,1,0.54648346
2024-12-24 04:30:00,12,1,1,0.5558001
2024-12-24 04:45:00,12,0,1,0.46544054
2024-12-24 05:00:00,12,0,0,0.44951376
2024-12-24 05:15:00,12,0,1,0.46801975
2024-12-24 05:30:00,12,0,0,0.21936914
2024-12-24 05:45:00,12,0,0,0.25319678
2024-12-24 06:00:00,12,0,0,0.28308284
2024-12-24 06:15:00,12,0,0,0.2256055
2024-12-24 06:30:00,12,0,0,0.22036839
2024-12-24 06:45:00,12,0,0,0.2551154
2024-12-24 07:00:00,12,0,0,0.20262748
2024-12-24 07:15:00,12,0,0,0.10370297
2024-12-24 07:30:00,12,0,0,0.08831153
2024-12-24 07:45:00,12,0,0,0.03761742
2024-12-24 08:00:00,12,0,0,0.120259956
2024-12-24 08:15:00,12,0,0,0.31856185
2024-12-24 08:30:00,12,0,0,0.12090705
2024-12-24 08:45:00,12,0,0,0.11345747
2024-12-24 09:00:00,12,0,0,0.23724313
2024-12-24 09:15:00,12,0,0,0.18413676
2024-12-24 09:30:00,12,1,0,0.16519338
2024-12-24 09:45:00,12,0,0,0.14820199
2024-12-24 10:00:00,12,1,0,0.13485788
2024-12-24 10:15:00,12,1,0,0.13143669
2024-12-24 10:30:00,12,1,0,0.13993692
2024-12-24 10:45:00,12,1,0,0.12653513
2024-12-24 11:00:00,12,0,0,0.07307199
2024-12-24 11:15:00,12,0,0,0.06753004
2024-12-24 11:30:00,12,0,0,0.10726395
2024-12-24 11:45:00,12,0,0,0.059655845
2024-12-24 12:00:00,12,0,0,0.110131115
2024-12-24 12:15:00,12,0,0,0.06412533
2024-12-24 12:30:00,12,0,0,0.02542628
2024-12-24 12:45:00,12,0,0,0.022552544
2024-12-24 13:00:00,12,0,0,0.026182223
2024-12-24 13:15:00,12,0,0,0.024145287
2024-12-24 13:30:00,12,0,0,0.039274845
2024-12-24 13:45:00,12,0,0,0.03867646
2024-12-24 14:00:00,12,0,0,0.040470526
2024-12-24 14:15:00,12,0,0,0.08480492
2024-12-24 14:30:00,12,0,0,0.12256416
2024-12-24 14:45:00,12,0,0,0.08476963
2024-12-24 15:00:00,12,0,0,0.028261319
2024-12-24 15:15:00,12,0,0,0.04344722
2024-12-24 15:30:00,12,0,0,0.25434402
2024-12-24 15:45:00,12,0,0,0.022303246
2024-12-24 16:00:00,12,0,0,0.07554247
2024-12-24 16:15:00,12,0,0,0.4180579
2024-12-24 16:30:00,12,1,0,0.41495013
2024-12-24 16:45:00,12,0,0,0.37872365
2024-12-24 17:00:00,12,0,0,0.412737
2024-12-24 17:15:00,12,0,0,0.45327315
2024-12-24 17:30:00,12,0,0,0.425741
2024-12-24 17:45:00,12,0,0,0.42376235
2024-12-24 18:00:00,12,0,1,0.5545529
2024-12-24 18:15:00,12,1,1,0.5771072
2024-12-24 18:30:00,12,1,1,0.5730138
2024-12-24 18:45:00,12,0,1,0.5223691
2024-12-24 19:00:00,12,0,1,0.640297
2024-12-24 19:15:00,12,0,1,0.5120974
2024-12-24 19:30:00,12,0,1,0.63937044
2024-12-24 19:45:00,12,0,0,0.081209555
2024-12-24 20:00:00,12,0,1,0.50873023
2024-12-24 20:15:00,12,0,0,0.34084222
2024-12-24 20:30:00,12,0,0,0.100670345
2024-12-24 20:45:00,12,0,0,0.25747463
2024-12-24 21:00:00,12,0,0,0.2454322
2024-12-24 21:15:00,12,0,0,0.061230004
2024-12-24 21:30:00,12,0,0,0.33629996
2024-12-24 21:45:00,12,0,0,0.12958962
2024-12-24 22:00:00,12,0,0,0.10730365
2024-12-24 22:15:00,12,0,0,0.35559738
2024-12-24 22:30:00,12,0,1,0.42305335
2024-12-24 22:45:00,12,0,0,0.053861875
2024-12-24 23:00:00,12,0,0,0.034330968
2024-12-24 23:15:00,12,0,0,0.0323357
2024-12-24 23:30:00,12,0,0,0.06913793
2024-12-24 23:45:00,12,0,0,0.025959281
2024-12-25 00:15:00,12,0,0,0.07610576
2024-12-25 00:30:00,12,0,0,0.17083883
2024-12-25 00:45:00,12,0,0,0.107976325
2024-12-25 01:00:00,12,0,0,0.054197602
2024-12-25 01:15:00,12,0,0,0.047731247
2024-12-25 01:30:00,12,0,0,0.18240438
2024-12-25 01:45:00,12,0,0,0.19042876
2024-12-25 02:00:00,12,0,0,0.056339566
2024-12-25 02:15:00,12,0,0,0.051914252
2024-12-25 02:30:00,12,0,0,0.057109542
2024-12-25 02:45:00,12,0,0,0.13151579
2024-12-25 03:00:00,12,0,0,0.115065575
2024-12-25 03:15:00,12,0,0,0.07575973
2024-12-25 03:30:00,12,0,0,0.044626847
2024-12-25 03:45:00,12,0,0,0.081810035
2024-12-25 04:00:00,12,0,0,0.091200255
2024-12-25 04:15:00,12,0,0,0.31112772
2024-12-25 04:30:00,12,0,0,0.36120328
2024-12-25 04:45:00,12,0,0,0.056097828
2024-12-25 05:00:00,12,0,0,0.066155136
2024-12-25 05:15:00,12,0,0,0.24054433
2024-12-25 05:30:00,12,0,1,0.76595056
2024-12-25 05:45:00,12,0,1,0.70367175
2024-12-25 06:00:00,12,1,1,0.7534942
2024-12-25 06:15:00,12,1,1,0.7537383
2024-12-25 06:30:00,12,1,1,0.73948807
2024-12-25 06:45:00,12,1,1,0.7875661
2024-12-25 07:00:00,12,1,1,0.7285253
2024-12-25 07:15:00,12,1,1,0.77703774
2024-12-25 07:30:00,12,1,1,0.81367314
2024-12-25 07:45:00,12,1,1,0.74004406
2024-12-25 08:00:00,12,1,1,0.82215536
2024-12-25 08:15:00,12,1,1,0.78112954
2024-12-25 08:30:00,12,1,1,0.7598217
2024-12-25 08:45:00,12,1,1,0.5813141
2024-12-25 09:00:00,12,1,1,0.53061557
2024-12-25 09:15:00,12,1,1,0.60587937
2024-12-25 09:30:00,12,1,1,0.5191486
2024-12-25 09:45:00,12,1,1,0.4639337
2024-12-25 10:00:00,12,1,1,0.4466428
2024-12-25 10:15:00,12,1,1,0.43227124
2024-12-25 10:30:00,12,1,1,0.37771732
2024-12-25 10:45:00,12,1,0,0.08436903
2024-12-25 11:00:00,12,0,0,0.09358653
2024-12-25 11:15:00,12,0,0,0.06467729
2024-12-25 11:30:00,12,0,0,0.045856334
2024-12-25 11:45:00,12,0,0,0.030033998
2024-12-25 12:00:00,12,0,0,0.028066514
2024-12-25 12:15:00,12,0,0,0.023001002
2024-12-25 12:30:00,12,0,0,0.020957857
2024-12-25 12:45:00,12,0,0,0.01810945
2024-12-25 13:00:00,12,0,0,0.015519614
2024-12-25 13:15:00,12,0,0,0.02603483
2024-12-25 13:30:00,12,0,0,0.034669973
2024-12-25 13:45:00,12,0,0,0.018100215
2024-12-25 14:00:00,12,0,0,0.03256105
2024-12-25 14:15:00,12,0,0,0.032345314
2024-12-25 14:30:00,12,0,0,0.07337182
2024-12-25 14:45:00,12,0,0,0.09936253
2024-12-25 15:00:00,12,0,0,0.23648079
2024-12-25 15:15:00,12,0,0,0.2888317
2024-12-25 15:30:00,12,1,0,0.28363347
2024-12-25 15:45:00,12,1,0,0.21232295
2024-12-25 16:00:00,12,0,0,0.16557552
2024-12-25 16:15:00,12,0,0,0.043735992
2024-12-25 16:30:00,12,0,0,0.07639272
2024-12-25 16:45:00,12,0,0,0.14021207
2024-12-25 17:00:00,12,0,0,0.023575664
2024-12-25 17:15:00,12,0,0,0.018143667
2024-12-25 17:30:00,12,0,0,0.044608206
2024-12-25 17:45:00,12,0,0,0.043926395
2024-12-25 18:00:00,12,0,0,0.042331476
2024-12-25 18:15:00,12,0,0,0.024332603
2024-12-25 18:30:00,12,0,0,0.075433165
2024-12-25 18:45:00,12,0,0,0.103271596
2024-12-25 19:00:00,12,0,1,0.41600832
2024-12-25 19:15:00,12,0,0,0.35306564
2024-12-25 19:30:00,12,0,0,0.09241588
2024-12-25 19:45:00,12,0,1,0.52557486
2024-12-25 20:00:00,12,0,1,0.7394194
2024-12-25 20:15:00,12,0,1,0.60856795
2024-12-25 20:30:00,12,0,1,0.53028613
2024-12-25 20:45:00,12,0,1,0.46031827
2024-12-25 21:00:00,12,0,0,0.20980632
2024-12-25 21:15:00,12,0,0,0.20705692
2024-12-25 21:30:00,12,0,1,0.64736557
2024-12-25 21:45:00,12,0,1,0.54919004
2024-12-25 22:00:00,12,0,1,0.50392896
2024-12-25 22:15:00,12,0,1,0.6204247
2024-12-25 22:30:00,12,0,1,0.72682405
2024-12-25 22:45:00,12,1,1,0.56906
2024-12-25 23:00:00,12,1,1,0.6884157
2024-12-25 23:15:00,12,1,1,0.7727866
2024-12-25 23:30:00,12,1,1,0.7258357
2024-12-25 23:45:00,12,1,1,0.7563853
2024-12-26 00:15:00,12,0,1,0.4349626
2024-12-26 00:30:00,12,0,0,0.16597022
2024-12-26 00:45:00,12,0,0,0.37565812
2024-12-26 01:00:00,12,0,1,0.41348505
2024-12-26 01:15:00,12,0,0,0.11351782
2024-12-26 01:30:00,12,0,0,0.13475879
2024-12-26 01:45:00,12,0,0,0.37035993
2024-12-26 02:00:00,12,0,1,0.73607934
2024-12-26 02:15:00,12,0,1,0.7190965
2024-12-26 02:30:00,12,0,1,0.66589624
2024-12-26 02:45:00,12,0,1,0.6249932
2024-12-26 03:00:00,12,0,1,0.80170375
2024-12-26 03:15:00,12,0,1,0.5428171
2024-12-26 03:30:00,12,0,1,0.49308577
2024-12-26 03:45:00,12,0,1,0.5073011
2024-12-26 04:00:00,12,0,1,0.69036305
2024-12-26 04:15:00,12,0,1,0.7137078
2024-12-26 04:30:00,12,1,1,0.70397216
2024-12-26 04:45:00,12,0,1,0.7784099
2024-12-26 05:00:00,12,0,1,0.62711936
2024-12-26 05:15:00,12,0,1,0.66691566
2024-12-26 05:30:00,12,0,1,0.6128698
2024-12-26 05:45:00,12,0,1,0.60035396
2024-12-26 06:00:00,12,1,1,0.5409863
2024-12-26 06:15:00,12,1,1,0.632891
2024-12-26 06:30:00,12,1,1,0.7157386
2024-12-26 06:45:00,12,0,1,0.62245035
2024-12-26 07:00:00,12,0,1,0.62873346
2024-12-26 07:15:00,12,0,1,0.67123944
2024-12-26 07:30:00,12,0,0,0.26840332
2024-12-26 07:45:00,12,0,0,0.236061
2024-12-26 08:00:00,12,0,0,0.2225015
2024-12-26 08:15:00,12,0,0,0.21308805
2024-12-26 08:30:00,12,0,0,0.04230928
2024-12-26 08:45:00,12,0,0,0.033693466
2024-12-26 09:00:00,12,0,0,0.02627486
2024-12-26 09:15:00,12,0,0,0.032100283
2024-12-26 09:30:00,12,0,0,0.033498853
2024-12-26 09:45:00,12,0,0,0.023487885
2024-12-26 10:00:00,12,0,0,0.019837692
2024-12-26 10:15:00,12,0,0,0.018505234
2024-12-26 10:30:00,12,0,0,0.019396935
2024-12-26 10:45:00,12,0,0,0.03329202
2024-12-26 11:00:00,12,0,0,0.0350536
2024-12-26 11:15:00,12,0,0,0.054429382
2024-12-26 11:30:00,12,0,0,0.17189449
2024-12-26 11:45:00,12,0,1,0.5477693
2024-12-26 12:00:00,12,0,0,0.17079915
2024-12-26 12:15:00,12,0,0,0.1105676
2024-12-26 12:30:00,12,0,0,0.15647168
2024-12-26 12:45:00,12,0,0,0.17689544
2024-12-26 13:00:00,12,0,0,0.07967206
2024-12-26 13:15:00,12,0,0,0.038893223
2024-12-26 13:30:00,12,0,0,0.039558683
2024-12-26 13:45:00,12,0,0,0.052999165
2024-12-26 14:00:00,12,0,0,0.040408913
2024-12-26 14:15:00,12,0,0,0.03469131
2024-12-26 14:30:00,12,0,0,0.034778416
2024-12-26 14:45:00,12,0,0,0.028207328
2024-12-26 15:00:00,12,0,0,0.020835804
2024-12-26 15:15:00,12,0,0,0.02062317
2024-12-26 15:30:00,12,0,0,0.021737974
2024-12-26 15:45:00,12,0,0,0.015970033
2024-12-26 16:00:00,12,0,0,0.016603298
2024-12-26 16:15:00,12,0,0,0.016564291
2024-12-26 16:30:00,12,0,0,0.017187042
2024-12-26 16:45:00,12,0,0,0.025448026
2024-12-26 17:00:00,12,0,0,0.02147852
2024-12-26 17:15:00,12,0,0,0.017585007
2024-12-26 17:30:00,12,0,0,0.017585007
2024-12-26 17:45:00,12,0,0,0.02799407
2024-12-26 18:00:00,12,0,0,0.03572683
2024-12-26 18:15:00,12,0,0,0.033856433
2024-12-26 18:30:00,12,0,0,0.04002631
2024-12-26 18:45:00,12,0,0,0.03157529
2024-12-26 19:00:00,12,0,0,0.038000725
2024-12-26 19:15:00,12,0,0,0.08527542
2024-12-26 19:30:00,12,0,0,0.083161905
2024-12-26 19:45:00,12,0,0,0.048334077
2024-12-26 20:00:00,12,0,0,0.044389553
2024-12-26 20:15:00,12,0,0,0.050672438
2024-12-26 20:30:00,12,0,0,0.058160014
2024-12-26 20:45:00,12,0,0,0.07111552
2024-12-26 21:00:00,12,0,0,0.07111552
2024-12-26 21:15:00,12,0,0,0.059492946
2024-12-26 21:30:00,12,0,0,0.08976901
2024-12-26 21:45:00,12,0,0,0.052318413
2024-12-26 22:00:00,12,0,0,0.053475577
2024-12-26 22:15:00,12,0,0,0.043362074
2024-12-26 22:30:00,12,0,0,0.05828505
2024-12-26 22:45:00,12,0,0,0.050519153
2024-12-26 23:00:00,12,0,0,0.05785622
2024-12-26 23:15:00,12,0,0,0.05947647
2024-12-26 23:30:00,12,0,0,0.07462318
2024-12-26 23:45:00,12,0,0,0.09768377
2024-12-27 00:15:00,12,0,0,0.23882183
2024-12-27 00:30:00,12,0,0,0.25964016
2024-12-27 00:45:00,12,0,0,0.30808106
2024-12-27 01:00:00,12,0,0,0.12328321
2024-12-27 01:15:00,12,0,0,0.067397915
2024-12-27 01:30:00,12,0,0,0.061719634
2024-12-27 01:45:00,12,0,0,0.14640988
2024-12-27 02:00:00,12,0,0,0.09401027
2024-12-27 02:15:00,12,0,0,0.15040624
2024-12-27 02:30:00,12,0,0,0.15118667
2024-12-27 02:45:00,12,0,0,0.13848644
2024-12-27 03:00:00,12,0,0,0.29980847
2024-12-27 03:15:00,12,0,1,0.4251577
2024-12-27 03:30:00,12,0,0,0.23070571
2024-12-27 03:45:00,12,0,0,0.2780986
2024-12-27 04:00:00,12,0,0,0.32524115
2024-12-27 04:15:00,12,0,0,0.34494796
2024-12-27 04:30:00,12,0,0,0.18121019
2024-12-27 04:45:00,12,0,0,0.28105453
2024-12-27 05:00:00,12,0,0,0.2188515
2024-12-27 05:15:00,12,0,0,0.12334988
2024-12-27 05:30:00,12,0,0,0.08167856
2024-12-27 05:45:00,12,0,0,0.25047898
2024-12-27 06:00:00,12,0,0,0.15914261
2024-12-27 06:15:00,12,0,0,0.07204735
2024-12-27 06:30:00,12,0,0,0.06914543
2024-12-27 06:45:00,12,0,0,0.063031696
2024-12-27 07:00:00,12,0,0,0.04468948
2024-12-27 07:15:00,12,0,0,0.052403744
2024-12-27 07:30:00,12,0,0,0.046113335
2024-12-27 07:45:00,12,0,0,0.041771498
2024-12-27 08:00:00,12,0,0,0.0558906
2024-12-27 08:15:00,12,0,0,0.07987177
2024-12-27 08:30:00,12,0,0,0.08103124
2024-12-27 08:45:00,12,0,0,0.06285928
2024-12-27 09:00:00,12,0,0,0.115308926
2024-12-27 09:15:00,12,0,0,0.077202395
2024-12-27 09:30:00,12,0,0,0.076312
2024-12-27 09:45:00,12,0,0,0.103811674
2024-12-27 10:00:00,12,0,0,0.11919425
2024-12-27 10:15:00,12,0,0,0.27579853
2024-12-27 10:30:00,12,0,1,0.37176728
2024-12-27 10:45:00,12,0,1,0.6131545
2024-12-27 11:00:00,12,0,1,0.5871979
2024-12-27 11:15:00,12,0,1,0.5911011
2024-12-27 11:30:00,12,0,1,0.3928734
2024-12-27 11:45:00,12,0,1,0.60331017
2024-12-27 12:00:00,12,0,1,0.64125615
2024-12-27 12:15:00,12,0,1,0.5281702
2024-12-27 12:30:00,12,0,1,0.4137788
2024-12-27 12:45:00,12,0,1,0.47617358
2024-12-27 13:00:00,12,1,0,0.32141107
2024-12-27 13:15:00,12,1,1,0.39085555
2024-12-27 13:30:00,12,1,1,0.4575121
2024-12-27 13:45:00,12,1,0,0.21131113
2024-12-27 14:00:00,12,1,1,0.442874
2024-12-27 14:15:00,12,1,1,0.42991084
2024-12-27 14:30:00,12,1,1,0.40038192
2024-12-27 14:45:00,12,1,1,0.46099576
2024-12-27 15:00:00,12,0,1,0.5328123
2024-12-27 15:15:00,12,0,1,0.47847694
2024-12-27 15:30:00,12,0,1,0.48283154
2024-12-27 15:45:00,12,0,1,0.4646291
2024-12-27 16:00:00,12,0,1,0.73639405
2024-12-27 16:15:00,12,0,1,0.84073937
2024-12-27 16:30:00,12,0,1,0.7990679
2024-12-27 16:45:00,12,0,0,0.23393366
2024-12-27 17:00:00,12,0,0,0.11010939
2024-12-27 17:15:00,12,0,0,0.06171778
2024-12-27 17:30:00,12,0,0,0.084304124
2024-12-27 17:45:00,12,0,0,0.1794761
2024-12-27 18:00:00,12,0,0,0.16876206
2024-12-27 18:15:00,12,0,0,0.23045735
2024-12-27 18:30:00,12,0,1,0.4231638
2024-12-27 18:45:00,12,0,0,0.26612884
2024-12-27 19:00:00,12,0,0,0.1265383
2024-12-27 19:15:00,12,0,0,0.089760795
2024-12-27 19:30:00,12,0,0,0.1245244
2024-12-27 19:45:00,12,0,0,0.16621679
2024-12-27 20:00:00,12,0,0,0.2986401
2024-12-27 20:15:00,12,0,1,0.72647476
2024-12-27 20:30:00,12,0,1,0.77265847
2024-12-27 20:45:00,12,1,1,0.8102298
2024-12-27 21:00:00,12,1,1,0.6259106
2024-12-27 21:15:00,12,0,1,0.42285028
2024-12-27 21:30:00,12,0,0,0.2333523
2024-12-27 21:45:00,12,0,1,0.44038567
2024-12-27 22:00:00,12,1,1,0.77205646
2024-12-27 22:15:00,12,1,1,0.7667913
2024-12-27 22:30:00,12,1,1,0.7804714
2024-12-27 22:45:00,12,0,1,0.46735436
2024-12-27 23:00:00,12,0,0,0.18734592
2024-12-27 23:15:00,12,0,0,0.14009848
2024-12-27 23:30:00,12,0,0,0.15881108
2024-12-27 23:45:00,12,0,1,0.5263579
2024-12-28 00:15:00,12,0,1,0.4594579
2024-12-28 00:30:00,12,0,1,0.6178044
2024-12-28 00:45:00,12,0,1,0.74587435
2024-12-28 01:00:00,12,0,1,0.73785937
2024-12-28 01:15:00,12,1,1,0.652404
2024-12-28 01:30:00,12,1,0,0.3606732
2024-12-28 01:45:00,12,0,1,0.53363174
2024-12-28 02:00:00,12,0,1,0.5219944
2024-12-28 02:15:00,12,0,1,0.51958627
2024-12-28 02:30:00,12,0,0,0.24985147
2024-12-28 02:45:00,12,0,0,0.20890892
2024-12-28 03:00:00,12,0,1,0.51111
2024-12-28 03:15:00,12,0,1,0.40315333
2024-12-28 03:30:00,12,0,0,0.2516892
2024-12-28 03:45:00,12,0,1,0.385631
2024-12-28 04:00:00,12,0,1,0.38696426
2024-12-28 04:15:00,12,0,0,0.22443254
2024-12-28 04:30:00,12,0,0,0.29478914
2024-12-28 04:45:00,12,0,1,0.7676064
2024-12-28 05:00:00,12,0,1,0.69233775
2024-12-28 05:15:00,12,0,1,0.7661502
2024-12-28 05:30:00,12,0,1,0.5596416
2024-12-28 05:45:00,12,0,1,0.38175747
2024-12-28 06:00:00,12,0,0,0.073293835
2024-12-28 06:15:00,12,0,0,0.114447586
2024-12-28 06:30:00,12,0,0,0.091021
2024-12-28 06:45:00,12,0,0,0.106248766
2024-12-28 07:00:00,12,0,0,0.066709474
2024-12-28 07:15:00,12,0,0,0.09023929
2024-12-28 07:30:00,12,0,0,0.19107923
2024-12-28 07:45:00,12,0,0,0.22579691
2024-12-28 08:00:00,12,0,0,0.14668502
2024-12-28 08:15:00,12,0,0,0.033324376
2024-12-28 08:30:00,12,0,0,0.065594986
2024-12-28 08:45:00,12,0,0,0.06303738
2024-12-28 09:00:00,12,0,0,0.07516474
2024-12-28 09:15:00,12,0,0,0.2188701
2024-12-28 09:30:00,12,0,0,0.18141866
2024-12-28 09:45:00,12,0,0,0.1214915
2024-12-28 10:00:00,12,0,0,0.03799045
2024-12-28 10:15:00,12,0,0,0.038729697
2024-12-28 10:30:00,12,0,0,0.044879507
2024-12-28 10:45:00,12,0,0,0.06429472
2024-12-28 11:00:00,12,0,0,0.042622857
2024-12-28 11:15:00,12,0,0,0.057190686
2024-12-28 11:30:00,12,0,0,0.050785523
2024-12-28 11:45:00,12,0,0,0.07896752
2024-12-28 12:00:00,12,0,0,0.04749803
2024-12-28 12:15:00,12,0,0,0.028138367
2024-12-28 12:30:00,12,0,0,0.02692218
2024-12-28 12:45:00,12,0,0,0.043438446
2024-12-28 13:00:00,12,0,0,0.021916
2024-12-28 13:15:00,12,0,0,0.028782008
2024-12-28 13:30:00,12,0,0,0.038197875
2024-12-28 13:45:00,12,0,0,0.019732192
2024-12-28 14:00:00,12,0,0,0.028117863
2024-12-28 14:15:00,12,0,0,0.02743261
2024-12-28 14:30:00,12,0,0,0.042637844
2024-12-28 14:45:00,12,0,0,0.034848943
2024-12-28 15:00:00,12,0,0,0.029059151
2024-12-28 15:15:00,12,0,0,0.029087882
2024-12-28 15:30:00,12,0,0,0.02674289
2024-12-28 15:45:00,12,0,0,0.03211026
2024-12-28 16:00:00,12,0,0,0.051789727
2024-12-28 16:15:00,12,0,0,0.0293813
2024-12-28 16:30:00,12,0,0,0.08184871
2024-12-28 16:45:00,12,0,0,0.23469019
2024-12-28 17:00:00,12,1,0,0.14713506
2024-12-28 17:15:00,12,1,1,0.5574141
2024-12-28 17:30:00,12,0,1,0.5324082
2024-12-28 17:45:00,12,1,1,0.5487199
2024-12-28 18:00:00,12,1,1,0.5937438
2024-12-28 18:15:00,12,0,1,0.63626665
2024-12-28 18:30:00,12,0,1,0.55365324
2024-12-28 18:45:00,12,0,0,0.2208621
2024-12-28 19:00:00,12,0,0,0.029619774
2024-12-28 19:15:00,12,0,0,0.027075864
2024-12-28 19:30:00,12,0,0,0.04793203
2024-12-28 19:45:00,12,0,0,0.29683885
2024-12-28 20:00:00,12,0,1,0.5815677
2024-12-28 20:15:00,12,0,1,0.55448735
2024-12-28 20:30:00,12,0,1,0.5443994
2024-12-28 20:45:00,12,0,0,0.0949846
2024-12-28 21:00:00,12,0,0,0.034587298
2024-12-28 21:15:00,12,0,0,0.047089648
2024-12-28 21:30:00,12,0,0,0.18295778
2024-12-28 21:45:00,12,1,0,0.38425422
2024-12-28 22:00:00,12,0,0,0.33419663
2024-12-28 22:15:00,12,0,0,0.2506625
2024-12-28 22:30:00,12,1,1,0.50450337
2024-12-28 22:45:00,12,1,1,0.4869953
2024-12-28 23:00:00,12,1,1,0.51584995
2024-12-28 23:15:00,12,1,0,0.12773566
2024-12-28 23:30:00,12,0,0,0.4403496
2024-12-28 23:45:00,12,0,1,0.51272523
2024-12-29 00:15:00,12,1,1,0.48530412
2024-12-29 00:30:00,12,1,1,0.5205038
2024-12-29 00:45:00,12,0,1,0.6175874
2024-12-29 01:00:00,12,0,1,0.53196096
2024-12-29 01:15:00,12,0,0,0.4607998
2024-12-29 01:30:00,12,0,0,0.31976798
2024-12-29 01:45:00,12,0,0,0.23637383
2024-12-29 02:00:00,12,0,1,0.53471726
2024-12-29 02:15:00,12,0,1,0.47862858
2024-12-29 02:30:00,12,0,0,0.1875007
2024-12-29 02:45:00,12,0,1,0.6644622
2024-12-29 03:00:00,12,0,1,0.6195917
2024-12-29 03:15:00,12,0,0,0.35246274
2024-12-29 03:30:00,12,0,0,0.27494258
2024-12-29 03:45:00,12,0,0,0.1980518
2024-12-29 04:00:00,12,0,1,0.5735493
2024-12-29 04:15:00,12,1,1,0.63710016
2024-12-29 04:30:00,12,1,1,0.632529
2024-12-29 04:45:00,12,1,1,0.63610995
2024-12-29 05:00:00,12,1,1,0.5911146
2024-12-29 05:15:00,12,1,1,0.6073532
2024-12-29 05:30:00,12,1,1,0.59998155
2024-12-29 05:45:00,12,1,1,0.5937191
2024-12-29 06:00:00,12,1,1,0.5981501
2024-12-29 06:15:00,12,1,1,0.635058
2024-12-29 06:30:00,12,1,1,0.6566486
2024-12-29 06:45:00,12,1,1,0.5745027
2024-12-29 07:00:00,12,1,1,0.68176776
2024-12-29 07:15:00,12,1,1,0.66349256
2024-12-29 07:30:00,12,1,1,0.6822239
2024-12-29 07:45:00,12,1,1,0.66091037
2024-12-29 08:00:00,12,1,1,0.6660663
2024-12-29 08:15:00,12,1,1,0.66606045
2024-12-29 08:30:00,12,1,1,0.70131993
2024-12-29 08:45:00,12,1,1,0.71644753
2024-12-29 09:00:00,12,1,0,0.08216874
2024-12-29 09:15:00,12,1,0,0.09482298
2024-12-29 09:30:00,12,0,0,0.14596638
2024-12-29 09:45:00,12,0,0,0.035313282
2024-12-29 10:00:00,12,0,0,0.06807893
2024-12-29 10:15:00,12,0,0,0.04310671
2024-12-29 10:30:00,12,0,0,0.031898968
2024-12-29 10:45:00,12,0,0,0.10361145
2024-12-29 11:00:00,12,0,0,0.17498726
2024-12-29 11:15:00,12,0,0,0.20064394
2024-12-29 11:30:00,12,0,0,0.32031575
2024-12-29 11:45:00,12,0,0,0.2484929
2024-12-29 12:00:00,12,0,0,0.14529802
2024-12-29 12:15:00,12,0,0,0.24715167
2024-12-29 12:30:00,12,0,0,0.12771817
2024-12-29 12:45:00,12,0,0,0.054758277
2024-12-29 13:00:00,12,0,0,0.0531959
2024-12-29 13:15:00,12,0,0,0.05994897
2024-12-29 13:30:00,12,0,0,0.12425249
2024-12-29 13:45:00,12,0,0,0.061819438
2024-12-29 14:00:00,12,0,0,0.031901903
2024-12-29 14:15:00,12,0,0,0.05991051
2024-12-29 14:30:00,12,0,0,0.13857235
2024-12-29 14:45:00,12,0,0,0.06958993
2024-12-29 15:00:00,12,0,0,0.08470873
2024-12-29 15:15:00,12,0,0,0.08551728
2024-12-29 15:30:00,12,0,0,0.37933412
2024-12-29 15:45:00,12,1,0,0.09432083
2024-12-29 16:00:00,12,0,1,0.5046532
2024-12-29 16:15:00,12,0,0,0.43686077
2024-12-29 16:30:00,12,0,0,0.30811816
2024-12-29 16:45:00,12,0,0,0.06499054
2024-12-29 17:00:00,12,0,0,0.017110296
2024-12-29 17:15:00,12,0,0,0.025278116
2024-12-29 17:30:00,12,0,0,0.4562275
2024-12-29 17:45:00,12,0,0,0.026654381
2024-12-29 18:00:00,12,0,0,0.02202883
2024-12-29 18:15:00,12,0,0,0.06817602
2024-12-29 18:30:00,12,0,0,0.057842717
2024-12-29 18:45:00,12,0,0,0.055176944
2024-12-29 19:00:00,12,0,0,0.056041278
2024-12-29 19:15:00,12,0,0,0.022292875
2024-12-29 19:30:00,12,0,0,0.05458585
2024-12-29 19:45:00,12,0,0,0.05920101
2024-12-29 20:00:00,12,0,0,0.05238834
2024-12-29 20:15:00,12,0,0,0.045888
2024-12-29 20:30:00,12,0,0,0.044352017
2024-12-29 20:45:00,12,0,0,0.04877655
2024-12-29 21:00:00,12,0,0,0.06848206
2024-12-29 21:15:00,12,0,0,0.045097638
2024-12-29 21:30:00,12,0,0,0.06513839
2024-12-29 21:45:00,12,0,0,0.0652321
2024-12-29 22:00:00,12,0,0,0.066714406
2024-12-29 22:15:00,12,0,0,0.120204926
2024-12-29 22:30:00,12,0,0,0.10947173
2024-12-29 22:45:00,12,0,0,0.04848357
2024-12-29 23:00:00,12,0,0,0.024512827
2024-12-29 23:15:00,12,0,0,0.054184493
2024-12-29 23:30:00,12,0,0,0.19654499
2024-12-29 23:45:00,12,0,0,0.04789328
2024-12-30 00:15:00,12,0,0,0.050534982
2024-12-30 00:30:00,12,0,0,0.046813224
2024-12-30 00:45:00,12,0,0,0.05742311
2024-12-30 01:00:00,12,0,0,0.04813829
2024-12-30 01:15:00,12,0,0,0.01920347
2024-12-30 01:30:00,12,0,0,0.039581522
2024-12-30 01:45:00,12,0,0,0.0382432
2024-12-30 02:00:00,12,0,0,0.023006896
2024-12-30 02:15:00,12,0,0,0.016846878
2024-12-30 02:30:00,12,0,0,0.03539853
2024-12-30 02:45:00,12,0,0,0.015502239
2024-12-30 03:00:00,12,0,0,0.01563934
2024-12-30 03:15:00,12,0,0,0.015864573
2024-12-30 03:30:00,12,0,0,0.014884038
2024-12-30 03:45:00,12,0,0,0.017776389
2024-12-30 04:00:00,12,0,0,0.02596885
2024-12-30 04:15:00,12,0,0,0.038640514
2024-12-30 04:30:00,12,0,0,0.05828759
2024-12-30 04:45:00,12,0,0,0.017227547
2024-12-30 05:00:00,12,0,0,0.035305336
2024-12-30 05:15:00,12,0,0,0.039023723
2024-12-30 05:30:00,12,0,0,0.10121022
2024-12-30 05:45:00,12,0,0,0.06306883
2024-12-30 06:00:00,12,0,0,0.043007366
2024-12-30 06:15:00,12,0,0,0.058638923
2024-12-30 06:30:00,12,0,0,0.04110888
2024-12-30 06:45:00,12,0,0,0.04149188
2024-12-30 07:00:00,12,0,0,0.09326076
2024-12-30 07:15:00,12,0,0,0.09512913
2024-12-30 07:30:00,12,0,0,0.09100063
2024-12-30 07:45:00,12,0,0,0.05460093
2024-12-30 08:00:00,12,0,0,0.05193473
2024-12-30 08:15:00,12,0,0,0.055079296
2024-12-30 08:30:00,12,0,0,0.07334829
2024-12-30 08:45:00,12,0,0,0.056568883
2024-12-30 09:00:00,12,0,0,0.056069486
2024-12-30 09:15:00,12,0,0,0.055948135
2024-12-30 09:30:00,12,0,0,0.043788794
2024-12-30 09:45:00,12,0,0,0.029453697
2024-12-30 10:00:00,12,0,0,0.02821642
2024-12-30 10:15:00,12,0,0,0.015214732
2024-12-30 10:30:00,12,0,0,0.026082719
2024-12-30 10:45:00,12,0,0,0.029175261
2024-12-30 11:00:00,12,0,0,0.0430097
2024-12-30 11:15:00,12,0,0,0.045631066
2024-12-30 11:30:00,12,0,0,0.026637109
2024-12-30 11:45:00,12,0,0,0.026711924
2024-12-30 12:00:00,12,0,0,0.026191592
2024-12-30 12:15:00,12,0,0,0.024477692
2024-12-30 12:30:00,12,0,0,0.040020227
2024-12-30 12:45:00,12,0,0,0.026385758
2024-12-30 13:00:00,12,0,0,0.022445826
2024-12-30 13:15:00,12,0,0,0.022642646
2024-12-30 13:30:00,12,0,0,0.022958567
2024-12-30 13:45:00,12,0,0,0.021348843
2024-12-30 14:00:00,12,0,0,0.06743733
2024-12-30 14:15:00,12,0,0,0.038572624
2024-12-30 14:30:00,12,0,0,0.040438063
2024-12-30 14:45:00,12,0,0,0.06261243
2024-12-30 15:00:00,12,0,0,0.024899142
2024-12-30 15:15:00,12,0,0,0.027295021
2024-12-30 15:30:00,12,0,0,0.018005703
2024-12-30 15:45:00,12,0,0,0.09608991
2024-12-30 16:00:00,12,0,0,0.09308584
2024-12-30 16:15:00,12,0,0,0.056605004
2024-12-30 16:30:00,12,0,0,0.030135274
2024-12-30 16:45:00,12,0,0,0.032715935
2024-12-30 17:00:00,12,0,0,0.036758427
2024-12-30 17:15:00,12,0,0,0.04228077
2024-12-30 17:30:00,12,0,0,0.01498165
2024-12-30 17:45:00,12,0,0,0.021018902
2024-12-30 18:00:00,12,0,0,0.03324558
2024-12-30 18:15:00,12,0,0,0.08070685
2024-12-30 18:30:00,12,0,0,0.04992384
2024-12-30 18:45:00,12,0,0,0.022200143
2024-12-30 19:00:00,12,0,0,0.020014543
2024-12-30 19:15:00,12,0,0,0.03333782
2024-12-30 19:30:00,12,0,0,0.023202738
2024-12-30 19:45:00,12,0,0,0.028200813
2024-12-30 20:00:00,12,0,0,0.055952232
2024-12-30 20:15:00,12,0,0,0.040812656
2024-12-30 20:30:00,12,0,0,0.038524132
2024-12-30 20:45:00,12,0,0,0.07935755
2024-12-30 21:00:00,12,0,0,0.08180528
2024-12-30 21:15:00,12,0,0,0.109767966
2024-12-30 21:30:00,12,0,0,0.073236175
2024-12-30 21:45:00,12,0,0,0.0712707
2024-12-30 22:00:00,12,0,0,0.07352364
2024-12-30 22:15:00,12,0,0,0.018827058
2024-12-30 22:30:00,12,0,0,0.04146494
2024-12-30 22:45:00,12,0,0,0.016698778
2024-12-30 23:00:00,12,0,0,0.014341052
2024-12-30 23:15:00,12,0,0,0.017712306
2024-12-30 23:30:00,12,0,0,0.03803734
2024-12-30 23:45:00,12,0,0,0.07004073
